2026-04-10 22:08:13,873 - ERROR - 分钟数据写入失败: (404)
Reason: Not Found
HTTP response headers: HTTPHeaderDict({'Content-Type': 'application/json; charset=utf-8', 'X-Influxdb-Build': 'OSS', 'X-Influxdb-Version': 'v2.8.0', 'X-Platform-Error-Code': 'not found', 'Date': 'Fri, 10 Apr 2026 14:08:13 GMT', 'Content-Length': '66'})
HTTP response body: {"code":"not found","message":"bucket \"weather_1min\" not found"}

2026-04-10 22:08:50,784 - ERROR - 分钟数据写入失败: (404)
Reason: Not Found
HTTP response headers: HTTPHeaderDict({'Content-Type': 'application/json; charset=utf-8', 'X-Influxdb-Build': 'OSS', 'X-Influxdb-Version': 'v2.8.0', 'X-Platform-Error-Code': 'not found', 'Date': 'Fri, 10 Apr 2026 14:08:50 GMT', 'Content-Length': '66'})
HTTP response body: {"code":"not found","message":"bucket \"weather_1min\" not found"}

2026-04-10 22:11:21,324 - ERROR - 分钟数据写入失败: (404)
Reason: Not Found
HTTP response headers: HTTPHeaderDict({'Content-Type': 'application/json; charset=utf-8', 'X-Influxdb-Build': 'OSS', 'X-Influxdb-Version': 'v2.8.0', 'X-Platform-Error-Code': 'not found', 'Date': 'Fri, 10 Apr 2026 14:11:21 GMT', 'Content-Length': '66'})
HTTP response body: {"code":"not found","message":"bucket \"weather_1min\" not found"}

2026-04-10 22:11:47,958 - ERROR - 分钟数据写入失败: (404)
Reason: Not Found
HTTP response headers: HTTPHeaderDict({'Content-Type': 'application/json; charset=utf-8', 'X-Influxdb-Build': 'OSS', 'X-Influxdb-Version': 'v2.8.0', 'X-Platform-Error-Code': 'not found', 'Date': 'Fri, 10 Apr 2026 14:11:47 GMT', 'Content-Length': '64'})
HTTP response body: {"code":"not found","message":"bucket \"weather_1m\" not found"}

2026-04-10 22:13:30,571 - INFO - 分钟数据写入成功: 2026-04-03 00:59:00
2026-04-11 00:43:21,581 - INFO - 分钟数据写入成功: 2026-04-03 00:59:00
2026-04-11 00:45:37,255 - INFO - 分钟数据写入成功: 2026-04-03 00:00:00
2026-04-11 00:45:37,435 - INFO - 分钟数据写入成功: 2026-04-03 00:01:00
2026-04-11 00:45:37,615 - INFO - 分钟数据写入成功: 2026-04-03 00:02:00
2026-04-11 00:45:37,865 - INFO - 分钟数据写入成功: 2026-04-03 00:03:00
2026-04-11 00:45:38,098 - INFO - 分钟数据写入成功: 2026-04-03 00:04:00
2026-04-11 00:45:38,292 - INFO - 分钟数据写入成功: 2026-04-03 00:05:00
2026-04-11 00:45:38,489 - INFO - 分钟数据写入成功: 2026-04-03 00:06:00
2026-04-11 00:45:38,697 - INFO - 分钟数据写入成功: 2026-04-03 00:07:00
2026-04-11 00:45:38,911 - INFO - 分钟数据写入成功: 2026-04-03 00:08:00
2026-04-11 00:45:39,156 - INFO - 分钟数据写入成功: 2026-04-03 00:09:00
2026-04-11 00:45:39,317 - INFO - 分钟数据写入成功: 2026-04-03 00:10:00
2026-04-11 00:45:39,487 - INFO - 分钟数据写入成功: 2026-04-03 00:11:00
2026-04-11 00:45:39,689 - INFO - 分钟数据写入成功: 2026-04-03 00:12:00
2026-04-11 00:45:39,889 - INFO - 分钟数据写入成功: 2026-04-03 00:13:00
2026-04-11 00:45:40,064 - INFO - 分钟数据写入成功: 2026-04-03 00:14:00
2026-04-11 00:45:40,222 - INFO - 分钟数据写入成功: 2026-04-03 00:15:00
2026-04-11 00:45:40,379 - INFO - 分钟数据写入成功: 2026-04-03 00:16:00
2026-04-11 00:45:40,599 - INFO - 分钟数据写入成功: 2026-04-03 00:17:00
2026-04-11 00:45:40,828 - INFO - 分钟数据写入成功: 2026-04-03 00:18:00
2026-04-11 00:45:41,077 - INFO - 分钟数据写入成功: 2026-04-03 00:19:00
2026-04-11 00:45:41,338 - INFO - 分钟数据写入成功: 2026-04-03 00:20:00
2026-04-11 00:45:41,617 - INFO - 分钟数据写入成功: 2026-04-03 00:21:00
2026-04-11 00:45:41,948 - INFO - 分钟数据写入成功: 2026-04-03 00:22:00
2026-04-11 00:45:42,256 - INFO - 分钟数据写入成功: 2026-04-03 00:23:00
2026-04-11 00:45:42,556 - INFO - 分钟数据写入成功: 2026-04-03 00:24:00
2026-04-11 00:45:42,920 - INFO - 分钟数据写入成功: 2026-04-03 00:25:00
2026-04-11 00:45:43,219 - INFO - 分钟数据写入成功: 2026-04-03 00:26:00
2026-04-11 00:45:43,592 - INFO - 分钟数据写入成功: 2026-04-03 00:27:00
2026-04-11 00:45:44,014 - INFO - 分钟数据写入成功: 2026-04-03 00:28:00
2026-04-11 00:45:44,395 - INFO - 分钟数据写入成功: 2026-04-03 00:29:00
2026-04-11 00:45:44,824 - INFO - 分钟数据写入成功: 2026-04-03 00:30:00
2026-04-11 00:45:45,243 - INFO - 分钟数据写入成功: 2026-04-03 00:31:00
2026-04-11 00:45:45,607 - INFO - 分钟数据写入成功: 2026-04-03 00:32:00
2026-04-11 00:45:45,925 - INFO - 分钟数据写入成功: 2026-04-03 00:33:00
2026-04-11 00:45:46,279 - INFO - 分钟数据写入成功: 2026-04-03 00:34:00
2026-04-11 00:45:46,657 - INFO - 分钟数据写入成功: 2026-04-03 00:35:00
2026-04-11 00:45:47,056 - INFO - 分钟数据写入成功: 2026-04-03 00:36:00
2026-04-11 00:45:47,454 - INFO - 分钟数据写入成功: 2026-04-03 00:37:00
2026-04-11 00:45:47,830 - INFO - 分钟数据写入成功: 2026-04-03 00:38:00
2026-04-11 00:45:48,243 - INFO - 分钟数据写入成功: 2026-04-03 00:39:00
2026-04-11 00:45:48,674 - INFO - 分钟数据写入成功: 2026-04-03 00:40:00
2026-04-11 00:45:49,072 - INFO - 分钟数据写入成功: 2026-04-03 00:41:00
2026-04-11 00:45:49,426 - INFO - 分钟数据写入成功: 2026-04-03 00:42:00
2026-04-11 00:45:49,757 - INFO - 分钟数据写入成功: 2026-04-03 00:43:00
2026-04-11 00:45:50,162 - INFO - 分钟数据写入成功: 2026-04-03 00:44:00
2026-04-11 00:45:50,542 - INFO - 分钟数据写入成功: 2026-04-03 00:45:00
2026-04-11 00:45:51,003 - INFO - 分钟数据写入成功: 2026-04-03 00:46:00
2026-04-11 00:45:51,481 - INFO - 分钟数据写入成功: 2026-04-03 00:47:00
2026-04-11 00:45:51,922 - INFO - 分钟数据写入成功: 2026-04-03 00:48:00
2026-04-11 00:45:52,348 - INFO - 分钟数据写入成功: 2026-04-03 00:49:00
2026-04-11 00:45:52,732 - INFO - 分钟数据写入成功: 2026-04-03 00:50:00
2026-04-11 00:45:53,128 - INFO - 分钟数据写入成功: 2026-04-03 00:51:00
2026-04-11 00:45:53,511 - INFO - 分钟数据写入成功: 2026-04-03 00:52:00
2026-04-11 00:45:53,884 - INFO - 分钟数据写入成功: 2026-04-03 00:53:00
2026-04-11 00:45:54,303 - INFO - 分钟数据写入成功: 2026-04-03 00:54:00
2026-04-11 00:45:54,699 - INFO - 分钟数据写入成功: 2026-04-03 00:55:00
2026-04-11 00:45:55,051 - INFO - 分钟数据写入成功: 2026-04-03 00:56:00
2026-04-11 00:45:55,432 - INFO - 分钟数据写入成功: 2026-04-03 00:57:00
2026-04-11 00:45:55,759 - INFO - 分钟数据写入成功: 2026-04-03 00:58:00
2026-04-11 00:45:56,141 - INFO - 分钟数据写入成功: 2026-04-03 00:59:00
2026-04-11 00:52:27,001 - INFO - 分钟数据写入成功: 2026-04-03 00:00:00
2026-04-11 00:52:27,273 - INFO - 分钟数据写入成功: 2026-04-03 00:01:00
2026-04-11 00:52:27,432 - INFO - 分钟数据写入成功: 2026-04-03 00:02:00
2026-04-11 00:52:27,568 - INFO - 分钟数据写入成功: 2026-04-03 00:03:00
2026-04-11 00:52:27,832 - INFO - 分钟数据写入成功: 2026-04-03 00:04:00
2026-04-11 00:52:28,128 - INFO - 分钟数据写入成功: 2026-04-03 00:05:00
2026-04-11 00:52:28,369 - INFO - 分钟数据写入成功: 2026-04-03 00:06:00
2026-04-11 00:52:28,643 - INFO - 分钟数据写入成功: 2026-04-03 00:07:00
2026-04-11 00:52:28,851 - INFO - 分钟数据写入成功: 2026-04-03 00:08:00
2026-04-11 00:52:29,062 - INFO - 分钟数据写入成功: 2026-04-03 00:09:00
2026-04-11 00:52:29,309 - INFO - 分钟数据写入成功: 2026-04-03 00:10:00
2026-04-11 00:52:29,558 - INFO - 分钟数据写入成功: 2026-04-03 00:11:00
2026-04-11 00:52:29,732 - INFO - 分钟数据写入成功: 2026-04-03 00:12:00
2026-04-11 00:52:29,964 - INFO - 分钟数据写入成功: 2026-04-03 00:13:00
2026-04-11 00:52:30,145 - INFO - 分钟数据写入成功: 2026-04-03 00:14:00
2026-04-11 00:52:30,449 - INFO - 分钟数据写入成功: 2026-04-03 00:15:00
2026-04-11 00:52:30,734 - INFO - 分钟数据写入成功: 2026-04-03 00:16:00
2026-04-11 00:52:31,013 - INFO - 分钟数据写入成功: 2026-04-03 00:17:00
2026-04-11 00:52:31,083 - INFO - 分钟数据写入成功: 2026-04-03 00:18:00
2026-04-11 00:52:31,322 - INFO - 分钟数据写入成功: 2026-04-03 00:19:00
2026-04-11 00:52:31,524 - INFO - 分钟数据写入成功: 2026-04-03 00:20:00
2026-04-11 00:52:31,874 - INFO - 分钟数据写入成功: 2026-04-03 00:21:00
2026-04-11 00:52:32,154 - INFO - 分钟数据写入成功: 2026-04-03 00:22:00
2026-04-11 00:52:32,451 - INFO - 分钟数据写入成功: 2026-04-03 00:23:00
2026-04-11 00:52:32,811 - INFO - 分钟数据写入成功: 2026-04-03 00:24:00
2026-04-11 00:52:33,164 - INFO - 分钟数据写入成功: 2026-04-03 00:25:00
2026-04-11 00:52:33,493 - INFO - 分钟数据写入成功: 2026-04-03 00:26:00
2026-04-11 00:52:33,823 - INFO - 分钟数据写入成功: 2026-04-03 00:27:00
2026-04-11 00:52:34,184 - INFO - 分钟数据写入成功: 2026-04-03 00:28:00
2026-04-11 00:52:34,510 - INFO - 分钟数据写入成功: 2026-04-03 00:29:00
2026-04-11 00:52:34,946 - INFO - 分钟数据写入成功: 2026-04-03 00:30:00
2026-04-11 00:52:35,312 - INFO - 分钟数据写入成功: 2026-04-03 00:31:00
2026-04-11 00:52:35,704 - INFO - 分钟数据写入成功: 2026-04-03 00:32:00
2026-04-11 00:52:36,069 - INFO - 分钟数据写入成功: 2026-04-03 00:33:00
2026-04-11 00:52:36,449 - INFO - 分钟数据写入成功: 2026-04-03 00:34:00
2026-04-11 00:52:36,899 - INFO - 分钟数据写入成功: 2026-04-03 00:35:00
2026-04-11 00:52:37,305 - INFO - 分钟数据写入成功: 2026-04-03 00:36:00
2026-04-11 00:52:37,711 - INFO - 分钟数据写入成功: 2026-04-03 00:37:00
2026-04-11 00:52:38,128 - INFO - 分钟数据写入成功: 2026-04-03 00:38:00
2026-04-11 00:52:38,562 - INFO - 分钟数据写入成功: 2026-04-03 00:39:00
2026-04-11 00:52:38,946 - INFO - 分钟数据写入成功: 2026-04-03 00:40:00
2026-04-11 00:52:39,320 - INFO - 分钟数据写入成功: 2026-04-03 00:41:00
2026-04-11 00:52:39,710 - INFO - 分钟数据写入成功: 2026-04-03 00:42:00
2026-04-11 00:52:40,122 - INFO - 分钟数据写入成功: 2026-04-03 00:43:00
2026-04-11 00:52:40,539 - INFO - 分钟数据写入成功: 2026-04-03 00:44:00
2026-04-11 00:52:40,918 - INFO - 分钟数据写入成功: 2026-04-03 00:45:00
2026-04-11 00:52:41,309 - INFO - 分钟数据写入成功: 2026-04-03 00:46:00
2026-04-11 00:52:41,703 - INFO - 分钟数据写入成功: 2026-04-03 00:47:00
2026-04-11 00:52:42,163 - INFO - 分钟数据写入成功: 2026-04-03 00:48:00
2026-04-11 00:52:42,589 - INFO - 分钟数据写入成功: 2026-04-03 00:49:00
2026-04-11 00:52:43,033 - INFO - 分钟数据写入成功: 2026-04-03 00:50:00
2026-04-11 00:52:43,512 - INFO - 分钟数据写入成功: 2026-04-03 00:51:00
2026-04-11 00:52:43,962 - INFO - 分钟数据写入成功: 2026-04-03 00:52:00
2026-04-11 00:52:44,392 - INFO - 分钟数据写入成功: 2026-04-03 00:53:00
2026-04-11 00:52:44,834 - INFO - 分钟数据写入成功: 2026-04-03 00:54:00
2026-04-11 00:52:45,247 - INFO - 分钟数据写入成功: 2026-04-03 00:55:00
2026-04-11 00:52:45,675 - INFO - 分钟数据写入成功: 2026-04-03 00:56:00
2026-04-11 00:52:46,108 - INFO - 分钟数据写入成功: 2026-04-03 00:57:00
2026-04-11 00:52:46,530 - INFO - 分钟数据写入成功: 2026-04-03 00:58:00
2026-04-11 00:52:46,976 - INFO - 分钟数据写入成功: 2026-04-03 00:59:00
2026-04-11 00:54:19,331 - INFO - 分钟数据写入成功: 2026-04-03 00:00:00
2026-04-11 00:54:19,602 - INFO - 分钟数据写入成功: 2026-04-03 00:01:00
2026-04-11 00:54:19,888 - INFO - 分钟数据写入成功: 2026-04-03 00:02:00
2026-04-11 00:54:20,118 - INFO - 分钟数据写入成功: 2026-04-03 00:03:00
2026-04-11 00:54:20,327 - INFO - 分钟数据写入成功: 2026-04-03 00:04:00
2026-04-11 00:54:20,514 - INFO - 分钟数据写入成功: 2026-04-03 00:05:00
2026-04-11 00:54:20,743 - INFO - 分钟数据写入成功: 2026-04-03 00:06:00
2026-04-11 00:54:20,914 - INFO - 分钟数据写入成功: 2026-04-03 00:07:00
2026-04-11 00:54:21,174 - INFO - 分钟数据写入成功: 2026-04-03 00:08:00
2026-04-11 00:54:21,415 - INFO - 分钟数据写入成功: 2026-04-03 00:09:00
2026-04-11 00:54:21,647 - INFO - 分钟数据写入成功: 2026-04-03 00:10:00
2026-04-11 00:54:21,833 - INFO - 分钟数据写入成功: 2026-04-03 00:11:00
2026-04-11 00:54:22,101 - INFO - 分钟数据写入成功: 2026-04-03 00:12:00
2026-04-11 00:54:22,356 - INFO - 分钟数据写入成功: 2026-04-03 00:13:00
2026-04-11 00:54:22,573 - INFO - 分钟数据写入成功: 2026-04-03 00:14:00
2026-04-11 00:54:22,821 - INFO - 分钟数据写入成功: 2026-04-03 00:15:00
2026-04-11 00:54:23,089 - INFO - 分钟数据写入成功: 2026-04-03 00:16:00
2026-04-11 00:54:23,302 - INFO - 分钟数据写入成功: 2026-04-03 00:17:00
2026-04-11 00:54:23,520 - INFO - 分钟数据写入成功: 2026-04-03 00:18:00
2026-04-11 00:54:23,706 - INFO - 分钟数据写入成功: 2026-04-03 00:19:00
2026-04-11 00:54:23,950 - INFO - 分钟数据写入成功: 2026-04-03 00:20:00
2026-04-11 00:54:24,245 - INFO - 分钟数据写入成功: 2026-04-03 00:21:00
2026-04-11 00:54:24,524 - INFO - 分钟数据写入成功: 2026-04-03 00:22:00
2026-04-11 00:54:24,905 - INFO - 分钟数据写入成功: 2026-04-03 00:23:00
2026-04-11 00:54:25,272 - INFO - 分钟数据写入成功: 2026-04-03 00:24:00
2026-04-11 00:54:25,655 - INFO - 分钟数据写入成功: 2026-04-03 00:25:00
2026-04-11 00:54:25,945 - INFO - 分钟数据写入成功: 2026-04-03 00:26:00
2026-04-11 00:54:26,317 - INFO - 分钟数据写入成功: 2026-04-03 00:27:00
2026-04-11 00:54:26,728 - INFO - 分钟数据写入成功: 2026-04-03 00:28:00
2026-04-11 00:54:27,155 - INFO - 分钟数据写入成功: 2026-04-03 00:29:00
2026-04-11 00:54:27,575 - INFO - 分钟数据写入成功: 2026-04-03 00:30:00
2026-04-11 00:54:27,920 - INFO - 分钟数据写入成功: 2026-04-03 00:31:00
2026-04-11 00:54:28,252 - INFO - 分钟数据写入成功: 2026-04-03 00:32:00
2026-04-11 00:54:28,641 - INFO - 分钟数据写入成功: 2026-04-03 00:33:00
2026-04-11 00:54:29,060 - INFO - 分钟数据写入成功: 2026-04-03 00:34:00
2026-04-11 00:54:29,475 - INFO - 分钟数据写入成功: 2026-04-03 00:35:00
2026-04-11 00:54:29,945 - INFO - 分钟数据写入成功: 2026-04-03 00:36:00
2026-04-11 00:54:30,403 - INFO - 分钟数据写入成功: 2026-04-03 00:37:00
2026-04-11 00:54:30,861 - INFO - 分钟数据写入成功: 2026-04-03 00:38:00
2026-04-11 00:54:31,293 - INFO - 分钟数据写入成功: 2026-04-03 00:39:00
2026-04-11 00:54:31,716 - INFO - 分钟数据写入成功: 2026-04-03 00:40:00
2026-04-11 00:54:32,163 - INFO - 分钟数据写入成功: 2026-04-03 00:41:00
2026-04-11 00:54:32,615 - INFO - 分钟数据写入成功: 2026-04-03 00:42:00
2026-04-11 00:54:33,101 - INFO - 分钟数据写入成功: 2026-04-03 00:43:00
2026-04-11 00:54:33,580 - INFO - 分钟数据写入成功: 2026-04-03 00:44:00
2026-04-11 00:54:33,969 - INFO - 分钟数据写入成功: 2026-04-03 00:45:00
2026-04-11 00:54:34,436 - INFO - 分钟数据写入成功: 2026-04-03 00:46:00
2026-04-11 00:54:34,813 - INFO - 分钟数据写入成功: 2026-04-03 00:47:00
2026-04-11 00:54:35,234 - INFO - 分钟数据写入成功: 2026-04-03 00:48:00
2026-04-11 00:54:35,683 - INFO - 分钟数据写入成功: 2026-04-03 00:49:00
2026-04-11 00:54:36,131 - INFO - 分钟数据写入成功: 2026-04-03 00:50:00
2026-04-11 00:54:36,533 - INFO - 分钟数据写入成功: 2026-04-03 00:51:00
2026-04-11 00:54:36,935 - INFO - 分钟数据写入成功: 2026-04-03 00:52:00
2026-04-11 00:54:37,378 - INFO - 分钟数据写入成功: 2026-04-03 00:53:00
2026-04-11 00:54:37,824 - INFO - 分钟数据写入成功: 2026-04-03 00:54:00
2026-04-11 00:54:38,278 - INFO - 分钟数据写入成功: 2026-04-03 00:55:00
2026-04-11 00:54:38,707 - INFO - 分钟数据写入成功: 2026-04-03 00:56:00
2026-04-11 00:54:39,081 - INFO - 分钟数据写入成功: 2026-04-03 00:57:00
2026-04-11 00:54:39,516 - INFO - 分钟数据写入成功: 2026-04-03 00:58:00
2026-04-11 00:54:39,893 - INFO - 分钟数据写入成功: 2026-04-03 00:59:00
2026-04-11 00:57:57,193 - INFO - 分钟数据写入成功: 2026-04-03 00:00:00
2026-04-11 00:57:57,458 - INFO - 分钟数据写入成功: 2026-04-03 00:01:00
2026-04-11 00:57:57,763 - INFO - 分钟数据写入成功: 2026-04-03 00:02:00
2026-04-11 00:57:58,031 - INFO - 分钟数据写入成功: 2026-04-03 00:03:00
2026-04-11 00:57:58,239 - INFO - 分钟数据写入成功: 2026-04-03 00:04:00
2026-04-11 00:57:58,446 - INFO - 分钟数据写入成功: 2026-04-03 00:05:00
2026-04-11 00:57:58,704 - INFO - 分钟数据写入成功: 2026-04-03 00:06:00
2026-04-11 00:57:58,929 - INFO - 分钟数据写入成功: 2026-04-03 00:07:00
2026-04-11 00:57:59,149 - INFO - 分钟数据写入成功: 2026-04-03 00:08:00
2026-04-11 00:57:59,401 - INFO - 分钟数据写入成功: 2026-04-03 00:09:00
2026-04-11 00:57:59,697 - INFO - 分钟数据写入成功: 2026-04-03 00:10:00
2026-04-11 00:57:59,923 - INFO - 分钟数据写入成功: 2026-04-03 00:11:00
2026-04-11 00:58:00,130 - INFO - 分钟数据写入成功: 2026-04-03 00:12:00
2026-04-11 00:58:00,329 - INFO - 分钟数据写入成功: 2026-04-03 00:13:00
2026-04-11 00:58:00,594 - INFO - 分钟数据写入成功: 2026-04-03 00:14:00
2026-04-11 00:58:00,792 - INFO - 分钟数据写入成功: 2026-04-03 00:15:00
2026-04-11 00:58:01,031 - INFO - 分钟数据写入成功: 2026-04-03 00:16:00
2026-04-11 00:58:01,182 - INFO - 分钟数据写入成功: 2026-04-03 00:17:00
2026-04-11 00:58:01,349 - INFO - 分钟数据写入成功: 2026-04-03 00:18:00
2026-04-11 00:58:01,593 - INFO - 分钟数据写入成功: 2026-04-03 00:19:00
2026-04-11 00:58:01,861 - INFO - 分钟数据写入成功: 2026-04-03 00:20:00
2026-04-11 00:58:02,175 - INFO - 分钟数据写入成功: 2026-04-03 00:21:00
2026-04-11 00:58:02,550 - INFO - 分钟数据写入成功: 2026-04-03 00:22:00
2026-04-11 00:58:02,860 - INFO - 分钟数据写入成功: 2026-04-03 00:23:00
2026-04-11 00:58:03,287 - INFO - 分钟数据写入成功: 2026-04-03 00:24:00
2026-04-11 00:58:03,690 - INFO - 分钟数据写入成功: 2026-04-03 00:25:00
2026-04-11 00:58:04,006 - INFO - 分钟数据写入成功: 2026-04-03 00:26:00
2026-04-11 00:58:04,377 - INFO - 分钟数据写入成功: 2026-04-03 00:27:00
2026-04-11 00:58:04,739 - INFO - 分钟数据写入成功: 2026-04-03 00:28:00
2026-04-11 00:58:05,173 - INFO - 分钟数据写入成功: 2026-04-03 00:29:00
2026-04-11 00:58:05,585 - INFO - 分钟数据写入成功: 2026-04-03 00:30:00
2026-04-11 00:58:06,001 - INFO - 分钟数据写入成功: 2026-04-03 00:31:00
2026-04-11 00:58:06,344 - INFO - 分钟数据写入成功: 2026-04-03 00:32:00
2026-04-11 00:58:06,754 - INFO - 分钟数据写入成功: 2026-04-03 00:33:00
2026-04-11 00:58:07,192 - INFO - 分钟数据写入成功: 2026-04-03 00:34:00
2026-04-11 00:58:07,584 - INFO - 分钟数据写入成功: 2026-04-03 00:35:00
2026-04-11 00:58:08,064 - INFO - 分钟数据写入成功: 2026-04-03 00:36:00
2026-04-11 00:58:08,470 - INFO - 分钟数据写入成功: 2026-04-03 00:37:00
2026-04-11 00:58:08,865 - INFO - 分钟数据写入成功: 2026-04-03 00:38:00
2026-04-11 00:58:09,274 - INFO - 分钟数据写入成功: 2026-04-03 00:39:00
2026-04-11 00:58:09,739 - INFO - 分钟数据写入成功: 2026-04-03 00:40:00
2026-04-11 00:58:10,164 - INFO - 分钟数据写入成功: 2026-04-03 00:41:00
2026-04-11 00:58:10,620 - INFO - 分钟数据写入成功: 2026-04-03 00:42:00
2026-04-11 00:58:10,977 - INFO - 分钟数据写入成功: 2026-04-03 00:43:00
2026-04-11 00:58:11,371 - INFO - 分钟数据写入成功: 2026-04-03 00:44:00
2026-04-11 00:58:11,714 - INFO - 分钟数据写入成功: 2026-04-03 00:45:00
2026-04-11 00:58:12,112 - INFO - 分钟数据写入成功: 2026-04-03 00:46:00
2026-04-11 00:58:12,480 - INFO - 分钟数据写入成功: 2026-04-03 00:47:00
2026-04-11 00:58:12,917 - INFO - 分钟数据写入成功: 2026-04-03 00:48:00
2026-04-11 00:58:13,322 - INFO - 分钟数据写入成功: 2026-04-03 00:49:00
2026-04-11 00:58:13,787 - INFO - 分钟数据写入成功: 2026-04-03 00:50:00
2026-04-11 00:58:14,195 - INFO - 分钟数据写入成功: 2026-04-03 00:51:00
2026-04-11 00:58:14,597 - INFO - 分钟数据写入成功: 2026-04-03 00:52:00
2026-04-11 00:58:14,996 - INFO - 分钟数据写入成功: 2026-04-03 00:53:00
2026-04-11 00:58:15,397 - INFO - 分钟数据写入成功: 2026-04-03 00:54:00
2026-04-11 00:58:15,789 - INFO - 分钟数据写入成功: 2026-04-03 00:55:00
2026-04-11 00:58:16,249 - INFO - 分钟数据写入成功: 2026-04-03 00:56:00
2026-04-11 00:58:16,688 - INFO - 分钟数据写入成功: 2026-04-03 00:57:00
2026-04-11 00:58:17,075 - INFO - 分钟数据写入成功: 2026-04-03 00:58:00
2026-04-11 00:58:17,508 - INFO - 分钟数据写入成功: 2026-04-03 00:59:00
2026-04-11 01:00:57,585 - INFO - 分钟数据写入成功: 2026-04-03 00:00:00
2026-04-11 01:00:57,792 - INFO - 分钟数据写入成功: 2026-04-03 00:01:00
2026-04-11 01:00:58,070 - INFO - 分钟数据写入成功: 2026-04-03 00:02:00
2026-04-11 01:00:58,301 - INFO - 分钟数据写入成功: 2026-04-03 00:03:00
2026-04-11 01:00:58,541 - INFO - 分钟数据写入成功: 2026-04-03 00:04:00
2026-04-11 01:00:58,802 - INFO - 分钟数据写入成功: 2026-04-03 00:05:00
2026-04-11 01:00:59,035 - INFO - 分钟数据写入成功: 2026-04-03 00:06:00
2026-04-11 01:00:59,204 - INFO - 分钟数据写入成功: 2026-04-03 00:07:00
2026-04-11 01:00:59,419 - INFO - 分钟数据写入成功: 2026-04-03 00:08:00
2026-04-11 01:00:59,573 - INFO - 分钟数据写入成功: 2026-04-03 00:09:00
2026-04-11 01:00:59,798 - INFO - 分钟数据写入成功: 2026-04-03 00:10:00
2026-04-11 01:00:59,998 - INFO - 分钟数据写入成功: 2026-04-03 00:11:00
2026-04-11 01:01:00,224 - INFO - 分钟数据写入成功: 2026-04-03 00:12:00
2026-04-11 01:01:00,451 - INFO - 分钟数据写入成功: 2026-04-03 00:13:00
2026-04-11 01:01:00,581 - INFO - 分钟数据写入成功: 2026-04-03 00:14:00
2026-04-11 01:01:00,818 - INFO - 分钟数据写入成功: 2026-04-03 00:15:00
2026-04-11 01:01:00,999 - INFO - 分钟数据写入成功: 2026-04-03 00:16:00
2026-04-11 01:01:01,178 - INFO - 分钟数据写入成功: 2026-04-03 00:17:00
2026-04-11 01:01:01,414 - INFO - 分钟数据写入成功: 2026-04-03 00:18:00
2026-04-11 01:01:01,634 - INFO - 分钟数据写入成功: 2026-04-03 00:19:00
2026-04-11 01:01:01,945 - INFO - 分钟数据写入成功: 2026-04-03 00:20:00
2026-04-11 01:01:02,274 - INFO - 分钟数据写入成功: 2026-04-03 00:21:00
2026-04-11 01:01:02,648 - INFO - 分钟数据写入成功: 2026-04-03 00:22:00
2026-04-11 01:01:03,099 - INFO - 分钟数据写入成功: 2026-04-03 00:23:00
2026-04-11 01:01:03,452 - INFO - 分钟数据写入成功: 2026-04-03 00:24:00
2026-04-11 01:01:03,838 - INFO - 分钟数据写入成功: 2026-04-03 00:25:00
2026-04-11 01:01:04,255 - INFO - 分钟数据写入成功: 2026-04-03 00:26:00
2026-04-11 01:01:04,671 - INFO - 分钟数据写入成功: 2026-04-03 00:27:00
2026-04-11 01:01:05,152 - INFO - 分钟数据写入成功: 2026-04-03 00:28:00
2026-04-11 01:01:05,615 - INFO - 分钟数据写入成功: 2026-04-03 00:29:00
2026-04-11 01:01:06,129 - INFO - 分钟数据写入成功: 2026-04-03 00:30:00
2026-04-11 01:01:06,613 - INFO - 分钟数据写入成功: 2026-04-03 00:31:00
2026-04-11 01:01:07,069 - INFO - 分钟数据写入成功: 2026-04-03 00:32:00
2026-04-11 01:01:07,522 - INFO - 分钟数据写入成功: 2026-04-03 00:33:00
2026-04-11 01:01:07,986 - INFO - 分钟数据写入成功: 2026-04-03 00:34:00
2026-04-11 01:01:08,443 - INFO - 分钟数据写入成功: 2026-04-03 00:35:00
2026-04-11 01:01:08,939 - INFO - 分钟数据写入成功: 2026-04-03 00:36:00
2026-04-11 01:01:09,462 - INFO - 分钟数据写入成功: 2026-04-03 00:37:00
2026-04-11 01:01:09,903 - INFO - 分钟数据写入成功: 2026-04-03 00:38:00
2026-04-11 01:01:10,403 - INFO - 分钟数据写入成功: 2026-04-03 00:39:00
2026-04-11 01:01:10,905 - INFO - 分钟数据写入成功: 2026-04-03 00:40:00
2026-04-11 01:01:11,645 - INFO - 分钟数据写入成功: 2026-04-03 00:41:00
2026-04-11 01:01:12,191 - INFO - 分钟数据写入成功: 2026-04-03 00:42:00
2026-04-11 01:01:12,688 - INFO - 分钟数据写入成功: 2026-04-03 00:43:00
2026-04-11 01:01:13,210 - INFO - 分钟数据写入成功: 2026-04-03 00:44:00
2026-04-11 01:01:13,713 - INFO - 分钟数据写入成功: 2026-04-03 00:45:00
2026-04-11 01:01:14,189 - INFO - 分钟数据写入成功: 2026-04-03 00:46:00
2026-04-11 01:01:14,717 - INFO - 分钟数据写入成功: 2026-04-03 00:47:00
2026-04-11 01:01:15,181 - INFO - 分钟数据写入成功: 2026-04-03 00:48:00
2026-04-11 01:01:15,679 - INFO - 分钟数据写入成功: 2026-04-03 00:49:00
2026-04-11 01:01:16,211 - INFO - 分钟数据写入成功: 2026-04-03 00:50:00
2026-04-11 01:01:16,749 - INFO - 分钟数据写入成功: 2026-04-03 00:51:00
2026-04-11 01:01:17,202 - INFO - 分钟数据写入成功: 2026-04-03 00:52:00
2026-04-11 01:01:17,718 - INFO - 分钟数据写入成功: 2026-04-03 00:53:00
2026-04-11 01:01:18,132 - INFO - 分钟数据写入成功: 2026-04-03 00:54:00
2026-04-11 01:01:18,551 - INFO - 分钟数据写入成功: 2026-04-03 00:55:00
2026-04-11 01:01:18,962 - INFO - 分钟数据写入成功: 2026-04-03 00:56:00
2026-04-11 01:01:19,391 - INFO - 分钟数据写入成功: 2026-04-03 00:57:00
2026-04-11 01:01:19,782 - INFO - 分钟数据写入成功: 2026-04-03 00:58:00
2026-04-11 01:01:20,233 - INFO - 分钟数据写入成功: 2026-04-03 00:59:00
2026-04-11 01:01:46,900 - INFO - 分钟数据写入成功: 2026-04-03 00:00:00
2026-04-11 01:01:47,206 - INFO - 分钟数据写入成功: 2026-04-03 00:01:00
2026-04-11 01:01:47,478 - INFO - 分钟数据写入成功: 2026-04-03 00:02:00
2026-04-11 01:01:47,757 - INFO - 分钟数据写入成功: 2026-04-03 00:03:00
2026-04-11 01:01:47,976 - INFO - 分钟数据写入成功: 2026-04-03 00:04:00
2026-04-11 01:01:48,182 - INFO - 分钟数据写入成功: 2026-04-03 00:05:00
2026-04-11 01:01:48,467 - INFO - 分钟数据写入成功: 2026-04-03 00:06:00
2026-04-11 01:01:48,646 - INFO - 分钟数据写入成功: 2026-04-03 00:07:00
2026-04-11 01:01:48,848 - INFO - 分钟数据写入成功: 2026-04-03 00:08:00
2026-04-11 01:01:49,118 - INFO - 分钟数据写入成功: 2026-04-03 00:09:00
2026-04-11 01:01:49,304 - INFO - 分钟数据写入成功: 2026-04-03 00:10:00
2026-04-11 01:01:49,566 - INFO - 分钟数据写入成功: 2026-04-03 00:11:00
2026-04-11 01:01:49,774 - INFO - 分钟数据写入成功: 2026-04-03 00:12:00
2026-04-11 01:01:50,071 - INFO - 分钟数据写入成功: 2026-04-03 00:13:00
2026-04-11 01:01:50,223 - INFO - 分钟数据写入成功: 2026-04-03 00:14:00
2026-04-11 01:01:50,439 - INFO - 分钟数据写入成功: 2026-04-03 00:15:00
2026-04-11 01:01:50,733 - INFO - 分钟数据写入成功: 2026-04-03 00:16:00
2026-04-11 01:01:50,908 - INFO - 分钟数据写入成功: 2026-04-03 00:17:00
2026-04-11 01:01:51,177 - INFO - 分钟数据写入成功: 2026-04-03 00:18:00
2026-04-11 01:01:51,393 - INFO - 分钟数据写入成功: 2026-04-03 00:19:00
2026-04-11 01:01:51,759 - INFO - 分钟数据写入成功: 2026-04-03 00:20:00
2026-04-11 01:01:52,103 - INFO - 分钟数据写入成功: 2026-04-03 00:21:00
2026-04-11 01:01:52,446 - INFO - 分钟数据写入成功: 2026-04-03 00:22:00
2026-04-11 01:01:52,813 - INFO - 分钟数据写入成功: 2026-04-03 00:23:00
2026-04-11 01:01:53,239 - INFO - 分钟数据写入成功: 2026-04-03 00:24:00
2026-04-11 01:01:53,638 - INFO - 分钟数据写入成功: 2026-04-03 00:25:00
2026-04-11 01:01:53,989 - INFO - 分钟数据写入成功: 2026-04-03 00:26:00
2026-04-11 01:01:54,388 - INFO - 分钟数据写入成功: 2026-04-03 00:27:00
2026-04-11 01:01:54,830 - INFO - 分钟数据写入成功: 2026-04-03 00:28:00
2026-04-11 01:01:55,283 - INFO - 分钟数据写入成功: 2026-04-03 00:29:00
2026-04-11 01:01:55,749 - INFO - 分钟数据写入成功: 2026-04-03 00:30:00
2026-04-11 01:01:56,230 - INFO - 分钟数据写入成功: 2026-04-03 00:31:00
2026-04-11 01:01:56,665 - INFO - 分钟数据写入成功: 2026-04-03 00:32:00
2026-04-11 01:01:57,124 - INFO - 分钟数据写入成功: 2026-04-03 00:33:00
2026-04-11 01:01:57,602 - INFO - 分钟数据写入成功: 2026-04-03 00:34:00
2026-04-11 01:01:58,067 - INFO - 分钟数据写入成功: 2026-04-03 00:35:00
2026-04-11 01:01:58,470 - INFO - 分钟数据写入成功: 2026-04-03 00:36:00
2026-04-11 01:01:58,906 - INFO - 分钟数据写入成功: 2026-04-03 00:37:00
2026-04-11 01:01:59,400 - INFO - 分钟数据写入成功: 2026-04-03 00:38:00
2026-04-11 01:01:59,926 - INFO - 分钟数据写入成功: 2026-04-03 00:39:00
2026-04-11 01:02:00,461 - INFO - 分钟数据写入成功: 2026-04-03 00:40:00
2026-04-11 01:02:00,945 - INFO - 分钟数据写入成功: 2026-04-03 00:41:00
2026-04-11 01:02:01,488 - INFO - 分钟数据写入成功: 2026-04-03 00:42:00
2026-04-11 01:02:01,927 - INFO - 分钟数据写入成功: 2026-04-03 00:43:00
2026-04-11 01:02:02,463 - INFO - 分钟数据写入成功: 2026-04-03 00:44:00
2026-04-11 01:02:02,933 - INFO - 分钟数据写入成功: 2026-04-03 00:45:00
2026-04-11 01:02:03,358 - INFO - 分钟数据写入成功: 2026-04-03 00:46:00
2026-04-11 01:02:03,791 - INFO - 分钟数据写入成功: 2026-04-03 00:47:00
2026-04-11 01:02:04,277 - INFO - 分钟数据写入成功: 2026-04-03 00:48:00
2026-04-11 01:02:04,707 - INFO - 分钟数据写入成功: 2026-04-03 00:49:00
2026-04-11 01:02:05,146 - INFO - 分钟数据写入成功: 2026-04-03 00:50:00
2026-04-11 01:02:05,617 - INFO - 分钟数据写入成功: 2026-04-03 00:51:00
2026-04-11 01:02:06,146 - INFO - 分钟数据写入成功: 2026-04-03 00:52:00
2026-04-11 01:02:06,669 - INFO - 分钟数据写入成功: 2026-04-03 00:53:00
2026-04-11 01:02:07,161 - INFO - 分钟数据写入成功: 2026-04-03 00:54:00
2026-04-11 01:02:07,684 - INFO - 分钟数据写入成功: 2026-04-03 00:55:00
2026-04-11 01:02:08,128 - INFO - 分钟数据写入成功: 2026-04-03 00:56:00
2026-04-11 01:02:08,555 - INFO - 分钟数据写入成功: 2026-04-03 00:57:00
2026-04-11 01:02:09,067 - INFO - 分钟数据写入成功: 2026-04-03 00:58:00
2026-04-11 01:02:09,553 - INFO - 分钟数据写入成功: 2026-04-03 00:59:00
2026-04-11 01:03:35,045 - INFO - 分钟数据写入成功: 2026-04-03 00:00:00
2026-04-11 01:03:35,334 - INFO - 分钟数据写入成功: 2026-04-03 00:01:00
2026-04-11 01:03:35,542 - INFO - 分钟数据写入成功: 2026-04-03 00:02:00
2026-04-11 01:03:35,760 - INFO - 分钟数据写入成功: 2026-04-03 00:03:00
2026-04-11 01:03:35,962 - INFO - 分钟数据写入成功: 2026-04-03 00:04:00
2026-04-11 01:03:36,264 - INFO - 分钟数据写入成功: 2026-04-03 00:05:00
2026-04-11 01:03:36,513 - INFO - 分钟数据写入成功: 2026-04-03 00:06:00
2026-04-11 01:03:36,808 - INFO - 分钟数据写入成功: 2026-04-03 00:07:00
2026-04-11 01:03:36,995 - INFO - 分钟数据写入成功: 2026-04-03 00:08:00
2026-04-11 01:03:37,275 - INFO - 分钟数据写入成功: 2026-04-03 00:09:00
2026-04-11 01:03:37,455 - INFO - 分钟数据写入成功: 2026-04-03 00:10:00
2026-04-11 01:03:37,735 - INFO - 分钟数据写入成功: 2026-04-03 00:11:00
2026-04-11 01:03:37,973 - INFO - 分钟数据写入成功: 2026-04-03 00:12:00
2026-04-11 01:03:38,179 - INFO - 分钟数据写入成功: 2026-04-03 00:13:00
2026-04-11 01:03:38,451 - INFO - 分钟数据写入成功: 2026-04-03 00:14:00
2026-04-11 01:03:38,626 - INFO - 分钟数据写入成功: 2026-04-03 00:15:00
2026-04-11 01:03:38,957 - INFO - 分钟数据写入成功: 2026-04-03 00:16:00
2026-04-11 01:03:39,141 - INFO - 分钟数据写入成功: 2026-04-03 00:17:00
2026-04-11 01:03:39,325 - INFO - 分钟数据写入成功: 2026-04-03 00:18:00
2026-04-11 01:03:39,599 - INFO - 分钟数据写入成功: 2026-04-03 00:19:00
2026-04-11 01:03:39,836 - INFO - 分钟数据写入成功: 2026-04-03 00:20:00
2026-04-11 01:03:40,093 - INFO - 分钟数据写入成功: 2026-04-03 00:21:00
2026-04-11 01:03:40,394 - INFO - 分钟数据写入成功: 2026-04-03 00:22:00
2026-04-11 01:03:40,682 - INFO - 分钟数据写入成功: 2026-04-03 00:23:00
2026-04-11 01:03:41,033 - INFO - 分钟数据写入成功: 2026-04-03 00:24:00
2026-04-11 01:03:41,343 - INFO - 分钟数据写入成功: 2026-04-03 00:25:00
2026-04-11 01:03:41,658 - INFO - 分钟数据写入成功: 2026-04-03 00:26:00
2026-04-11 01:03:41,971 - INFO - 分钟数据写入成功: 2026-04-03 00:27:00
2026-04-11 01:03:42,366 - INFO - 分钟数据写入成功: 2026-04-03 00:28:00
2026-04-11 01:03:42,744 - INFO - 分钟数据写入成功: 2026-04-03 00:29:00
2026-04-11 01:03:43,142 - INFO - 分钟数据写入成功: 2026-04-03 00:30:00
2026-04-11 01:03:43,501 - INFO - 分钟数据写入成功: 2026-04-03 00:31:00
2026-04-11 01:03:43,919 - INFO - 分钟数据写入成功: 2026-04-03 00:32:00
2026-04-11 01:03:44,371 - INFO - 分钟数据写入成功: 2026-04-03 00:33:00
2026-04-11 01:03:44,786 - INFO - 分钟数据写入成功: 2026-04-03 00:34:00
2026-04-11 01:03:45,219 - INFO - 分钟数据写入成功: 2026-04-03 00:35:00
2026-04-11 01:03:45,608 - INFO - 分钟数据写入成功: 2026-04-03 00:36:00
2026-04-11 01:03:46,053 - INFO - 分钟数据写入成功: 2026-04-03 00:37:00
2026-04-11 01:03:46,499 - INFO - 分钟数据写入成功: 2026-04-03 00:38:00
2026-04-11 01:03:46,944 - INFO - 分钟数据写入成功: 2026-04-03 00:39:00
2026-04-11 01:03:47,398 - INFO - 分钟数据写入成功: 2026-04-03 00:40:00
2026-04-11 01:03:47,799 - INFO - 分钟数据写入成功: 2026-04-03 00:41:00
2026-04-11 01:03:48,202 - INFO - 分钟数据写入成功: 2026-04-03 00:42:00
2026-04-11 01:03:48,648 - INFO - 分钟数据写入成功: 2026-04-03 00:43:00
2026-04-11 01:03:49,061 - INFO - 分钟数据写入成功: 2026-04-03 00:44:00
2026-04-11 01:03:49,488 - INFO - 分钟数据写入成功: 2026-04-03 00:45:00
2026-04-11 01:03:49,868 - INFO - 分钟数据写入成功: 2026-04-03 00:46:00
2026-04-11 01:03:50,287 - INFO - 分钟数据写入成功: 2026-04-03 00:47:00
2026-04-11 01:03:50,696 - INFO - 分钟数据写入成功: 2026-04-03 00:48:00
2026-04-11 01:03:51,094 - INFO - 分钟数据写入成功: 2026-04-03 00:49:00
2026-04-11 01:03:51,501 - INFO - 分钟数据写入成功: 2026-04-03 00:50:00
2026-04-11 01:03:51,987 - INFO - 分钟数据写入成功: 2026-04-03 00:51:00
2026-04-11 01:03:52,447 - INFO - 分钟数据写入成功: 2026-04-03 00:52:00
2026-04-11 01:03:52,876 - INFO - 分钟数据写入成功: 2026-04-03 00:53:00
2026-04-11 01:03:53,331 - INFO - 分钟数据写入成功: 2026-04-03 00:54:00
2026-04-11 01:03:53,744 - INFO - 分钟数据写入成功: 2026-04-03 00:55:00
2026-04-11 01:03:54,194 - INFO - 分钟数据写入成功: 2026-04-03 00:56:00
2026-04-11 01:03:54,601 - INFO - 分钟数据写入成功: 2026-04-03 00:57:00
2026-04-11 01:03:55,058 - INFO - 分钟数据写入成功: 2026-04-03 00:58:00
2026-04-11 01:03:55,525 - INFO - 分钟数据写入成功: 2026-04-03 00:59:00
2026-04-11 01:07:18,088 - INFO - 分钟数据写入成功: 2026-04-03 00:00:00
2026-04-11 01:07:18,326 - INFO - 分钟数据写入成功: 2026-04-03 00:01:00
2026-04-11 01:07:18,594 - INFO - 分钟数据写入成功: 2026-04-03 00:02:00
2026-04-11 01:07:18,830 - INFO - 分钟数据写入成功: 2026-04-03 00:03:00
2026-04-11 01:07:19,093 - INFO - 分钟数据写入成功: 2026-04-03 00:04:00
2026-04-11 01:07:19,274 - INFO - 分钟数据写入成功: 2026-04-03 00:05:00
2026-04-11 01:07:19,494 - INFO - 分钟数据写入成功: 2026-04-03 00:06:00
2026-04-11 01:07:19,725 - INFO - 分钟数据写入成功: 2026-04-03 00:07:00
2026-04-11 01:07:19,974 - INFO - 分钟数据写入成功: 2026-04-03 00:08:00
2026-04-11 01:07:20,201 - INFO - 分钟数据写入成功: 2026-04-03 00:09:00
2026-04-11 01:07:20,397 - INFO - 分钟数据写入成功: 2026-04-03 00:10:00
2026-04-11 01:07:20,591 - INFO - 分钟数据写入成功: 2026-04-03 00:11:00
2026-04-11 01:07:20,809 - INFO - 分钟数据写入成功: 2026-04-03 00:12:00
2026-04-11 01:07:21,060 - INFO - 分钟数据写入成功: 2026-04-03 00:13:00
2026-04-11 01:07:21,300 - INFO - 分钟数据写入成功: 2026-04-03 00:14:00
2026-04-11 01:07:21,620 - INFO - 分钟数据写入成功: 2026-04-03 00:15:00
2026-04-11 01:07:21,829 - INFO - 分钟数据写入成功: 2026-04-03 00:16:00
2026-04-11 01:07:22,013 - INFO - 分钟数据写入成功: 2026-04-03 00:17:00
2026-04-11 01:07:22,217 - INFO - 分钟数据写入成功: 2026-04-03 00:18:00
2026-04-11 01:07:22,442 - INFO - 分钟数据写入成功: 2026-04-03 00:19:00
2026-04-11 01:07:22,789 - INFO - 分钟数据写入成功: 2026-04-03 00:20:00
2026-04-11 01:07:23,183 - INFO - 分钟数据写入成功: 2026-04-03 00:21:00
2026-04-11 01:07:23,563 - INFO - 分钟数据写入成功: 2026-04-03 00:22:00
2026-04-11 01:07:23,999 - INFO - 分钟数据写入成功: 2026-04-03 00:23:00
2026-04-11 01:07:24,444 - INFO - 分钟数据写入成功: 2026-04-03 00:24:00
2026-04-11 01:07:24,817 - INFO - 分钟数据写入成功: 2026-04-03 00:25:00
2026-04-11 01:07:25,250 - INFO - 分钟数据写入成功: 2026-04-03 00:26:00
2026-04-11 01:07:25,674 - INFO - 分钟数据写入成功: 2026-04-03 00:27:00
2026-04-11 01:07:26,104 - INFO - 分钟数据写入成功: 2026-04-03 00:28:00
2026-04-11 01:07:26,569 - INFO - 分钟数据写入成功: 2026-04-03 00:29:00
2026-04-11 01:07:27,056 - INFO - 分钟数据写入成功: 2026-04-03 00:30:00
2026-04-11 01:07:27,514 - INFO - 分钟数据写入成功: 2026-04-03 00:31:00
2026-04-11 01:07:28,026 - INFO - 分钟数据写入成功: 2026-04-03 00:32:00
2026-04-11 01:07:28,507 - INFO - 分钟数据写入成功: 2026-04-03 00:33:00
2026-04-11 01:07:28,924 - INFO - 分钟数据写入成功: 2026-04-03 00:34:00
2026-04-11 01:07:29,384 - INFO - 分钟数据写入成功: 2026-04-03 00:35:00
2026-04-11 01:07:29,820 - INFO - 分钟数据写入成功: 2026-04-03 00:36:00
2026-04-11 01:07:30,339 - INFO - 分钟数据写入成功: 2026-04-03 00:37:00
2026-04-11 01:07:30,924 - INFO - 分钟数据写入成功: 2026-04-03 00:38:00
2026-04-11 01:07:31,376 - INFO - 分钟数据写入成功: 2026-04-03 00:39:00
2026-04-11 01:07:31,827 - INFO - 分钟数据写入成功: 2026-04-03 00:40:00
2026-04-11 01:07:32,366 - INFO - 分钟数据写入成功: 2026-04-03 00:41:00
2026-04-11 01:07:32,779 - INFO - 分钟数据写入成功: 2026-04-03 00:42:00
2026-04-11 01:07:33,208 - INFO - 分钟数据写入成功: 2026-04-03 00:43:00
2026-04-11 01:07:33,612 - INFO - 分钟数据写入成功: 2026-04-03 00:44:00
2026-04-11 01:07:34,045 - INFO - 分钟数据写入成功: 2026-04-03 00:45:00
2026-04-11 01:07:34,484 - INFO - 分钟数据写入成功: 2026-04-03 00:46:00
2026-04-11 01:07:34,950 - INFO - 分钟数据写入成功: 2026-04-03 00:47:00
2026-04-11 01:07:35,360 - INFO - 分钟数据写入成功: 2026-04-03 00:48:00
2026-04-11 01:07:35,737 - INFO - 分钟数据写入成功: 2026-04-03 00:49:00
2026-04-11 01:07:36,136 - INFO - 分钟数据写入成功: 2026-04-03 00:50:00
2026-04-11 01:07:36,579 - INFO - 分钟数据写入成功: 2026-04-03 00:51:00
2026-04-11 01:07:36,966 - INFO - 分钟数据写入成功: 2026-04-03 00:52:00
2026-04-11 01:07:37,402 - INFO - 分钟数据写入成功: 2026-04-03 00:53:00
2026-04-11 01:07:37,869 - INFO - 分钟数据写入成功: 2026-04-03 00:54:00
2026-04-11 01:07:38,282 - INFO - 分钟数据写入成功: 2026-04-03 00:55:00
2026-04-11 01:07:38,756 - INFO - 分钟数据写入成功: 2026-04-03 00:56:00
2026-04-11 01:07:39,215 - INFO - 分钟数据写入成功: 2026-04-03 00:57:00
2026-04-11 01:07:39,631 - INFO - 分钟数据写入成功: 2026-04-03 00:58:00
2026-04-11 01:07:40,072 - INFO - 分钟数据写入成功: 2026-04-03 00:59:00
2026-04-11 14:27:52,419 - WARNING - 时间段 2026-04-03 00:00 ~ 2026-04-03 01:00 无数据，跳过处理
2026-04-11 14:41:40,231 - WARNING - 时间段 2026-04-02 23:01:00 ~ 2026-04-03 00:01:00 无数据，跳过处理
2026-04-11 14:41:53,660 - WARNING - 时间段 2026-04-02 23:01:00 ~ 2026-04-03 00:01:00 无数据，跳过处理
2026-04-11 14:52:30,420 - WARNING - 时间段 2026-04-03 00:00:00 ~ 2026-04-03 00:01:00 无数据，跳过处理
2026-04-11 15:02:06,650 - INFO - 小时统计结果（含出现时间）[2026-04-03 01:00:00]: {'hour': '202604030100', 'max_temperature': np.float64(21.4), 'max_temperature_time': '20260403 00:44:00', 'min_temperature': np.float64(20.7), 'min_temperature_time': '20260403 00:20:00', 'max_humidity': np.float64(55.0), 'max_humidity_time': '20260403 00:27:00', 'min_humidity': np.float64(48.1), 'min_humidity_time': '20260403 00:59:00', 'max_pressure': np.float64(1005.4), 'max_pressure_time': '20260403 00:21:00', 'min_pressure': np.float64(1004.7), 'min_pressure_time': '20260403 00:56:00', 'max_instantaneous_rainfall': np.float64(0.4), 'max_instantaneous_rainfall_time': '20260403 00:21:00', 'max_speed': np.float64(5.1), 'max_speed_time': '20260403 00:20:00', 'max_level': np.float64(3.0), 'max_direction': '南西南', 'max_angle': np.float64(200.3)}
2026-04-11 15:46:28,678 - INFO - 分钟数据写入成功: 2026-04-03 00:00:00
2026-04-11 15:46:28,901 - INFO - 分钟数据写入成功: 2026-04-03 00:01:00
2026-04-11 15:46:29,146 - INFO - 分钟数据写入成功: 2026-04-03 00:02:00
2026-04-11 15:46:29,363 - INFO - 分钟数据写入成功: 2026-04-03 00:03:00
2026-04-11 15:46:29,493 - INFO - 分钟数据写入成功: 2026-04-03 00:04:00
2026-04-11 15:46:29,694 - INFO - 分钟数据写入成功: 2026-04-03 00:05:00
2026-04-11 15:46:29,858 - INFO - 分钟数据写入成功: 2026-04-03 00:06:00
2026-04-11 15:46:30,138 - INFO - 分钟数据写入成功: 2026-04-03 00:07:00
2026-04-11 15:46:30,382 - INFO - 分钟数据写入成功: 2026-04-03 00:08:00
2026-04-11 15:46:30,615 - INFO - 分钟数据写入成功: 2026-04-03 00:09:00
2026-04-11 15:46:30,848 - INFO - 分钟数据写入成功: 2026-04-03 00:10:00
2026-04-11 15:46:31,024 - INFO - 分钟数据写入成功: 2026-04-03 00:11:00
2026-04-11 15:46:31,244 - INFO - 分钟数据写入成功: 2026-04-03 00:12:00
2026-04-11 15:46:31,456 - INFO - 分钟数据写入成功: 2026-04-03 00:13:00
2026-04-11 15:46:31,745 - INFO - 分钟数据写入成功: 2026-04-03 00:14:00
2026-04-11 15:46:32,002 - INFO - 分钟数据写入成功: 2026-04-03 00:15:00
2026-04-11 15:46:32,202 - INFO - 分钟数据写入成功: 2026-04-03 00:16:00
2026-04-11 15:46:32,388 - INFO - 分钟数据写入成功: 2026-04-03 00:17:00
2026-04-11 15:46:32,652 - INFO - 分钟数据写入成功: 2026-04-03 00:18:00
2026-04-11 15:46:32,847 - INFO - 分钟数据写入成功: 2026-04-03 00:19:00
2026-04-11 15:46:33,130 - INFO - 分钟数据写入成功: 2026-04-03 00:20:00
2026-04-11 15:46:33,490 - INFO - 分钟数据写入成功: 2026-04-03 00:21:00
2026-04-11 15:46:33,865 - INFO - 分钟数据写入成功: 2026-04-03 00:22:00
2026-04-11 15:46:34,191 - INFO - 分钟数据写入成功: 2026-04-03 00:23:00
2026-04-11 15:46:34,490 - INFO - 分钟数据写入成功: 2026-04-03 00:24:00
2026-04-11 15:46:34,883 - INFO - 分钟数据写入成功: 2026-04-03 00:25:00
2026-04-11 15:46:35,161 - INFO - 分钟数据写入成功: 2026-04-03 00:26:00
2026-04-11 15:46:35,540 - INFO - 分钟数据写入成功: 2026-04-03 00:27:00
2026-04-11 15:46:35,883 - INFO - 分钟数据写入成功: 2026-04-03 00:28:00
2026-04-11 15:46:36,327 - INFO - 分钟数据写入成功: 2026-04-03 00:29:00
2026-04-11 15:46:36,731 - INFO - 分钟数据写入成功: 2026-04-03 00:30:00
2026-04-11 15:46:37,080 - INFO - 分钟数据写入成功: 2026-04-03 00:31:00
2026-04-11 15:46:37,512 - INFO - 分钟数据写入成功: 2026-04-03 00:32:00
2026-04-11 15:46:37,965 - INFO - 分钟数据写入成功: 2026-04-03 00:33:00
2026-04-11 15:46:38,353 - INFO - 分钟数据写入成功: 2026-04-03 00:34:00
2026-04-11 15:46:38,762 - INFO - 分钟数据写入成功: 2026-04-03 00:35:00
2026-04-11 15:46:39,182 - INFO - 分钟数据写入成功: 2026-04-03 00:36:00
2026-04-11 15:46:39,633 - INFO - 分钟数据写入成功: 2026-04-03 00:37:00
2026-04-11 15:46:40,059 - INFO - 分钟数据写入成功: 2026-04-03 00:38:00
2026-04-11 15:46:40,434 - INFO - 分钟数据写入成功: 2026-04-03 00:39:00
2026-04-11 15:46:40,850 - INFO - 分钟数据写入成功: 2026-04-03 00:40:00
2026-04-11 15:46:41,267 - INFO - 分钟数据写入成功: 2026-04-03 00:41:00
2026-04-11 15:46:41,725 - INFO - 分钟数据写入成功: 2026-04-03 00:42:00
2026-04-11 15:46:42,217 - INFO - 分钟数据写入成功: 2026-04-03 00:43:00
2026-04-11 15:46:42,585 - INFO - 分钟数据写入成功: 2026-04-03 00:44:00
2026-04-11 15:46:43,011 - INFO - 分钟数据写入成功: 2026-04-03 00:45:00
2026-04-11 15:46:43,445 - INFO - 分钟数据写入成功: 2026-04-03 00:46:00
2026-04-11 15:46:43,860 - INFO - 分钟数据写入成功: 2026-04-03 00:47:00
2026-04-11 15:46:44,318 - INFO - 分钟数据写入成功: 2026-04-03 00:48:00
2026-04-11 15:46:44,748 - INFO - 分钟数据写入成功: 2026-04-03 00:49:00
2026-04-11 15:46:45,174 - INFO - 分钟数据写入成功: 2026-04-03 00:50:00
2026-04-11 15:46:45,603 - INFO - 分钟数据写入成功: 2026-04-03 00:51:00
2026-04-11 15:46:45,982 - INFO - 分钟数据写入成功: 2026-04-03 00:52:00
2026-04-11 15:46:46,422 - INFO - 分钟数据写入成功: 2026-04-03 00:53:00
2026-04-11 15:46:46,871 - INFO - 分钟数据写入成功: 2026-04-03 00:54:00
2026-04-11 15:46:47,307 - INFO - 分钟数据写入成功: 2026-04-03 00:55:00
2026-04-11 15:46:47,801 - INFO - 分钟数据写入成功: 2026-04-03 00:56:00
2026-04-11 15:46:48,301 - INFO - 分钟数据写入成功: 2026-04-03 00:57:00
2026-04-11 15:46:48,695 - INFO - 分钟数据写入成功: 2026-04-03 00:58:00
2026-04-11 15:46:49,182 - INFO - 分钟数据写入成功: 2026-04-03 00:59:00
2026-04-11 15:51:26,491 - INFO - 小时统计结果（含出现时间）[2026-04-03 01:00:00]: {'hour': '202604030100', 'max_temperature': np.float64(21.4), 'max_temperature_time': '20260403 00:44:00', 'min_temperature': np.float64(20.7), 'min_temperature_time': '20260403 00:20:00', 'max_humidity': np.float64(55.0), 'max_humidity_time': '20260403 00:27:00', 'min_humidity': np.float64(48.1), 'min_humidity_time': '20260403 00:59:00', 'max_pressure': np.float64(1005.4), 'max_pressure_time': '20260403 00:21:00', 'min_pressure': np.float64(1004.7), 'min_pressure_time': '20260403 00:56:00', 'max_instantaneous_rainfall': np.float64(0.4), 'max_instantaneous_rainfall_time': '20260403 00:21:00', 'max_wind': np.float64(5.1), 'max_wind_time': '20260403 00:19:48', 'max_level': np.float64(3.0), 'max_direction': '东北', 'max_angle': np.float64(49.2)}
2026-04-11 19:50:01,906 - INFO - 分钟数据写入成功: 2026-04-03 00:00:00
2026-04-11 19:50:02,137 - INFO - 分钟数据写入成功: 2026-04-03 00:01:00
2026-04-11 19:50:02,321 - INFO - 分钟数据写入成功: 2026-04-03 00:02:00
2026-04-11 19:50:02,571 - INFO - 分钟数据写入成功: 2026-04-03 00:03:00
2026-04-11 19:50:02,905 - INFO - 分钟数据写入成功: 2026-04-03 00:04:00
2026-04-11 19:50:03,188 - INFO - 分钟数据写入成功: 2026-04-03 00:05:00
2026-04-11 19:50:03,396 - INFO - 分钟数据写入成功: 2026-04-03 00:06:00
2026-04-11 19:50:03,644 - INFO - 分钟数据写入成功: 2026-04-03 00:07:00
2026-04-11 19:50:03,891 - INFO - 分钟数据写入成功: 2026-04-03 00:08:00
2026-04-11 19:50:04,202 - INFO - 分钟数据写入成功: 2026-04-03 00:09:00
2026-04-11 19:50:04,442 - INFO - 分钟数据写入成功: 2026-04-03 00:10:00
2026-04-11 19:50:04,640 - INFO - 分钟数据写入成功: 2026-04-03 00:11:00
2026-04-11 19:50:04,871 - INFO - 分钟数据写入成功: 2026-04-03 00:12:00
2026-04-11 19:50:05,127 - INFO - 分钟数据写入成功: 2026-04-03 00:13:00
2026-04-11 19:50:05,404 - INFO - 分钟数据写入成功: 2026-04-03 00:14:00
2026-04-11 19:50:05,673 - INFO - 分钟数据写入成功: 2026-04-03 00:15:00
2026-04-11 19:50:05,865 - INFO - 分钟数据写入成功: 2026-04-03 00:16:00
2026-04-11 19:50:06,065 - INFO - 分钟数据写入成功: 2026-04-03 00:17:00
2026-04-11 19:50:06,324 - INFO - 分钟数据写入成功: 2026-04-03 00:18:00
2026-04-11 19:50:06,574 - INFO - 分钟数据写入成功: 2026-04-03 00:19:00
2026-04-11 19:50:07,331 - INFO - 分钟数据写入成功: 2026-04-03 00:20:00
2026-04-11 19:50:08,103 - INFO - 分钟数据写入成功: 2026-04-03 00:21:00
2026-04-11 19:50:08,757 - INFO - 分钟数据写入成功: 2026-04-03 00:22:00
2026-04-11 19:50:09,427 - INFO - 分钟数据写入成功: 2026-04-03 00:23:00
2026-04-11 19:50:10,307 - INFO - 分钟数据写入成功: 2026-04-03 00:24:00
2026-04-11 19:50:10,995 - INFO - 分钟数据写入成功: 2026-04-03 00:25:00
2026-04-11 19:50:11,338 - INFO - 分钟数据写入成功: 2026-04-03 00:26:00
2026-04-11 19:50:12,094 - INFO - 分钟数据写入成功: 2026-04-03 00:27:00
2026-04-11 19:50:12,853 - INFO - 分钟数据写入成功: 2026-04-03 00:28:00
2026-04-11 19:50:13,652 - INFO - 分钟数据写入成功: 2026-04-03 00:29:00
2026-04-11 19:50:14,424 - INFO - 分钟数据写入成功: 2026-04-03 00:30:00
2026-04-11 19:50:15,359 - INFO - 分钟数据写入成功: 2026-04-03 00:31:00
2026-04-11 19:50:16,281 - INFO - 分钟数据写入成功: 2026-04-03 00:32:00
2026-04-11 19:50:17,212 - INFO - 分钟数据写入成功: 2026-04-03 00:33:00
2026-04-11 19:50:18,109 - INFO - 分钟数据写入成功: 2026-04-03 00:34:00
2026-04-11 19:50:18,977 - INFO - 分钟数据写入成功: 2026-04-03 00:35:00
2026-04-11 19:50:19,769 - INFO - 分钟数据写入成功: 2026-04-03 00:36:00
2026-04-11 19:50:20,689 - INFO - 分钟数据写入成功: 2026-04-03 00:37:00
2026-04-11 19:50:21,563 - INFO - 分钟数据写入成功: 2026-04-03 00:38:00
2026-04-11 19:50:22,474 - INFO - 分钟数据写入成功: 2026-04-03 00:39:00
2026-04-11 19:50:23,570 - INFO - 分钟数据写入成功: 2026-04-03 00:40:00
2026-04-11 19:50:24,474 - INFO - 分钟数据写入成功: 2026-04-03 00:41:00
2026-04-11 19:50:25,334 - INFO - 分钟数据写入成功: 2026-04-03 00:42:00
2026-04-11 19:50:26,322 - INFO - 分钟数据写入成功: 2026-04-03 00:43:00
2026-04-11 19:50:27,253 - INFO - 分钟数据写入成功: 2026-04-03 00:44:00
2026-04-11 19:50:28,051 - INFO - 分钟数据写入成功: 2026-04-03 00:45:00
2026-04-11 19:50:29,098 - INFO - 分钟数据写入成功: 2026-04-03 00:46:00
2026-04-11 19:50:30,167 - INFO - 分钟数据写入成功: 2026-04-03 00:47:00
2026-04-11 19:50:31,128 - INFO - 分钟数据写入成功: 2026-04-03 00:48:00
2026-04-11 19:50:31,966 - INFO - 分钟数据写入成功: 2026-04-03 00:49:00
2026-04-11 19:50:32,953 - INFO - 分钟数据写入成功: 2026-04-03 00:50:00
2026-04-11 19:50:33,845 - INFO - 分钟数据写入成功: 2026-04-03 00:51:00
2026-04-11 19:50:34,783 - INFO - 分钟数据写入成功: 2026-04-03 00:52:00
2026-04-11 19:50:35,835 - INFO - 分钟数据写入成功: 2026-04-03 00:53:00
2026-04-11 19:50:36,729 - INFO - 分钟数据写入成功: 2026-04-03 00:54:00
2026-04-11 19:50:37,718 - INFO - 分钟数据写入成功: 2026-04-03 00:55:00
2026-04-11 19:50:38,660 - INFO - 分钟数据写入成功: 2026-04-03 00:56:00
2026-04-11 19:50:39,613 - INFO - 分钟数据写入成功: 2026-04-03 00:57:00
2026-04-11 19:50:40,590 - INFO - 分钟数据写入成功: 2026-04-03 00:58:00
2026-04-11 19:50:41,583 - INFO - 分钟数据写入成功: 2026-04-03 00:59:00
2026-04-11 19:56:02,285 - ERROR - 分钟数据写入失败: get_time_before() missing 1 required positional argument: 'time_str'
2026-04-11 19:56:02,547 - ERROR - 分钟数据写入失败: get_time_before() missing 1 required positional argument: 'time_str'
2026-04-11 19:56:02,789 - ERROR - 分钟数据写入失败: get_time_before() missing 1 required positional argument: 'time_str'
2026-04-11 19:56:03,023 - ERROR - 分钟数据写入失败: get_time_before() missing 1 required positional argument: 'time_str'
2026-04-11 19:56:03,160 - ERROR - 分钟数据写入失败: get_time_before() missing 1 required positional argument: 'time_str'
2026-04-11 19:56:03,392 - ERROR - 分钟数据写入失败: get_time_before() missing 1 required positional argument: 'time_str'
2026-04-11 19:56:03,649 - ERROR - 分钟数据写入失败: get_time_before() missing 1 required positional argument: 'time_str'
2026-04-11 19:56:03,865 - ERROR - 分钟数据写入失败: get_time_before() missing 1 required positional argument: 'time_str'
2026-04-11 19:56:03,987 - ERROR - 分钟数据写入失败: get_time_before() missing 1 required positional argument: 'time_str'
2026-04-11 19:56:04,183 - ERROR - 分钟数据写入失败: get_time_before() missing 1 required positional argument: 'time_str'
2026-04-11 19:56:04,385 - ERROR - 分钟数据写入失败: get_time_before() missing 1 required positional argument: 'time_str'
2026-04-11 19:56:04,572 - ERROR - 分钟数据写入失败: get_time_before() missing 1 required positional argument: 'time_str'
2026-04-11 19:56:04,784 - ERROR - 分钟数据写入失败: get_time_before() missing 1 required positional argument: 'time_str'
2026-04-11 19:56:04,996 - ERROR - 分钟数据写入失败: get_time_before() missing 1 required positional argument: 'time_str'
2026-04-11 19:56:05,200 - ERROR - 分钟数据写入失败: get_time_before() missing 1 required positional argument: 'time_str'
2026-04-11 19:56:05,403 - ERROR - 分钟数据写入失败: get_time_before() missing 1 required positional argument: 'time_str'
2026-04-11 19:56:05,586 - ERROR - 分钟数据写入失败: get_time_before() missing 1 required positional argument: 'time_str'
2026-04-11 19:56:05,830 - ERROR - 分钟数据写入失败: get_time_before() missing 1 required positional argument: 'time_str'
2026-04-11 19:56:06,005 - ERROR - 分钟数据写入失败: get_time_before() missing 1 required positional argument: 'time_str'
2026-04-11 19:56:06,274 - ERROR - 分钟数据写入失败: get_time_before() missing 1 required positional argument: 'time_str'
2026-04-11 19:56:15,463 - ERROR - 分钟数据写入失败: (400)
Reason: Bad Request
HTTP response headers: HTTPHeaderDict({'Content-Type': 'application/json; charset=utf-8', 'X-Influxdb-Build': 'OSS', 'X-Influxdb-Version': 'v2.8.0', 'X-Platform-Error-Code': 'invalid', 'Date': 'Sat, 11 Apr 2026 11:56:15 GMT', 'Content-Length': '172'})
HTTP response body: {"code":"invalid","message":"error decoding json body: invalid RFC3339Nano for field start, please format your time with RFC3339Nano format, example: 2009-01-02T23:00:00Z"}

2026-04-11 19:56:15,614 - ERROR - 分钟数据写入失败: (400)
Reason: Bad Request
HTTP response headers: HTTPHeaderDict({'Content-Type': 'application/json; charset=utf-8', 'X-Influxdb-Build': 'OSS', 'X-Influxdb-Version': 'v2.8.0', 'X-Platform-Error-Code': 'invalid', 'Date': 'Sat, 11 Apr 2026 11:56:15 GMT', 'Content-Length': '172'})
HTTP response body: {"code":"invalid","message":"error decoding json body: invalid RFC3339Nano for field start, please format your time with RFC3339Nano format, example: 2009-01-02T23:00:00Z"}

2026-04-11 19:56:15,831 - ERROR - 分钟数据写入失败: (400)
Reason: Bad Request
HTTP response headers: HTTPHeaderDict({'Content-Type': 'application/json; charset=utf-8', 'X-Influxdb-Build': 'OSS', 'X-Influxdb-Version': 'v2.8.0', 'X-Platform-Error-Code': 'invalid', 'Date': 'Sat, 11 Apr 2026 11:56:15 GMT', 'Content-Length': '172'})
HTTP response body: {"code":"invalid","message":"error decoding json body: invalid RFC3339Nano for field start, please format your time with RFC3339Nano format, example: 2009-01-02T23:00:00Z"}

2026-04-11 19:56:16,158 - ERROR - 分钟数据写入失败: (400)
Reason: Bad Request
HTTP response headers: HTTPHeaderDict({'Content-Type': 'application/json; charset=utf-8', 'X-Influxdb-Build': 'OSS', 'X-Influxdb-Version': 'v2.8.0', 'X-Platform-Error-Code': 'invalid', 'Date': 'Sat, 11 Apr 2026 11:56:16 GMT', 'Content-Length': '172'})
HTTP response body: {"code":"invalid","message":"error decoding json body: invalid RFC3339Nano for field start, please format your time with RFC3339Nano format, example: 2009-01-02T23:00:00Z"}

2026-04-11 19:56:16,396 - ERROR - 分钟数据写入失败: (400)
Reason: Bad Request
HTTP response headers: HTTPHeaderDict({'Content-Type': 'application/json; charset=utf-8', 'X-Influxdb-Build': 'OSS', 'X-Influxdb-Version': 'v2.8.0', 'X-Platform-Error-Code': 'invalid', 'Date': 'Sat, 11 Apr 2026 11:56:16 GMT', 'Content-Length': '172'})
HTTP response body: {"code":"invalid","message":"error decoding json body: invalid RFC3339Nano for field start, please format your time with RFC3339Nano format, example: 2009-01-02T23:00:00Z"}

2026-04-11 19:56:16,667 - ERROR - 分钟数据写入失败: (400)
Reason: Bad Request
HTTP response headers: HTTPHeaderDict({'Content-Type': 'application/json; charset=utf-8', 'X-Influxdb-Build': 'OSS', 'X-Influxdb-Version': 'v2.8.0', 'X-Platform-Error-Code': 'invalid', 'Date': 'Sat, 11 Apr 2026 11:56:16 GMT', 'Content-Length': '172'})
HTTP response body: {"code":"invalid","message":"error decoding json body: invalid RFC3339Nano for field start, please format your time with RFC3339Nano format, example: 2009-01-02T23:00:00Z"}

2026-04-11 19:56:16,910 - ERROR - 分钟数据写入失败: (400)
Reason: Bad Request
HTTP response headers: HTTPHeaderDict({'Content-Type': 'application/json; charset=utf-8', 'X-Influxdb-Build': 'OSS', 'X-Influxdb-Version': 'v2.8.0', 'X-Platform-Error-Code': 'invalid', 'Date': 'Sat, 11 Apr 2026 11:56:16 GMT', 'Content-Length': '172'})
HTTP response body: {"code":"invalid","message":"error decoding json body: invalid RFC3339Nano for field start, please format your time with RFC3339Nano format, example: 2009-01-02T23:00:00Z"}

2026-04-11 19:56:17,239 - ERROR - 分钟数据写入失败: (400)
Reason: Bad Request
HTTP response headers: HTTPHeaderDict({'Content-Type': 'application/json; charset=utf-8', 'X-Influxdb-Build': 'OSS', 'X-Influxdb-Version': 'v2.8.0', 'X-Platform-Error-Code': 'invalid', 'Date': 'Sat, 11 Apr 2026 11:56:17 GMT', 'Content-Length': '172'})
HTTP response body: {"code":"invalid","message":"error decoding json body: invalid RFC3339Nano for field start, please format your time with RFC3339Nano format, example: 2009-01-02T23:00:00Z"}

2026-04-11 19:56:17,448 - ERROR - 分钟数据写入失败: (400)
Reason: Bad Request
HTTP response headers: HTTPHeaderDict({'Content-Type': 'application/json; charset=utf-8', 'X-Influxdb-Build': 'OSS', 'X-Influxdb-Version': 'v2.8.0', 'X-Platform-Error-Code': 'invalid', 'Date': 'Sat, 11 Apr 2026 11:56:17 GMT', 'Content-Length': '172'})
HTTP response body: {"code":"invalid","message":"error decoding json body: invalid RFC3339Nano for field start, please format your time with RFC3339Nano format, example: 2009-01-02T23:00:00Z"}

2026-04-11 19:56:17,664 - ERROR - 分钟数据写入失败: (400)
Reason: Bad Request
HTTP response headers: HTTPHeaderDict({'Content-Type': 'application/json; charset=utf-8', 'X-Influxdb-Build': 'OSS', 'X-Influxdb-Version': 'v2.8.0', 'X-Platform-Error-Code': 'invalid', 'Date': 'Sat, 11 Apr 2026 11:56:17 GMT', 'Content-Length': '172'})
HTTP response body: {"code":"invalid","message":"error decoding json body: invalid RFC3339Nano for field start, please format your time with RFC3339Nano format, example: 2009-01-02T23:00:00Z"}

2026-04-11 19:56:17,860 - ERROR - 分钟数据写入失败: (400)
Reason: Bad Request
HTTP response headers: HTTPHeaderDict({'Content-Type': 'application/json; charset=utf-8', 'X-Influxdb-Build': 'OSS', 'X-Influxdb-Version': 'v2.8.0', 'X-Platform-Error-Code': 'invalid', 'Date': 'Sat, 11 Apr 2026 11:56:17 GMT', 'Content-Length': '172'})
HTTP response body: {"code":"invalid","message":"error decoding json body: invalid RFC3339Nano for field start, please format your time with RFC3339Nano format, example: 2009-01-02T23:00:00Z"}

2026-04-11 19:56:18,091 - ERROR - 分钟数据写入失败: (400)
Reason: Bad Request
HTTP response headers: HTTPHeaderDict({'Content-Type': 'application/json; charset=utf-8', 'X-Influxdb-Build': 'OSS', 'X-Influxdb-Version': 'v2.8.0', 'X-Platform-Error-Code': 'invalid', 'Date': 'Sat, 11 Apr 2026 11:56:18 GMT', 'Content-Length': '172'})
HTTP response body: {"code":"invalid","message":"error decoding json body: invalid RFC3339Nano for field start, please format your time with RFC3339Nano format, example: 2009-01-02T23:00:00Z"}

2026-04-11 19:56:18,324 - ERROR - 分钟数据写入失败: (400)
Reason: Bad Request
HTTP response headers: HTTPHeaderDict({'Content-Type': 'application/json; charset=utf-8', 'X-Influxdb-Build': 'OSS', 'X-Influxdb-Version': 'v2.8.0', 'X-Platform-Error-Code': 'invalid', 'Date': 'Sat, 11 Apr 2026 11:56:18 GMT', 'Content-Length': '172'})
HTTP response body: {"code":"invalid","message":"error decoding json body: invalid RFC3339Nano for field start, please format your time with RFC3339Nano format, example: 2009-01-02T23:00:00Z"}

2026-04-11 19:56:18,526 - ERROR - 分钟数据写入失败: (400)
Reason: Bad Request
HTTP response headers: HTTPHeaderDict({'Content-Type': 'application/json; charset=utf-8', 'X-Influxdb-Build': 'OSS', 'X-Influxdb-Version': 'v2.8.0', 'X-Platform-Error-Code': 'invalid', 'Date': 'Sat, 11 Apr 2026 11:56:18 GMT', 'Content-Length': '172'})
HTTP response body: {"code":"invalid","message":"error decoding json body: invalid RFC3339Nano for field start, please format your time with RFC3339Nano format, example: 2009-01-02T23:00:00Z"}

2026-04-11 19:56:18,750 - ERROR - 分钟数据写入失败: (400)
Reason: Bad Request
HTTP response headers: HTTPHeaderDict({'Content-Type': 'application/json; charset=utf-8', 'X-Influxdb-Build': 'OSS', 'X-Influxdb-Version': 'v2.8.0', 'X-Platform-Error-Code': 'invalid', 'Date': 'Sat, 11 Apr 2026 11:56:18 GMT', 'Content-Length': '172'})
HTTP response body: {"code":"invalid","message":"error decoding json body: invalid RFC3339Nano for field start, please format your time with RFC3339Nano format, example: 2009-01-02T23:00:00Z"}

2026-04-11 19:56:18,992 - ERROR - 分钟数据写入失败: (400)
Reason: Bad Request
HTTP response headers: HTTPHeaderDict({'Content-Type': 'application/json; charset=utf-8', 'X-Influxdb-Build': 'OSS', 'X-Influxdb-Version': 'v2.8.0', 'X-Platform-Error-Code': 'invalid', 'Date': 'Sat, 11 Apr 2026 11:56:18 GMT', 'Content-Length': '172'})
HTTP response body: {"code":"invalid","message":"error decoding json body: invalid RFC3339Nano for field start, please format your time with RFC3339Nano format, example: 2009-01-02T23:00:00Z"}

2026-04-11 19:56:19,168 - ERROR - 分钟数据写入失败: (400)
Reason: Bad Request
HTTP response headers: HTTPHeaderDict({'Content-Type': 'application/json; charset=utf-8', 'X-Influxdb-Build': 'OSS', 'X-Influxdb-Version': 'v2.8.0', 'X-Platform-Error-Code': 'invalid', 'Date': 'Sat, 11 Apr 2026 11:56:19 GMT', 'Content-Length': '172'})
HTTP response body: {"code":"invalid","message":"error decoding json body: invalid RFC3339Nano for field start, please format your time with RFC3339Nano format, example: 2009-01-02T23:00:00Z"}

2026-04-11 19:56:19,438 - ERROR - 分钟数据写入失败: (400)
Reason: Bad Request
HTTP response headers: HTTPHeaderDict({'Content-Type': 'application/json; charset=utf-8', 'X-Influxdb-Build': 'OSS', 'X-Influxdb-Version': 'v2.8.0', 'X-Platform-Error-Code': 'invalid', 'Date': 'Sat, 11 Apr 2026 11:56:19 GMT', 'Content-Length': '172'})
HTTP response body: {"code":"invalid","message":"error decoding json body: invalid RFC3339Nano for field start, please format your time with RFC3339Nano format, example: 2009-01-02T23:00:00Z"}

2026-04-11 19:56:19,593 - ERROR - 分钟数据写入失败: (400)
Reason: Bad Request
HTTP response headers: HTTPHeaderDict({'Content-Type': 'application/json; charset=utf-8', 'X-Influxdb-Build': 'OSS', 'X-Influxdb-Version': 'v2.8.0', 'X-Platform-Error-Code': 'invalid', 'Date': 'Sat, 11 Apr 2026 11:56:19 GMT', 'Content-Length': '172'})
HTTP response body: {"code":"invalid","message":"error decoding json body: invalid RFC3339Nano for field start, please format your time with RFC3339Nano format, example: 2009-01-02T23:00:00Z"}

2026-04-11 19:56:19,822 - ERROR - 分钟数据写入失败: (400)
Reason: Bad Request
HTTP response headers: HTTPHeaderDict({'Content-Type': 'application/json; charset=utf-8', 'X-Influxdb-Build': 'OSS', 'X-Influxdb-Version': 'v2.8.0', 'X-Platform-Error-Code': 'invalid', 'Date': 'Sat, 11 Apr 2026 11:56:19 GMT', 'Content-Length': '172'})
HTTP response body: {"code":"invalid","message":"error decoding json body: invalid RFC3339Nano for field start, please format your time with RFC3339Nano format, example: 2009-01-02T23:00:00Z"}

2026-04-11 19:56:20,536 - ERROR - 分钟数据写入失败: (400)
Reason: Bad Request
HTTP response headers: HTTPHeaderDict({'Content-Type': 'application/json; charset=utf-8', 'X-Influxdb-Build': 'OSS', 'X-Influxdb-Version': 'v2.8.0', 'X-Platform-Error-Code': 'invalid', 'Date': 'Sat, 11 Apr 2026 11:56:20 GMT', 'Content-Length': '172'})
HTTP response body: {"code":"invalid","message":"error decoding json body: invalid RFC3339Nano for field start, please format your time with RFC3339Nano format, example: 2009-01-02T23:00:00Z"}

2026-04-11 19:56:21,299 - ERROR - 分钟数据写入失败: (400)
Reason: Bad Request
HTTP response headers: HTTPHeaderDict({'Content-Type': 'application/json; charset=utf-8', 'X-Influxdb-Build': 'OSS', 'X-Influxdb-Version': 'v2.8.0', 'X-Platform-Error-Code': 'invalid', 'Date': 'Sat, 11 Apr 2026 11:56:21 GMT', 'Content-Length': '172'})
HTTP response body: {"code":"invalid","message":"error decoding json body: invalid RFC3339Nano for field start, please format your time with RFC3339Nano format, example: 2009-01-02T23:00:00Z"}

2026-04-11 19:56:22,023 - ERROR - 分钟数据写入失败: (400)
Reason: Bad Request
HTTP response headers: HTTPHeaderDict({'Content-Type': 'application/json; charset=utf-8', 'X-Influxdb-Build': 'OSS', 'X-Influxdb-Version': 'v2.8.0', 'X-Platform-Error-Code': 'invalid', 'Date': 'Sat, 11 Apr 2026 11:56:22 GMT', 'Content-Length': '172'})
HTTP response body: {"code":"invalid","message":"error decoding json body: invalid RFC3339Nano for field start, please format your time with RFC3339Nano format, example: 2009-01-02T23:00:00Z"}

2026-04-11 19:56:22,896 - ERROR - 分钟数据写入失败: (400)
Reason: Bad Request
HTTP response headers: HTTPHeaderDict({'Content-Type': 'application/json; charset=utf-8', 'X-Influxdb-Build': 'OSS', 'X-Influxdb-Version': 'v2.8.0', 'X-Platform-Error-Code': 'invalid', 'Date': 'Sat, 11 Apr 2026 11:56:22 GMT', 'Content-Length': '172'})
HTTP response body: {"code":"invalid","message":"error decoding json body: invalid RFC3339Nano for field start, please format your time with RFC3339Nano format, example: 2009-01-02T23:00:00Z"}

2026-04-11 19:56:23,748 - ERROR - 分钟数据写入失败: (400)
Reason: Bad Request
HTTP response headers: HTTPHeaderDict({'Content-Type': 'application/json; charset=utf-8', 'X-Influxdb-Build': 'OSS', 'X-Influxdb-Version': 'v2.8.0', 'X-Platform-Error-Code': 'invalid', 'Date': 'Sat, 11 Apr 2026 11:56:23 GMT', 'Content-Length': '172'})
HTTP response body: {"code":"invalid","message":"error decoding json body: invalid RFC3339Nano for field start, please format your time with RFC3339Nano format, example: 2009-01-02T23:00:00Z"}

2026-04-11 19:56:24,646 - ERROR - 分钟数据写入失败: (400)
Reason: Bad Request
HTTP response headers: HTTPHeaderDict({'Content-Type': 'application/json; charset=utf-8', 'X-Influxdb-Build': 'OSS', 'X-Influxdb-Version': 'v2.8.0', 'X-Platform-Error-Code': 'invalid', 'Date': 'Sat, 11 Apr 2026 11:56:24 GMT', 'Content-Length': '172'})
HTTP response body: {"code":"invalid","message":"error decoding json body: invalid RFC3339Nano for field start, please format your time with RFC3339Nano format, example: 2009-01-02T23:00:00Z"}

2026-04-11 19:56:24,964 - ERROR - 分钟数据写入失败: (400)
Reason: Bad Request
HTTP response headers: HTTPHeaderDict({'Content-Type': 'application/json; charset=utf-8', 'X-Influxdb-Build': 'OSS', 'X-Influxdb-Version': 'v2.8.0', 'X-Platform-Error-Code': 'invalid', 'Date': 'Sat, 11 Apr 2026 11:56:24 GMT', 'Content-Length': '172'})
HTTP response body: {"code":"invalid","message":"error decoding json body: invalid RFC3339Nano for field start, please format your time with RFC3339Nano format, example: 2009-01-02T23:00:00Z"}

2026-04-11 19:56:25,711 - ERROR - 分钟数据写入失败: (400)
Reason: Bad Request
HTTP response headers: HTTPHeaderDict({'Content-Type': 'application/json; charset=utf-8', 'X-Influxdb-Build': 'OSS', 'X-Influxdb-Version': 'v2.8.0', 'X-Platform-Error-Code': 'invalid', 'Date': 'Sat, 11 Apr 2026 11:56:25 GMT', 'Content-Length': '172'})
HTTP response body: {"code":"invalid","message":"error decoding json body: invalid RFC3339Nano for field start, please format your time with RFC3339Nano format, example: 2009-01-02T23:00:00Z"}

2026-04-11 19:56:26,636 - ERROR - 分钟数据写入失败: (400)
Reason: Bad Request
HTTP response headers: HTTPHeaderDict({'Content-Type': 'application/json; charset=utf-8', 'X-Influxdb-Build': 'OSS', 'X-Influxdb-Version': 'v2.8.0', 'X-Platform-Error-Code': 'invalid', 'Date': 'Sat, 11 Apr 2026 11:56:26 GMT', 'Content-Length': '172'})
HTTP response body: {"code":"invalid","message":"error decoding json body: invalid RFC3339Nano for field start, please format your time with RFC3339Nano format, example: 2009-01-02T23:00:00Z"}

2026-04-11 19:56:27,514 - ERROR - 分钟数据写入失败: (400)
Reason: Bad Request
HTTP response headers: HTTPHeaderDict({'Content-Type': 'application/json; charset=utf-8', 'X-Influxdb-Build': 'OSS', 'X-Influxdb-Version': 'v2.8.0', 'X-Platform-Error-Code': 'invalid', 'Date': 'Sat, 11 Apr 2026 11:56:27 GMT', 'Content-Length': '172'})
HTTP response body: {"code":"invalid","message":"error decoding json body: invalid RFC3339Nano for field start, please format your time with RFC3339Nano format, example: 2009-01-02T23:00:00Z"}

2026-04-11 19:57:47,499 - INFO - 分钟数据写入成功: 2026-04-03 00:00:00
2026-04-11 19:57:47,729 - INFO - 分钟数据写入成功: 2026-04-03 00:01:00
2026-04-11 19:57:48,006 - INFO - 分钟数据写入成功: 2026-04-03 00:02:00
2026-04-11 19:57:48,174 - INFO - 分钟数据写入成功: 2026-04-03 00:03:00
2026-04-11 19:57:48,371 - INFO - 分钟数据写入成功: 2026-04-03 00:04:00
2026-04-11 19:57:48,526 - INFO - 分钟数据写入成功: 2026-04-03 00:05:00
2026-04-11 19:57:48,743 - INFO - 分钟数据写入成功: 2026-04-03 00:06:00
2026-04-11 19:57:48,990 - INFO - 分钟数据写入成功: 2026-04-03 00:07:00
2026-04-11 19:57:49,176 - INFO - 分钟数据写入成功: 2026-04-03 00:08:00
2026-04-11 19:57:49,356 - INFO - 分钟数据写入成功: 2026-04-03 00:09:00
2026-04-11 19:57:49,570 - INFO - 分钟数据写入成功: 2026-04-03 00:10:00
2026-04-11 19:57:49,786 - INFO - 分钟数据写入成功: 2026-04-03 00:11:00
2026-04-11 19:57:50,029 - INFO - 分钟数据写入成功: 2026-04-03 00:12:00
2026-04-11 19:57:50,278 - INFO - 分钟数据写入成功: 2026-04-03 00:13:00
2026-04-11 19:57:50,517 - INFO - 分钟数据写入成功: 2026-04-03 00:14:00
2026-04-11 19:57:50,748 - INFO - 分钟数据写入成功: 2026-04-03 00:15:00
2026-04-11 19:57:50,994 - INFO - 分钟数据写入成功: 2026-04-03 00:16:00
2026-04-11 19:57:51,204 - INFO - 分钟数据写入成功: 2026-04-03 00:17:00
2026-04-11 19:57:51,421 - INFO - 分钟数据写入成功: 2026-04-03 00:18:00
2026-04-11 19:57:51,585 - INFO - 分钟数据写入成功: 2026-04-03 00:19:00
2026-04-11 19:57:52,338 - INFO - 分钟数据写入成功: 2026-04-03 00:20:00
2026-04-11 19:57:53,070 - INFO - 分钟数据写入成功: 2026-04-03 00:21:00
2026-04-11 19:57:53,682 - INFO - 分钟数据写入成功: 2026-04-03 00:22:00
2026-04-11 19:57:54,367 - INFO - 分钟数据写入成功: 2026-04-03 00:23:00
2026-04-11 19:57:55,169 - INFO - 分钟数据写入成功: 2026-04-03 00:24:00
2026-04-11 19:57:55,897 - INFO - 分钟数据写入成功: 2026-04-03 00:25:00
2026-04-11 19:57:56,194 - INFO - 分钟数据写入成功: 2026-04-03 00:26:00
2026-04-11 19:57:56,891 - INFO - 分钟数据写入成功: 2026-04-03 00:27:00
2026-04-11 19:57:57,834 - INFO - 分钟数据写入成功: 2026-04-03 00:28:00
2026-04-11 19:57:58,725 - INFO - 分钟数据写入成功: 2026-04-03 00:29:00
2026-04-11 19:57:59,545 - INFO - 分钟数据写入成功: 2026-04-03 00:30:00
2026-04-11 19:58:00,497 - INFO - 分钟数据写入成功: 2026-04-03 00:31:00
2026-04-11 19:58:01,333 - INFO - 分钟数据写入成功: 2026-04-03 00:32:00
2026-04-11 19:58:02,149 - INFO - 分钟数据写入成功: 2026-04-03 00:33:00
2026-04-11 19:58:02,985 - INFO - 分钟数据写入成功: 2026-04-03 00:34:00
2026-04-11 19:58:03,721 - INFO - 分钟数据写入成功: 2026-04-03 00:35:00
2026-04-11 19:58:04,646 - INFO - 分钟数据写入成功: 2026-04-03 00:36:00
2026-04-11 19:58:05,572 - INFO - 分钟数据写入成功: 2026-04-03 00:37:00
2026-04-11 19:58:06,471 - INFO - 分钟数据写入成功: 2026-04-03 00:38:00
2026-04-11 19:58:07,245 - INFO - 分钟数据写入成功: 2026-04-03 00:39:00
2026-04-11 19:58:08,085 - INFO - 分钟数据写入成功: 2026-04-03 00:40:00
2026-04-11 19:58:08,940 - INFO - 分钟数据写入成功: 2026-04-03 00:41:00
2026-04-11 19:58:09,789 - INFO - 分钟数据写入成功: 2026-04-03 00:42:00
2026-04-11 19:58:10,569 - INFO - 分钟数据写入成功: 2026-04-03 00:43:00
2026-04-11 19:58:11,495 - INFO - 分钟数据写入成功: 2026-04-03 00:44:00
2026-04-11 19:58:12,362 - INFO - 分钟数据写入成功: 2026-04-03 00:45:00
2026-04-11 19:58:13,228 - INFO - 分钟数据写入成功: 2026-04-03 00:46:00
2026-04-11 19:58:14,115 - INFO - 分钟数据写入成功: 2026-04-03 00:47:00
2026-04-11 19:58:15,037 - INFO - 分钟数据写入成功: 2026-04-03 00:48:00
2026-04-11 19:58:15,956 - INFO - 分钟数据写入成功: 2026-04-03 00:49:00
2026-04-11 19:58:16,792 - INFO - 分钟数据写入成功: 2026-04-03 00:50:00
2026-04-11 19:58:17,681 - INFO - 分钟数据写入成功: 2026-04-03 00:51:00
2026-04-11 19:58:18,629 - INFO - 分钟数据写入成功: 2026-04-03 00:52:00
2026-04-11 19:58:19,540 - INFO - 分钟数据写入成功: 2026-04-03 00:53:00
2026-04-11 19:58:20,359 - INFO - 分钟数据写入成功: 2026-04-03 00:54:00
2026-04-11 19:58:21,257 - INFO - 分钟数据写入成功: 2026-04-03 00:55:00
2026-04-11 19:58:22,164 - INFO - 分钟数据写入成功: 2026-04-03 00:56:00
2026-04-11 19:58:23,139 - INFO - 分钟数据写入成功: 2026-04-03 00:57:00
2026-04-11 19:58:23,948 - INFO - 分钟数据写入成功: 2026-04-03 00:58:00
2026-04-11 19:58:24,912 - INFO - 分钟数据写入成功: 2026-04-03 00:59:00
2026-04-11 19:58:38,816 - ERROR - 分钟数据写入失败: 'str' object has no attribute 'astimezone'
2026-04-11 19:58:38,968 - ERROR - 分钟数据写入失败: 'str' object has no attribute 'astimezone'
2026-04-11 19:58:39,132 - ERROR - 分钟数据写入失败: 'str' object has no attribute 'astimezone'
2026-04-11 19:58:39,287 - ERROR - 分钟数据写入失败: 'str' object has no attribute 'astimezone'
2026-04-11 19:58:39,498 - ERROR - 分钟数据写入失败: 'str' object has no attribute 'astimezone'
2026-04-11 19:58:39,717 - ERROR - 分钟数据写入失败: 'str' object has no attribute 'astimezone'
2026-04-11 19:58:39,948 - ERROR - 分钟数据写入失败: 'str' object has no attribute 'astimezone'
2026-04-11 19:58:40,147 - ERROR - 分钟数据写入失败: 'str' object has no attribute 'astimezone'
2026-04-11 19:58:40,338 - ERROR - 分钟数据写入失败: 'str' object has no attribute 'astimezone'
2026-04-11 19:58:40,487 - ERROR - 分钟数据写入失败: 'str' object has no attribute 'astimezone'
2026-04-11 19:58:40,718 - ERROR - 分钟数据写入失败: 'str' object has no attribute 'astimezone'
2026-04-11 19:58:40,897 - ERROR - 分钟数据写入失败: 'str' object has no attribute 'astimezone'
2026-04-11 19:58:41,103 - ERROR - 分钟数据写入失败: 'str' object has no attribute 'astimezone'
2026-04-11 20:00:49,078 - ERROR - 分钟数据写入失败: 'str' object cannot be interpreted as an integer
2026-04-11 20:00:49,286 - ERROR - 分钟数据写入失败: 'str' object cannot be interpreted as an integer
2026-04-11 20:00:49,519 - ERROR - 分钟数据写入失败: 'str' object cannot be interpreted as an integer
2026-04-11 20:00:49,755 - ERROR - 分钟数据写入失败: 'str' object cannot be interpreted as an integer
2026-04-11 20:00:50,013 - ERROR - 分钟数据写入失败: 'str' object cannot be interpreted as an integer
2026-04-11 20:00:50,261 - ERROR - 分钟数据写入失败: 'str' object cannot be interpreted as an integer
2026-04-11 20:00:50,468 - ERROR - 分钟数据写入失败: 'str' object cannot be interpreted as an integer
2026-04-11 20:00:50,686 - ERROR - 分钟数据写入失败: 'str' object cannot be interpreted as an integer
2026-04-11 20:00:50,902 - ERROR - 分钟数据写入失败: 'str' object cannot be interpreted as an integer
2026-04-11 20:00:51,121 - ERROR - 分钟数据写入失败: 'str' object cannot be interpreted as an integer
2026-04-11 20:00:51,363 - ERROR - 分钟数据写入失败: 'str' object cannot be interpreted as an integer
2026-04-11 20:01:37,153 - ERROR - 分钟数据写入失败: 'datetime.datetime' object has no attribute 'sastimezone'
2026-04-11 20:01:37,337 - ERROR - 分钟数据写入失败: 'datetime.datetime' object has no attribute 'sastimezone'
2026-04-11 20:01:37,508 - ERROR - 分钟数据写入失败: 'datetime.datetime' object has no attribute 'sastimezone'
2026-04-11 20:01:37,741 - ERROR - 分钟数据写入失败: 'datetime.datetime' object has no attribute 'sastimezone'
2026-04-11 20:01:37,935 - ERROR - 分钟数据写入失败: 'datetime.datetime' object has no attribute 'sastimezone'
2026-04-11 20:01:38,110 - ERROR - 分钟数据写入失败: 'datetime.datetime' object has no attribute 'sastimezone'
2026-04-11 20:01:38,292 - ERROR - 分钟数据写入失败: 'datetime.datetime' object has no attribute 'sastimezone'
2026-04-11 20:01:38,525 - ERROR - 分钟数据写入失败: 'datetime.datetime' object has no attribute 'sastimezone'
2026-04-11 20:01:38,758 - ERROR - 分钟数据写入失败: 'datetime.datetime' object has no attribute 'sastimezone'
2026-04-11 20:01:38,990 - ERROR - 分钟数据写入失败: 'datetime.datetime' object has no attribute 'sastimezone'
2026-04-11 20:01:39,304 - ERROR - 分钟数据写入失败: 'datetime.datetime' object has no attribute 'sastimezone'
2026-04-11 20:01:39,523 - ERROR - 分钟数据写入失败: 'datetime.datetime' object has no attribute 'sastimezone'
2026-04-11 20:01:39,747 - ERROR - 分钟数据写入失败: 'datetime.datetime' object has no attribute 'sastimezone'
2026-04-11 20:05:07,448 - ERROR - 分钟数据写入失败: 'datetime.datetime' object has no attribute 'sastimezone'
2026-04-11 20:05:07,761 - ERROR - 分钟数据写入失败: 'datetime.datetime' object has no attribute 'sastimezone'
2026-04-11 20:05:07,927 - ERROR - 分钟数据写入失败: 'datetime.datetime' object has no attribute 'sastimezone'
2026-04-11 20:05:08,220 - ERROR - 分钟数据写入失败: 'datetime.datetime' object has no attribute 'sastimezone'
2026-04-11 20:05:08,380 - ERROR - 分钟数据写入失败: 'datetime.datetime' object has no attribute 'sastimezone'
2026-04-11 20:05:08,550 - ERROR - 分钟数据写入失败: 'datetime.datetime' object has no attribute 'sastimezone'
2026-04-11 20:07:12,709 - INFO - 分钟数据写入成功: 2026-04-03 00:00:00
2026-04-11 20:07:12,930 - INFO - 分钟数据写入成功: 2026-04-03 00:01:00
2026-04-11 20:07:13,174 - INFO - 分钟数据写入成功: 2026-04-03 00:02:00
2026-04-11 20:07:13,434 - INFO - 分钟数据写入成功: 2026-04-03 00:03:00
2026-04-11 20:07:13,710 - INFO - 分钟数据写入成功: 2026-04-03 00:04:00
2026-04-11 20:07:13,935 - INFO - 分钟数据写入成功: 2026-04-03 00:05:00
2026-04-11 20:07:14,110 - INFO - 分钟数据写入成功: 2026-04-03 00:06:00
2026-04-11 20:07:14,358 - INFO - 分钟数据写入成功: 2026-04-03 00:07:00
2026-04-11 20:07:14,506 - INFO - 分钟数据写入成功: 2026-04-03 00:08:00
2026-04-11 20:07:14,717 - INFO - 分钟数据写入成功: 2026-04-03 00:09:00
2026-04-11 20:07:14,928 - INFO - 分钟数据写入成功: 2026-04-03 00:10:00
2026-04-11 20:07:15,123 - INFO - 分钟数据写入成功: 2026-04-03 00:11:00
2026-04-11 20:07:15,291 - INFO - 分钟数据写入成功: 2026-04-03 00:12:00
2026-04-11 20:07:15,527 - INFO - 分钟数据写入成功: 2026-04-03 00:13:00
2026-04-11 20:07:15,760 - INFO - 分钟数据写入成功: 2026-04-03 00:14:00
2026-04-11 20:07:15,976 - INFO - 分钟数据写入成功: 2026-04-03 00:15:00
2026-04-11 20:07:16,287 - INFO - 分钟数据写入成功: 2026-04-03 00:16:00
2026-04-11 20:07:16,424 - INFO - 分钟数据写入成功: 2026-04-03 00:17:00
2026-04-11 20:07:16,678 - INFO - 分钟数据写入成功: 2026-04-03 00:18:00
2026-04-11 20:07:16,877 - INFO - 分钟数据写入成功: 2026-04-03 00:19:00
2026-04-11 20:07:17,561 - INFO - 分钟数据写入成功: 2026-04-03 00:20:00
2026-04-11 20:07:18,401 - INFO - 分钟数据写入成功: 2026-04-03 00:21:00
2026-04-11 20:07:19,149 - INFO - 分钟数据写入成功: 2026-04-03 00:22:00
2026-04-11 20:07:19,921 - INFO - 分钟数据写入成功: 2026-04-03 00:23:00
2026-04-11 20:07:20,807 - INFO - 分钟数据写入成功: 2026-04-03 00:24:00
2026-04-11 20:07:21,670 - INFO - 分钟数据写入成功: 2026-04-03 00:25:00
2026-04-11 20:07:21,997 - INFO - 分钟数据写入成功: 2026-04-03 00:26:00
2026-04-11 20:07:22,621 - INFO - 分钟数据写入成功: 2026-04-03 00:27:00
2026-04-11 20:07:23,591 - INFO - 分钟数据写入成功: 2026-04-03 00:28:00
2026-04-11 20:07:24,499 - INFO - 分钟数据写入成功: 2026-04-03 00:29:00
2026-04-11 20:07:25,400 - INFO - 分钟数据写入成功: 2026-04-03 00:30:00
2026-04-11 20:07:26,269 - INFO - 分钟数据写入成功: 2026-04-03 00:31:00
2026-04-11 20:07:27,032 - INFO - 分钟数据写入成功: 2026-04-03 00:32:00
2026-04-11 20:07:28,062 - INFO - 分钟数据写入成功: 2026-04-03 00:33:00
2026-04-11 20:07:28,982 - INFO - 分钟数据写入成功: 2026-04-03 00:34:00
2026-04-11 20:07:29,931 - INFO - 分钟数据写入成功: 2026-04-03 00:35:00
2026-04-11 20:07:30,862 - INFO - 分钟数据写入成功: 2026-04-03 00:36:00
2026-04-11 20:07:31,883 - INFO - 分钟数据写入成功: 2026-04-03 00:37:00
2026-04-11 20:07:32,908 - INFO - 分钟数据写入成功: 2026-04-03 00:38:00
2026-04-11 20:07:33,938 - INFO - 分钟数据写入成功: 2026-04-03 00:39:00
2026-04-11 20:07:34,907 - INFO - 分钟数据写入成功: 2026-04-03 00:40:00
2026-04-11 20:07:35,944 - INFO - 分钟数据写入成功: 2026-04-03 00:41:00
2026-04-11 20:07:36,886 - INFO - 分钟数据写入成功: 2026-04-03 00:42:00
2026-04-11 20:07:37,968 - INFO - 分钟数据写入成功: 2026-04-03 00:43:00
2026-04-11 20:07:38,792 - INFO - 分钟数据写入成功: 2026-04-03 00:44:00
2026-04-11 20:07:39,687 - INFO - 分钟数据写入成功: 2026-04-03 00:45:00
2026-04-11 20:07:40,666 - INFO - 分钟数据写入成功: 2026-04-03 00:46:00
2026-04-11 20:07:41,690 - INFO - 分钟数据写入成功: 2026-04-03 00:47:00
2026-04-11 20:07:42,497 - INFO - 分钟数据写入成功: 2026-04-03 00:48:00
2026-04-11 20:07:43,467 - INFO - 分钟数据写入成功: 2026-04-03 00:49:00
2026-04-11 20:07:44,443 - INFO - 分钟数据写入成功: 2026-04-03 00:50:00
2026-04-11 20:07:45,312 - INFO - 分钟数据写入成功: 2026-04-03 00:51:00
2026-04-11 20:07:46,277 - INFO - 分钟数据写入成功: 2026-04-03 00:52:00
2026-04-11 20:07:47,376 - INFO - 分钟数据写入成功: 2026-04-03 00:53:00
2026-04-11 20:07:48,462 - INFO - 分钟数据写入成功: 2026-04-03 00:54:00
2026-04-11 20:07:49,393 - INFO - 分钟数据写入成功: 2026-04-03 00:55:00
2026-04-11 20:07:50,431 - INFO - 分钟数据写入成功: 2026-04-03 00:56:00
2026-04-11 20:07:51,414 - INFO - 分钟数据写入成功: 2026-04-03 00:57:00
2026-04-11 20:07:52,263 - INFO - 分钟数据写入成功: 2026-04-03 00:58:00
2026-04-11 20:07:53,230 - INFO - 分钟数据写入成功: 2026-04-03 00:59:00
2026-04-11 20:10:19,602 - ERROR - 分钟数据写入失败: name 'to_utc' is not defined
2026-04-11 20:10:19,830 - ERROR - 分钟数据写入失败: name 'to_utc' is not defined
2026-04-11 20:10:20,055 - ERROR - 分钟数据写入失败: name 'to_utc' is not defined
2026-04-11 20:10:20,315 - ERROR - 分钟数据写入失败: name 'to_utc' is not defined
2026-04-11 20:10:20,550 - ERROR - 分钟数据写入失败: name 'to_utc' is not defined
2026-04-11 20:10:20,773 - ERROR - 分钟数据写入失败: name 'to_utc' is not defined
2026-04-11 20:10:20,963 - ERROR - 分钟数据写入失败: name 'to_utc' is not defined
2026-04-11 20:10:21,118 - ERROR - 分钟数据写入失败: name 'to_utc' is not defined
2026-04-11 20:10:21,354 - ERROR - 分钟数据写入失败: name 'to_utc' is not defined
2026-04-11 20:10:21,530 - ERROR - 分钟数据写入失败: name 'to_utc' is not defined
2026-04-11 20:10:21,706 - ERROR - 分钟数据写入失败: name 'to_utc' is not defined
2026-04-11 20:10:21,921 - ERROR - 分钟数据写入失败: name 'to_utc' is not defined
2026-04-11 20:10:22,103 - ERROR - 分钟数据写入失败: name 'to_utc' is not defined
2026-04-11 20:10:22,286 - ERROR - 分钟数据写入失败: name 'to_utc' is not defined
2026-04-11 20:10:22,495 - ERROR - 分钟数据写入失败: name 'to_utc' is not defined
2026-04-11 20:10:22,628 - ERROR - 分钟数据写入失败: name 'to_utc' is not defined
2026-04-11 20:10:22,877 - ERROR - 分钟数据写入失败: name 'to_utc' is not defined
2026-04-11 20:10:23,032 - ERROR - 分钟数据写入失败: name 'to_utc' is not defined
2026-04-11 20:10:23,216 - ERROR - 分钟数据写入失败: name 'to_utc' is not defined
2026-04-11 20:10:23,391 - ERROR - 分钟数据写入失败: name 'to_utc' is not defined
2026-04-11 20:10:24,081 - ERROR - 分钟数据写入失败: name 'to_utc' is not defined
2026-04-11 20:10:41,638 - INFO - 分钟数据写入成功: 2026-04-03 00:00:00
2026-04-11 20:10:41,914 - INFO - 分钟数据写入成功: 2026-04-03 00:01:00
2026-04-11 20:10:42,136 - INFO - 分钟数据写入成功: 2026-04-03 00:02:00
2026-04-11 20:10:42,377 - INFO - 分钟数据写入成功: 2026-04-03 00:03:00
2026-04-11 20:10:42,616 - INFO - 分钟数据写入成功: 2026-04-03 00:04:00
2026-04-11 20:10:42,890 - INFO - 分钟数据写入成功: 2026-04-03 00:05:00
2026-04-11 20:10:43,044 - INFO - 分钟数据写入成功: 2026-04-03 00:06:00
2026-04-11 20:10:43,197 - INFO - 分钟数据写入成功: 2026-04-03 00:07:00
2026-04-11 20:10:43,406 - INFO - 分钟数据写入成功: 2026-04-03 00:08:00
2026-04-11 20:10:43,689 - INFO - 分钟数据写入成功: 2026-04-03 00:09:00
2026-04-11 20:10:43,863 - INFO - 分钟数据写入成功: 2026-04-03 00:10:00
2026-04-11 20:10:44,087 - INFO - 分钟数据写入成功: 2026-04-03 00:11:00
2026-04-11 20:10:44,374 - INFO - 分钟数据写入成功: 2026-04-03 00:12:00
2026-04-11 20:10:44,579 - INFO - 分钟数据写入成功: 2026-04-03 00:13:00
2026-04-11 20:10:44,858 - INFO - 分钟数据写入成功: 2026-04-03 00:14:00
2026-04-11 20:10:45,079 - INFO - 分钟数据写入成功: 2026-04-03 00:15:00
2026-04-11 20:10:45,308 - INFO - 分钟数据写入成功: 2026-04-03 00:16:00
2026-04-11 20:10:45,552 - INFO - 分钟数据写入成功: 2026-04-03 00:17:00
2026-04-11 20:10:45,818 - INFO - 分钟数据写入成功: 2026-04-03 00:18:00
2026-04-11 20:10:46,071 - INFO - 分钟数据写入成功: 2026-04-03 00:19:00
2026-04-11 20:10:46,925 - INFO - 分钟数据写入成功: 2026-04-03 00:20:00
2026-04-11 20:10:47,705 - INFO - 分钟数据写入成功: 2026-04-03 00:21:00
2026-04-11 20:10:48,441 - INFO - 分钟数据写入成功: 2026-04-03 00:22:00
2026-04-11 20:10:49,221 - INFO - 分钟数据写入成功: 2026-04-03 00:23:00
2026-04-11 20:10:50,017 - INFO - 分钟数据写入成功: 2026-04-03 00:24:00
2026-04-11 20:10:50,865 - INFO - 分钟数据写入成功: 2026-04-03 00:25:00
2026-04-11 20:10:51,211 - INFO - 分钟数据写入成功: 2026-04-03 00:26:00
2026-04-11 20:10:51,811 - INFO - 分钟数据写入成功: 2026-04-03 00:27:00
2026-04-11 20:10:52,799 - INFO - 分钟数据写入成功: 2026-04-03 00:28:00
2026-04-11 20:10:53,737 - INFO - 分钟数据写入成功: 2026-04-03 00:29:00
2026-04-11 20:10:54,615 - INFO - 分钟数据写入成功: 2026-04-03 00:30:00
2026-04-11 20:10:55,425 - INFO - 分钟数据写入成功: 2026-04-03 00:31:00
2026-04-11 20:10:56,418 - INFO - 分钟数据写入成功: 2026-04-03 00:32:00
2026-04-11 20:10:57,329 - INFO - 分钟数据写入成功: 2026-04-03 00:33:00
2026-04-11 20:10:58,351 - INFO - 分钟数据写入成功: 2026-04-03 00:34:00
2026-04-11 20:10:59,239 - INFO - 分钟数据写入成功: 2026-04-03 00:35:00
2026-04-11 20:11:00,144 - INFO - 分钟数据写入成功: 2026-04-03 00:36:00
2026-04-11 20:11:01,111 - INFO - 分钟数据写入成功: 2026-04-03 00:37:00
2026-04-11 20:11:02,080 - INFO - 分钟数据写入成功: 2026-04-03 00:38:00
2026-04-11 20:11:03,074 - INFO - 分钟数据写入成功: 2026-04-03 00:39:00
2026-04-11 20:11:04,038 - INFO - 分钟数据写入成功: 2026-04-03 00:40:00
2026-04-11 20:11:04,909 - INFO - 分钟数据写入成功: 2026-04-03 00:41:00
2026-04-11 20:11:05,877 - INFO - 分钟数据写入成功: 2026-04-03 00:42:00
2026-04-11 20:11:06,793 - INFO - 分钟数据写入成功: 2026-04-03 00:43:00
2026-04-11 20:11:07,725 - INFO - 分钟数据写入成功: 2026-04-03 00:44:00
2026-04-11 20:11:08,699 - INFO - 分钟数据写入成功: 2026-04-03 00:45:00
2026-04-11 20:11:09,555 - INFO - 分钟数据写入成功: 2026-04-03 00:46:00
2026-04-11 20:11:10,529 - INFO - 分钟数据写入成功: 2026-04-03 00:47:00
2026-04-11 20:11:11,398 - INFO - 分钟数据写入成功: 2026-04-03 00:48:00
2026-04-11 20:11:12,233 - INFO - 分钟数据写入成功: 2026-04-03 00:49:00
2026-04-11 20:11:13,209 - INFO - 分钟数据写入成功: 2026-04-03 00:50:00
2026-04-11 20:11:14,086 - INFO - 分钟数据写入成功: 2026-04-03 00:51:00
2026-04-11 20:11:14,892 - INFO - 分钟数据写入成功: 2026-04-03 00:52:00
2026-04-11 20:11:15,941 - INFO - 分钟数据写入成功: 2026-04-03 00:53:00
2026-04-11 20:11:16,998 - INFO - 分钟数据写入成功: 2026-04-03 00:54:00
2026-04-11 20:11:18,101 - INFO - 分钟数据写入成功: 2026-04-03 00:55:00
2026-04-11 20:11:19,049 - INFO - 分钟数据写入成功: 2026-04-03 00:56:00
2026-04-11 20:11:19,982 - INFO - 分钟数据写入成功: 2026-04-03 00:57:00
2026-04-11 20:11:20,807 - INFO - 分钟数据写入成功: 2026-04-03 00:58:00
2026-04-11 20:11:21,748 - INFO - 分钟数据写入成功: 2026-04-03 00:59:00
2026-04-11 20:12:19,456 - INFO - 小时统计结果（含出现时间）[2026-04-03 01:00:00]: {'hour': '202604030100', 'max_temperature': np.float64(21.4), 'max_temperature_time': '20260403 00:44:00', 'min_temperature': np.float64(20.7), 'min_temperature_time': '20260403 00:20:00', 'max_humidity': np.float64(55.0), 'max_humidity_time': '20260403 00:27:00', 'min_humidity': np.float64(48.1), 'min_humidity_time': '20260403 00:59:00', 'max_pressure': np.float64(1005.4), 'max_pressure_time': '20260403 00:21:00', 'min_pressure': np.float64(1004.7), 'min_pressure_time': '20260403 00:56:00', 'max_instantaneous_rainfall': np.float64(0.4), 'max_instantaneous_rainfall_time': '20260403 00:21:00', 'max_wind': np.float64(4.3), 'max_wind_time': '20260403 00:19:30', 'max_level': np.float64(3.0), 'max_direction': '东北', 'max_angle': np.float64(51.8)}
2026-04-11 20:22:48,530 - INFO - 小时统计结果（含出现时间）[2026-04-03 01:00:00]: {'hour': '202604030100', 'max_temperature': np.float64(21.4), 'max_temperature_time': '20260403 00:44:00', 'min_temperature': np.float64(20.7), 'min_temperature_time': '20260403 00:20:00', 'max_humidity': np.float64(55.0), 'max_humidity_time': '20260403 00:27:00', 'min_humidity': np.float64(48.1), 'min_humidity_time': '20260403 00:59:00', 'max_pressure': np.float64(1005.4), 'max_pressure_time': '20260403 00:21:00', 'min_pressure': np.float64(1004.7), 'min_pressure_time': '20260403 00:56:00', 'max_instantaneous_rainfall': np.float64(0.4), 'max_instantaneous_rainfall_time': '20260403 00:21:00', 'max_wind': np.float64(4.3), 'max_wind_time': '20260403 00:19:30', 'max_level': np.float64(3.0), 'max_direction': '东北', 'max_angle': np.float64(51.8)}
2026-04-11 20:22:48,530 - INFO - 小时统计结果 [2026-04-03 01:00:00]: {'time': datetime.datetime(2026, 4, 2, 17, 0, tzinfo=datetime.timezone.utc), 'temperature': -100.0, 'humidity': -100.0, 'pressure': -100.0, 'hourly_total_rainfall': np.float64(0.0), 'instant_speed': -100.0, 'instant_level': -100.0, 'instant_angle': -100.0, 'instant_direction': '未知', 'avg_speed_2m': -100.0, 'avg_level_2m': -100.0, 'avg_angle_2m': -100.0, 'avg_direction_2m': '未知', 'avg_speed_10m': -100.0, 'avg_level_10m': -100.0, 'avg_angle_10m': -100.0, 'avg_direction_10m': '未知', 'hour': '202604030100', 'max_temperature': np.float64(21.4), 'max_temperature_time': '20260403 00:44:00', 'min_temperature': np.float64(20.7), 'min_temperature_time': '20260403 00:20:00', 'max_humidity': np.float64(55.0), 'max_humidity_time': '20260403 00:27:00', 'min_humidity': np.float64(48.1), 'min_humidity_time': '20260403 00:59:00', 'max_pressure': np.float64(1005.4), 'max_pressure_time': '20260403 00:21:00', 'min_pressure': np.float64(1004.7), 'min_pressure_time': '20260403 00:56:00', 'max_instantaneous_rainfall': np.float64(0.4), 'max_instantaneous_rainfall_time': '20260403 00:21:00', 'max_wind': np.float64(4.3), 'max_wind_time': '20260403 00:19:30', 'max_level': np.float64(3.0), 'max_direction': '东北', 'max_angle': np.float64(51.8)}
2026-04-11 20:28:12,084 - INFO - 小时统计结果（含出现时间）[2026-04-03 01:00:00]: {'hour': '202604030100', 'max_temperature': np.float64(21.4), 'max_temperature_time': '20260403 00:44:00', 'min_temperature': np.float64(20.7), 'min_temperature_time': '20260403 00:20:00', 'max_humidity': np.float64(55.0), 'max_humidity_time': '20260403 00:27:00', 'min_humidity': np.float64(48.1), 'min_humidity_time': '20260403 00:59:00', 'max_pressure': np.float64(1005.4), 'max_pressure_time': '20260403 00:21:00', 'min_pressure': np.float64(1004.7), 'min_pressure_time': '20260403 00:56:00', 'max_instantaneous_rainfall': np.float64(0.4), 'max_instantaneous_rainfall_time': '20260403 00:21:00', 'max_wind': np.float64(4.3), 'max_wind_time': '20260403 00:19:30', 'max_level': np.float64(3.0), 'max_direction': '东北', 'max_angle': np.float64(51.8)}
2026-04-11 20:28:12,084 - INFO - 小时统计结果 [2026-04-03 01:00:00]: {'time': datetime.datetime(2026, 4, 2, 17, 0, tzinfo=datetime.timezone.utc), 'temperature': -100.0, 'humidity': -100.0, 'pressure': -100.0, 'hourly_total_rainfall': np.float64(0.0), 'instant_speed': -100.0, 'instant_level': -100.0, 'instant_angle': -100.0, 'instant_direction': '未知', 'avg_speed_2m': -100.0, 'avg_level_2m': -100.0, 'avg_angle_2m': -100.0, 'avg_direction_2m': '未知', 'avg_speed_10m': -100.0, 'avg_level_10m': -100.0, 'avg_angle_10m': -100.0, 'avg_direction_10m': '未知', 'hour': '202604030100', 'max_temperature': np.float64(21.4), 'max_temperature_time': '20260403 00:44:00', 'min_temperature': np.float64(20.7), 'min_temperature_time': '20260403 00:20:00', 'max_humidity': np.float64(55.0), 'max_humidity_time': '20260403 00:27:00', 'min_humidity': np.float64(48.1), 'min_humidity_time': '20260403 00:59:00', 'max_pressure': np.float64(1005.4), 'max_pressure_time': '20260403 00:21:00', 'min_pressure': np.float64(1004.7), 'min_pressure_time': '20260403 00:56:00', 'max_instantaneous_rainfall': np.float64(0.4), 'max_instantaneous_rainfall_time': '20260403 00:21:00', 'max_wind': np.float64(4.3), 'max_wind_time': '20260403 00:19:30', 'max_level': np.float64(3.0), 'max_direction': '东北', 'max_angle': np.float64(51.8)}
2026-04-11 20:31:45,506 - INFO - 小时统计结果（含出现时间）[2026-04-03 01:00:00]: {'hour': '202604030100', 'max_temperature': np.float64(21.4), 'max_temperature_time': '20260403 00:44:00', 'min_temperature': np.float64(20.7), 'min_temperature_time': '20260403 00:20:00', 'max_humidity': np.float64(55.0), 'max_humidity_time': '20260403 00:27:00', 'min_humidity': np.float64(48.1), 'min_humidity_time': '20260403 00:59:00', 'max_pressure': np.float64(1005.4), 'max_pressure_time': '20260403 00:21:00', 'min_pressure': np.float64(1004.7), 'min_pressure_time': '20260403 00:56:00', 'max_instantaneous_rainfall': np.float64(0.4), 'max_instantaneous_rainfall_time': '20260403 00:21:00', 'max_wind': np.float64(4.3), 'max_wind_time': '20260403 00:19:30', 'max_level': np.float64(3.0), 'max_direction': '东北', 'max_angle': np.float64(51.8)}
2026-04-11 20:31:45,506 - INFO - 小时统计结果 [2026-04-03 01:00:00]: {'time': datetime.datetime(2026, 4, 2, 17, 0, tzinfo=datetime.timezone.utc), 'temperature': np.float64(-100.0), 'humidity': np.float64(-100.0), 'pressure': np.float64(-100.0), 'hourly_total_rainfall': np.float64(0.0), 'instant_speed': np.float64(-100.0), 'instant_level': np.float64(-100.0), 'instant_angle': np.float64(-100.0), 'instant_direction': '未知', 'avg_speed_2m': np.float64(-100.0), 'avg_level_2m': np.float64(-100.0), 'avg_angle_2m': np.float64(-100.0), 'avg_direction_2m': '未知', 'avg_speed_10m': np.float64(-100.0), 'avg_level_10m': np.float64(-100.0), 'avg_angle_10m': np.float64(-100.0), 'avg_direction_10m': '未知', 'hour': '202604030100', 'max_temperature': np.float64(21.4), 'max_temperature_time': '20260403 00:44:00', 'min_temperature': np.float64(20.7), 'min_temperature_time': '20260403 00:20:00', 'max_humidity': np.float64(55.0), 'max_humidity_time': '20260403 00:27:00', 'min_humidity': np.float64(48.1), 'min_humidity_time': '20260403 00:59:00', 'max_pressure': np.float64(1005.4), 'max_pressure_time': '20260403 00:21:00', 'min_pressure': np.float64(1004.7), 'min_pressure_time': '20260403 00:56:00', 'max_instantaneous_rainfall': np.float64(0.4), 'max_instantaneous_rainfall_time': '20260403 00:21:00', 'max_wind': np.float64(4.3), 'max_wind_time': '20260403 00:19:30', 'max_level': np.float64(3.0), 'max_direction': '东北', 'max_angle': np.float64(51.8)}
2026-04-11 20:33:41,977 - INFO - 小时统计结果（含出现时间）[2026-04-03 01:00:00]: {'hour': '202604030100', 'max_temperature': np.float64(21.4), 'max_temperature_time': '20260403 00:44:00', 'min_temperature': np.float64(20.7), 'min_temperature_time': '20260403 00:20:00', 'max_humidity': np.float64(55.0), 'max_humidity_time': '20260403 00:27:00', 'min_humidity': np.float64(48.1), 'min_humidity_time': '20260403 00:59:00', 'max_pressure': np.float64(1005.4), 'max_pressure_time': '20260403 00:21:00', 'min_pressure': np.float64(1004.7), 'min_pressure_time': '20260403 00:56:00', 'max_instantaneous_rainfall': np.float64(0.4), 'max_instantaneous_rainfall_time': '20260403 00:21:00', 'max_wind': np.float64(4.3), 'max_wind_time': '20260403 00:19:30', 'max_level': np.float64(3.0), 'max_direction': '东北', 'max_angle': np.float64(51.8)}
2026-04-11 20:33:41,978 - INFO - 小时统计结果 [2026-04-03 01:00:00]: {'time': datetime.datetime(2026, 4, 2, 17, 0, tzinfo=datetime.timezone.utc), 'temperature': np.float64(-100.0), 'humidity': np.float64(-100.0), 'pressure': np.float64(-100.0), 'hourly_total_rainfall': np.float64(0.0), 'instant_speed': np.float64(-100.0), 'instant_level': np.float64(-100.0), 'instant_angle': np.float64(-100.0), 'instant_direction': '未知', 'avg_speed_2m': np.float64(-100.0), 'avg_level_2m': np.float64(-100.0), 'avg_angle_2m': np.float64(-100.0), 'avg_direction_2m': '未知', 'avg_speed_10m': np.float64(-100.0), 'avg_level_10m': np.float64(-100.0), 'avg_angle_10m': np.float64(-100.0), 'avg_direction_10m': '未知', 'hour': '202604030100', 'max_temperature': np.float64(21.4), 'max_temperature_time': '20260403 00:44:00', 'min_temperature': np.float64(20.7), 'min_temperature_time': '20260403 00:20:00', 'max_humidity': np.float64(55.0), 'max_humidity_time': '20260403 00:27:00', 'min_humidity': np.float64(48.1), 'min_humidity_time': '20260403 00:59:00', 'max_pressure': np.float64(1005.4), 'max_pressure_time': '20260403 00:21:00', 'min_pressure': np.float64(1004.7), 'min_pressure_time': '20260403 00:56:00', 'max_instantaneous_rainfall': np.float64(0.4), 'max_instantaneous_rainfall_time': '20260403 00:21:00', 'max_wind': np.float64(4.3), 'max_wind_time': '20260403 00:19:30', 'max_level': np.float64(3.0), 'max_direction': '东北', 'max_angle': np.float64(51.8)}
2026-04-11 20:33:58,242 - INFO - 小时统计结果（含出现时间）[2026-04-03 01:00:00]: {'hour': '202604030100', 'max_temperature': np.float64(21.4), 'max_temperature_time': '20260403 00:44:00', 'min_temperature': np.float64(20.7), 'min_temperature_time': '20260403 00:20:00', 'max_humidity': np.float64(55.0), 'max_humidity_time': '20260403 00:27:00', 'min_humidity': np.float64(48.1), 'min_humidity_time': '20260403 00:59:00', 'max_pressure': np.float64(1005.4), 'max_pressure_time': '20260403 00:21:00', 'min_pressure': np.float64(1004.7), 'min_pressure_time': '20260403 00:56:00', 'max_instantaneous_rainfall': np.float64(0.4), 'max_instantaneous_rainfall_time': '20260403 00:21:00', 'max_wind': np.float64(4.3), 'max_wind_time': '20260403 00:19:30', 'max_level': np.float64(3.0), 'max_direction': '东北', 'max_angle': np.float64(51.8)}
2026-04-11 20:33:58,242 - INFO - 小时统计结果 [2026-04-03 01:00:00]: {'time': datetime.datetime(2026, 4, 2, 17, 0, tzinfo=datetime.timezone.utc), 'temperature': np.float64(-100.0), 'humidity': np.float64(-100.0), 'pressure': np.float64(-100.0), 'hourly_total_rainfall': np.float64(0.0), 'instant_speed': np.float64(-100.0), 'instant_level': np.float64(-100.0), 'instant_angle': np.float64(-100.0), 'instant_direction': '未知', 'avg_speed_2m': np.float64(-100.0), 'avg_level_2m': np.float64(-100.0), 'avg_angle_2m': np.float64(-100.0), 'avg_direction_2m': '未知', 'avg_speed_10m': np.float64(-100.0), 'avg_level_10m': np.float64(-100.0), 'avg_angle_10m': np.float64(-100.0), 'avg_direction_10m': '未知', 'hour': '202604030100', 'max_temperature': np.float64(21.4), 'max_temperature_time': '20260403 00:44:00', 'min_temperature': np.float64(20.7), 'min_temperature_time': '20260403 00:20:00', 'max_humidity': np.float64(55.0), 'max_humidity_time': '20260403 00:27:00', 'min_humidity': np.float64(48.1), 'min_humidity_time': '20260403 00:59:00', 'max_pressure': np.float64(1005.4), 'max_pressure_time': '20260403 00:21:00', 'min_pressure': np.float64(1004.7), 'min_pressure_time': '20260403 00:56:00', 'max_instantaneous_rainfall': np.float64(0.4), 'max_instantaneous_rainfall_time': '20260403 00:21:00', 'max_wind': np.float64(4.3), 'max_wind_time': '20260403 00:19:30', 'max_level': np.float64(3.0), 'max_direction': '东北', 'max_angle': np.float64(51.8)}
2026-04-11 20:35:58,531 - INFO - 小时统计结果（含出现时间）[2026-04-03 01:00:00]: {'hour': '202604030100', 'max_temperature': np.float64(21.4), 'max_temperature_time': '20260403 00:44:00', 'min_temperature': np.float64(20.7), 'min_temperature_time': '20260403 00:20:00', 'max_humidity': np.float64(55.0), 'max_humidity_time': '20260403 00:27:00', 'min_humidity': np.float64(48.1), 'min_humidity_time': '20260403 00:59:00', 'max_pressure': np.float64(1005.4), 'max_pressure_time': '20260403 00:21:00', 'min_pressure': np.float64(1004.7), 'min_pressure_time': '20260403 00:56:00', 'max_instantaneous_rainfall': np.float64(0.4), 'max_instantaneous_rainfall_time': '20260403 00:21:00', 'max_wind': np.float64(4.3), 'max_wind_time': '20260403 00:19:30', 'max_level': np.float64(3.0), 'max_direction': '东北', 'max_angle': np.float64(51.8)}
2026-04-11 20:35:58,531 - INFO - 小时统计结果 [2026-04-03 01:00:00]: {'time': datetime.datetime(2026, 4, 2, 17, 0, tzinfo=datetime.timezone.utc), 'temperature': np.float64(-100.0), 'humidity': np.float64(-100.0), 'pressure': np.float64(-100.0), 'hourly_total_rainfall': np.float64(0.0), 'instant_speed': np.float64(-100.0), 'instant_level': np.float64(-100.0), 'instant_angle': np.float64(-100.0), 'instant_direction': '未知', 'avg_speed_2m': np.float64(-100.0), 'avg_level_2m': np.float64(-100.0), 'avg_angle_2m': np.float64(-100.0), 'avg_direction_2m': '未知', 'avg_speed_10m': np.float64(-100.0), 'avg_level_10m': np.float64(-100.0), 'avg_angle_10m': np.float64(-100.0), 'avg_direction_10m': '未知', 'hour': '202604030100', 'max_temperature': np.float64(21.4), 'max_temperature_time': '20260403 00:44:00', 'min_temperature': np.float64(20.7), 'min_temperature_time': '20260403 00:20:00', 'max_humidity': np.float64(55.0), 'max_humidity_time': '20260403 00:27:00', 'min_humidity': np.float64(48.1), 'min_humidity_time': '20260403 00:59:00', 'max_pressure': np.float64(1005.4), 'max_pressure_time': '20260403 00:21:00', 'min_pressure': np.float64(1004.7), 'min_pressure_time': '20260403 00:56:00', 'max_instantaneous_rainfall': np.float64(0.4), 'max_instantaneous_rainfall_time': '20260403 00:21:00', 'max_wind': np.float64(4.3), 'max_wind_time': '20260403 00:19:30', 'max_level': np.float64(3.0), 'max_direction': '东北', 'max_angle': np.float64(51.8)}
2026-04-11 20:37:48,373 - INFO - 小时统计结果（含出现时间）[2026-04-03 01:00:00]: {'hour': '202604030100', 'max_temperature': np.float64(21.4), 'max_temperature_time': '20260403 00:59:00', 'min_temperature': np.float64(20.7), 'min_temperature_time': '20260403 00:20:00', 'max_humidity': np.float64(55.0), 'max_humidity_time': '20260403 00:27:00', 'min_humidity': np.float64(48.1), 'min_humidity_time': '20260403 00:59:00', 'max_pressure': np.float64(1005.4), 'max_pressure_time': '20260403 00:36:00', 'min_pressure': np.float64(1004.7), 'min_pressure_time': '20260403 00:59:00', 'max_instantaneous_rainfall': np.float64(0.4), 'max_instantaneous_rainfall_time': '20260403 00:21:00', 'max_wind': np.float64(4.3), 'max_wind_time': '20260403 00:19:30', 'max_level': np.float64(3.0), 'max_direction': '东北', 'max_angle': np.float64(51.8)}
2026-04-11 20:37:48,373 - INFO - 小时统计结果 [2026-04-03 01:00:00]: {'time': datetime.datetime(2026, 4, 2, 17, 0, tzinfo=datetime.timezone.utc), 'temperature': np.float64(21.4), 'humidity': np.float64(48.1), 'pressure': np.float64(1004.7), 'hourly_total_rainfall': np.float64(0.6), 'instant_speed': np.float64(0.0), 'instant_level': np.float64(0.0), 'instant_angle': np.float64(214.1), 'instant_direction': '西南', 'avg_speed_2m': np.float64(0.0), 'avg_level_2m': np.float64(0.0), 'avg_angle_2m': np.float64(213.7), 'avg_direction_2m': '南西南', 'avg_speed_10m': np.float64(0.0), 'avg_level_10m': np.float64(0.0), 'avg_angle_10m': np.float64(213.7), 'avg_direction_10m': '南西南', 'hour': '202604030100', 'max_temperature': np.float64(21.4), 'max_temperature_time': '20260403 00:59:00', 'min_temperature': np.float64(20.7), 'min_temperature_time': '20260403 00:20:00', 'max_humidity': np.float64(55.0), 'max_humidity_time': '20260403 00:27:00', 'min_humidity': np.float64(48.1), 'min_humidity_time': '20260403 00:59:00', 'max_pressure': np.float64(1005.4), 'max_pressure_time': '20260403 00:36:00', 'min_pressure': np.float64(1004.7), 'min_pressure_time': '20260403 00:59:00', 'max_instantaneous_rainfall': np.float64(0.4), 'max_instantaneous_rainfall_time': '20260403 00:21:00', 'max_wind': np.float64(4.3), 'max_wind_time': '20260403 00:19:30', 'max_level': np.float64(3.0), 'max_direction': '东北', 'max_angle': np.float64(51.8)}
2026-04-11 20:39:00,360 - INFO - 小时统计结果（含出现时间）[2026-04-03 01:00:00]: {'hour': '202604030100', 'max_temperature': np.float64(21.4), 'max_temperature_time': '20260403 00:59:00', 'min_temperature': np.float64(20.7), 'min_temperature_time': '20260403 00:20:00', 'max_humidity': np.float64(55.0), 'max_humidity_time': '20260403 00:27:00', 'min_humidity': np.float64(48.1), 'min_humidity_time': '20260403 00:59:00', 'max_pressure': np.float64(1005.4), 'max_pressure_time': '20260403 00:36:00', 'min_pressure': np.float64(1004.7), 'min_pressure_time': '20260403 00:59:00', 'max_instantaneous_rainfall': np.float64(0.4), 'max_instantaneous_rainfall_time': '20260403 00:21:00', 'max_wind': np.float64(4.3), 'max_wind_time': '20260403 00:19:30', 'max_level': np.float64(3.0), 'max_direction': '东北', 'max_angle': np.float64(51.8)}
2026-04-11 20:39:00,361 - INFO - 小时统计结果 [2026-04-03 01:00:00]: {'time': datetime.datetime(2026, 4, 2, 17, 0, tzinfo=datetime.timezone.utc), 'temperature': np.float64(21.4), 'humidity': np.float64(48.1), 'pressure': np.float64(1004.7), 'hourly_total_rainfall': np.float64(0.6), 'instant_speed': np.float64(0.0), 'instant_level': np.float64(0.0), 'instant_angle': np.float64(214.1), 'instant_direction': '西南', 'avg_speed_2m': np.float64(0.0), 'avg_level_2m': np.float64(0.0), 'avg_angle_2m': np.float64(213.7), 'avg_direction_2m': '南西南', 'avg_speed_10m': np.float64(0.0), 'avg_level_10m': np.float64(0.0), 'avg_angle_10m': np.float64(213.7), 'avg_direction_10m': '南西南', 'hour': '202604030100', 'max_temperature': np.float64(21.4), 'max_temperature_time': '20260403 00:59:00', 'min_temperature': np.float64(20.7), 'min_temperature_time': '20260403 00:20:00', 'max_humidity': np.float64(55.0), 'max_humidity_time': '20260403 00:27:00', 'min_humidity': np.float64(48.1), 'min_humidity_time': '20260403 00:59:00', 'max_pressure': np.float64(1005.4), 'max_pressure_time': '20260403 00:36:00', 'min_pressure': np.float64(1004.7), 'min_pressure_time': '20260403 00:59:00', 'max_instantaneous_rainfall': np.float64(0.4), 'max_instantaneous_rainfall_time': '20260403 00:21:00', 'max_wind': np.float64(4.3), 'max_wind_time': '20260403 00:19:30', 'max_level': np.float64(3.0), 'max_direction': '东北', 'max_angle': np.float64(51.8)}
2026-04-11 20:41:06,615 - INFO - 小时统计结果（含出现时间）[2026-04-03 01:00:00]
2026-04-11 20:41:06,615 - INFO - 小时统计结果 [2026-04-03 01:00:00]: {'time': datetime.datetime(2026, 4, 2, 17, 0, tzinfo=datetime.timezone.utc), 'temperature': np.float64(21.4), 'humidity': np.float64(48.1), 'pressure': np.float64(1004.7), 'hourly_total_rainfall': np.float64(0.6), 'instant_speed': np.float64(0.0), 'instant_level': np.float64(0.0), 'instant_angle': np.float64(214.1), 'instant_direction': '西南', 'avg_speed_2m': np.float64(0.0), 'avg_level_2m': np.float64(0.0), 'avg_angle_2m': np.float64(213.7), 'avg_direction_2m': '南西南', 'avg_speed_10m': np.float64(0.0), 'avg_level_10m': np.float64(0.0), 'avg_angle_10m': np.float64(213.7), 'avg_direction_10m': '南西南', 'hour': '202604030100', 'max_temperature': np.float64(21.4), 'max_temperature_time': '20260403 00:59:00', 'min_temperature': np.float64(20.7), 'min_temperature_time': '20260403 00:20:00', 'max_humidity': np.float64(55.0), 'max_humidity_time': '20260403 00:27:00', 'min_humidity': np.float64(48.1), 'min_humidity_time': '20260403 00:59:00', 'max_pressure': np.float64(1005.4), 'max_pressure_time': '20260403 00:36:00', 'min_pressure': np.float64(1004.7), 'min_pressure_time': '20260403 00:59:00', 'max_instantaneous_rainfall': np.float64(0.4), 'max_instantaneous_rainfall_time': '20260403 00:21:00', 'max_wind': np.float64(4.3), 'max_wind_time': '20260403 00:19:30', 'max_level': np.float64(3.0), 'max_direction': '东北', 'max_angle': np.float64(51.8)}
2026-04-11 20:41:24,435 - INFO - 小时统计结果（含出现时间）[2026-04-03 01:00:00]
2026-04-11 20:41:24,435 - INFO - 小时统计结果 [2026-04-03 01:00:00]
2026-04-11 20:42:02,493 - INFO - 查询成功
2026-04-27 00:32:55,341 - INFO - 分钟数据写入成功: 2026-04-03 00:00:00
2026-04-27 00:32:55,632 - INFO - 分钟数据写入成功: 2026-04-03 00:01:00
2026-04-27 00:32:55,914 - INFO - 分钟数据写入成功: 2026-04-03 00:02:00
2026-04-27 00:32:56,206 - INFO - 分钟数据写入成功: 2026-04-03 00:03:00
2026-04-27 00:32:56,529 - INFO - 分钟数据写入成功: 2026-04-03 00:04:00
2026-04-27 00:32:56,822 - INFO - 分钟数据写入成功: 2026-04-03 00:05:00
2026-04-27 00:32:57,142 - INFO - 分钟数据写入成功: 2026-04-03 00:06:00
2026-04-27 00:32:57,400 - INFO - 分钟数据写入成功: 2026-04-03 00:07:00
2026-04-27 00:32:57,675 - INFO - 分钟数据写入成功: 2026-04-03 00:08:00
2026-04-27 00:32:57,918 - INFO - 分钟数据写入成功: 2026-04-03 00:09:00
2026-04-27 00:32:58,194 - INFO - 分钟数据写入成功: 2026-04-03 00:10:00
2026-04-27 00:32:58,476 - INFO - 分钟数据写入成功: 2026-04-03 00:11:00
2026-04-27 00:32:58,736 - INFO - 分钟数据写入成功: 2026-04-03 00:12:00
2026-04-27 00:32:59,031 - INFO - 分钟数据写入成功: 2026-04-03 00:13:00
2026-04-27 00:32:59,291 - INFO - 分钟数据写入成功: 2026-04-03 00:14:00
2026-04-27 00:32:59,590 - INFO - 分钟数据写入成功: 2026-04-03 00:15:00
2026-04-27 00:32:59,855 - INFO - 分钟数据写入成功: 2026-04-03 00:16:00
2026-04-27 00:33:00,155 - INFO - 分钟数据写入成功: 2026-04-03 00:17:00
2026-04-27 00:33:00,429 - INFO - 分钟数据写入成功: 2026-04-03 00:18:00
2026-04-27 00:33:00,707 - INFO - 分钟数据写入成功: 2026-04-03 00:19:00
2026-04-27 00:33:01,577 - INFO - 分钟数据写入成功: 2026-04-03 00:20:00
2026-04-27 00:33:02,400 - INFO - 分钟数据写入成功: 2026-04-03 00:21:00
2026-04-27 00:33:03,232 - INFO - 分钟数据写入成功: 2026-04-03 00:22:00
2026-04-27 00:33:04,101 - INFO - 分钟数据写入成功: 2026-04-03 00:23:00
2026-04-27 00:33:04,953 - INFO - 分钟数据写入成功: 2026-04-03 00:24:00
2026-04-27 00:33:05,869 - INFO - 分钟数据写入成功: 2026-04-03 00:25:00
2026-04-27 00:33:06,174 - INFO - 分钟数据写入成功: 2026-04-03 00:26:00
2026-04-27 00:33:06,895 - INFO - 分钟数据写入成功: 2026-04-03 00:27:00
2026-04-27 00:33:07,765 - INFO - 分钟数据写入成功: 2026-04-03 00:28:00
2026-04-27 00:33:08,704 - INFO - 分钟数据写入成功: 2026-04-03 00:29:00
2026-04-27 00:33:09,697 - INFO - 分钟数据写入成功: 2026-04-03 00:30:00
2026-04-27 00:33:10,665 - INFO - 分钟数据写入成功: 2026-04-03 00:31:00
2026-04-27 00:33:11,640 - INFO - 分钟数据写入成功: 2026-04-03 00:32:00
2026-04-27 00:33:12,615 - INFO - 分钟数据写入成功: 2026-04-03 00:33:00
2026-04-27 00:33:13,578 - INFO - 分钟数据写入成功: 2026-04-03 00:34:00
2026-04-27 00:33:14,587 - INFO - 分钟数据写入成功: 2026-04-03 00:35:00
2026-04-27 00:33:15,697 - INFO - 分钟数据写入成功: 2026-04-03 00:36:00
2026-04-27 00:33:16,799 - INFO - 分钟数据写入成功: 2026-04-03 00:37:00
2026-04-27 00:33:17,970 - INFO - 分钟数据写入成功: 2026-04-03 00:38:00
2026-04-27 00:33:19,086 - INFO - 分钟数据写入成功: 2026-04-03 00:39:00
2026-04-27 00:33:20,209 - INFO - 分钟数据写入成功: 2026-04-03 00:40:00
2026-04-27 00:33:21,246 - INFO - 分钟数据写入成功: 2026-04-03 00:41:00
2026-04-27 00:33:22,357 - INFO - 分钟数据写入成功: 2026-04-03 00:42:00
2026-04-27 00:33:23,383 - INFO - 分钟数据写入成功: 2026-04-03 00:43:00
2026-04-27 00:33:24,501 - INFO - 分钟数据写入成功: 2026-04-03 00:44:00
2026-04-27 00:33:25,568 - INFO - 分钟数据写入成功: 2026-04-03 00:45:00
2026-04-27 00:33:26,687 - INFO - 分钟数据写入成功: 2026-04-03 00:46:00
2026-04-27 00:33:27,647 - INFO - 分钟数据写入成功: 2026-04-03 00:47:00
2026-04-27 00:33:28,777 - INFO - 分钟数据写入成功: 2026-04-03 00:48:00
2026-04-27 00:33:29,933 - INFO - 分钟数据写入成功: 2026-04-03 00:49:00
2026-04-27 00:33:31,031 - INFO - 分钟数据写入成功: 2026-04-03 00:50:00
2026-04-27 00:33:32,006 - INFO - 分钟数据写入成功: 2026-04-03 00:51:00
2026-04-27 00:33:32,944 - INFO - 分钟数据写入成功: 2026-04-03 00:52:00
2026-04-27 00:33:33,983 - INFO - 分钟数据写入成功: 2026-04-03 00:53:00
2026-04-27 00:33:35,018 - INFO - 分钟数据写入成功: 2026-04-03 00:54:00
2026-04-27 00:33:36,048 - INFO - 分钟数据写入成功: 2026-04-03 00:55:00
2026-04-27 00:33:37,165 - INFO - 分钟数据写入成功: 2026-04-03 00:56:00
2026-04-27 00:33:38,251 - INFO - 分钟数据写入成功: 2026-04-03 00:57:00
2026-04-27 00:33:39,421 - INFO - 分钟数据写入成功: 2026-04-03 00:58:00
2026-04-27 00:33:40,593 - INFO - 分钟数据写入成功: 2026-04-03 00:59:00
2026-04-27 00:35:11,159 - ERROR - 分钟数据写入失败: HTTPConnection(host='http', port=80): Failed to resolve 'http' ([Errno 11001] getaddrinfo failed)
2026-04-27 00:35:13,920 - ERROR - 分钟数据写入失败: HTTPConnection(host='http', port=80): Failed to resolve 'http' ([Errno 11001] getaddrinfo failed)
2026-04-27 00:35:16,656 - ERROR - 分钟数据写入失败: HTTPConnection(host='http', port=80): Failed to resolve 'http' ([Errno 11001] getaddrinfo failed)
2026-04-27 00:35:27,896 - INFO - 分钟数据写入成功: 2026-04-03 00:00:00
2026-04-27 00:35:28,238 - INFO - 分钟数据写入成功: 2026-04-03 00:01:00
2026-04-27 00:35:28,575 - INFO - 分钟数据写入成功: 2026-04-03 00:02:00
2026-04-27 00:35:28,854 - INFO - 分钟数据写入成功: 2026-04-03 00:03:00
2026-04-27 00:35:29,162 - INFO - 分钟数据写入成功: 2026-04-03 00:04:00
2026-04-27 00:35:29,532 - INFO - 分钟数据写入成功: 2026-04-03 00:05:00
2026-04-27 00:35:29,846 - INFO - 分钟数据写入成功: 2026-04-03 00:06:00
2026-04-27 00:35:30,092 - INFO - 分钟数据写入成功: 2026-04-03 00:07:00
2026-04-27 00:35:30,389 - INFO - 分钟数据写入成功: 2026-04-03 00:08:00
2026-04-27 00:35:30,785 - INFO - 分钟数据写入成功: 2026-04-03 00:09:00
2026-04-27 00:35:31,095 - INFO - 分钟数据写入成功: 2026-04-03 00:10:00
2026-04-27 00:35:31,368 - INFO - 分钟数据写入成功: 2026-04-03 00:11:00
2026-04-27 00:35:31,646 - INFO - 分钟数据写入成功: 2026-04-03 00:12:00
2026-04-27 00:35:31,953 - INFO - 分钟数据写入成功: 2026-04-03 00:13:00
2026-04-27 00:35:32,294 - INFO - 分钟数据写入成功: 2026-04-03 00:14:00
2026-04-27 00:35:32,618 - INFO - 分钟数据写入成功: 2026-04-03 00:15:00
2026-04-27 00:35:32,912 - INFO - 分钟数据写入成功: 2026-04-03 00:16:00
2026-04-27 00:35:33,156 - INFO - 分钟数据写入成功: 2026-04-03 00:17:00
2026-04-27 00:35:33,382 - INFO - 分钟数据写入成功: 2026-04-03 00:18:00
2026-04-27 00:35:33,709 - INFO - 分钟数据写入成功: 2026-04-03 00:19:00
2026-04-27 00:35:34,491 - INFO - 分钟数据写入成功: 2026-04-03 00:20:00
2026-04-27 00:35:35,351 - INFO - 分钟数据写入成功: 2026-04-03 00:21:00
2026-04-27 00:35:36,234 - INFO - 分钟数据写入成功: 2026-04-03 00:22:00
2026-04-27 00:35:37,186 - INFO - 分钟数据写入成功: 2026-04-03 00:23:00
2026-04-27 00:35:38,308 - INFO - 分钟数据写入成功: 2026-04-03 00:24:00
2026-04-27 00:35:39,351 - INFO - 分钟数据写入成功: 2026-04-03 00:25:00
2026-04-27 00:35:39,718 - INFO - 分钟数据写入成功: 2026-04-03 00:26:00
2026-04-27 00:35:40,475 - INFO - 分钟数据写入成功: 2026-04-03 00:27:00
2026-04-27 00:35:41,544 - INFO - 分钟数据写入成功: 2026-04-03 00:28:00
2026-04-27 00:35:42,536 - INFO - 分钟数据写入成功: 2026-04-03 00:29:00
2026-04-27 00:35:43,567 - INFO - 分钟数据写入成功: 2026-04-03 00:30:00
2026-04-27 00:35:44,607 - INFO - 分钟数据写入成功: 2026-04-03 00:31:00
2026-04-27 00:35:45,605 - INFO - 分钟数据写入成功: 2026-04-03 00:32:00
2026-04-27 00:35:46,565 - INFO - 分钟数据写入成功: 2026-04-03 00:33:00
2026-04-27 00:35:47,682 - INFO - 分钟数据写入成功: 2026-04-03 00:34:00
2026-04-27 00:35:48,767 - INFO - 分钟数据写入成功: 2026-04-03 00:35:00
2026-04-27 00:35:49,810 - INFO - 分钟数据写入成功: 2026-04-03 00:36:00
2026-04-27 00:35:50,810 - INFO - 分钟数据写入成功: 2026-04-03 00:37:00
2026-04-27 00:35:51,962 - INFO - 分钟数据写入成功: 2026-04-03 00:38:00
2026-04-27 00:35:52,967 - INFO - 分钟数据写入成功: 2026-04-03 00:39:00
2026-04-27 00:35:54,042 - INFO - 分钟数据写入成功: 2026-04-03 00:40:00
2026-04-27 00:35:55,233 - INFO - 分钟数据写入成功: 2026-04-03 00:41:00
2026-04-27 00:35:59,450 - INFO - 分钟数据写入成功: 2026-04-03 00:42:00
2026-04-27 00:36:00,461 - INFO - 分钟数据写入成功: 2026-04-03 00:43:00
2026-04-27 00:36:01,478 - INFO - 分钟数据写入成功: 2026-04-03 00:44:00
2026-04-27 00:36:02,519 - INFO - 分钟数据写入成功: 2026-04-03 00:45:00
2026-04-27 00:36:03,640 - INFO - 分钟数据写入成功: 2026-04-03 00:46:00
2026-04-27 00:36:04,619 - INFO - 分钟数据写入成功: 2026-04-03 00:47:00
2026-04-27 00:36:05,775 - INFO - 分钟数据写入成功: 2026-04-03 00:48:00
2026-04-27 00:36:06,716 - INFO - 分钟数据写入成功: 2026-04-03 00:49:00
2026-04-27 00:36:07,807 - INFO - 分钟数据写入成功: 2026-04-03 00:50:00
2026-04-27 00:36:08,861 - INFO - 分钟数据写入成功: 2026-04-03 00:51:00
2026-04-27 00:36:09,814 - INFO - 分钟数据写入成功: 2026-04-03 00:52:00
2026-04-27 00:36:10,929 - INFO - 分钟数据写入成功: 2026-04-03 00:53:00
2026-04-27 00:36:11,996 - INFO - 分钟数据写入成功: 2026-04-03 00:54:00
2026-04-27 00:36:13,220 - INFO - 分钟数据写入成功: 2026-04-03 00:55:00
2026-04-27 00:36:14,270 - INFO - 分钟数据写入成功: 2026-04-03 00:56:00
2026-04-27 00:36:15,462 - INFO - 分钟数据写入成功: 2026-04-03 00:57:00
2026-04-27 00:36:16,618 - INFO - 分钟数据写入成功: 2026-04-03 00:58:00
2026-04-27 00:36:17,861 - INFO - 分钟数据写入成功: 2026-04-03 00:59:00
2026-04-27 00:36:29,300 - INFO - 查询成功
2026-04-27 00:36:38,392 - INFO - 查询成功
2026-04-27 00:40:28,790 - ERROR - 分钟数据写入失败: (404)
Reason: Not Found
HTTP response headers: HTTPHeaderDict({'Content-Type': 'application/json; charset=utf-8', 'X-Influxdb-Build': 'OSS', 'X-Influxdb-Version': 'v2.8.0', 'X-Platform-Error-Code': 'not found', 'Date': 'Sun, 26 Apr 2026 16:40:28 GMT', 'Content-Length': '66'})
HTTP response body: {"code":"not found","message":"bucket \"weather_1min\" not found"}

2026-04-27 00:40:28,851 - ERROR - 分钟数据写入失败: (404)
Reason: Not Found
HTTP response headers: HTTPHeaderDict({'Content-Type': 'application/json; charset=utf-8', 'X-Influxdb-Build': 'OSS', 'X-Influxdb-Version': 'v2.8.0', 'X-Platform-Error-Code': 'not found', 'Date': 'Sun, 26 Apr 2026 16:40:28 GMT', 'Content-Length': '66'})
HTTP response body: {"code":"not found","message":"bucket \"weather_1min\" not found"}

2026-04-27 00:40:28,922 - ERROR - 分钟数据写入失败: (404)
Reason: Not Found
HTTP response headers: HTTPHeaderDict({'Content-Type': 'application/json; charset=utf-8', 'X-Influxdb-Build': 'OSS', 'X-Influxdb-Version': 'v2.8.0', 'X-Platform-Error-Code': 'not found', 'Date': 'Sun, 26 Apr 2026 16:40:29 GMT', 'Content-Length': '66'})
HTTP response body: {"code":"not found","message":"bucket \"weather_1min\" not found"}

2026-04-27 00:40:28,986 - ERROR - 分钟数据写入失败: (404)
Reason: Not Found
HTTP response headers: HTTPHeaderDict({'Content-Type': 'application/json; charset=utf-8', 'X-Influxdb-Build': 'OSS', 'X-Influxdb-Version': 'v2.8.0', 'X-Platform-Error-Code': 'not found', 'Date': 'Sun, 26 Apr 2026 16:40:29 GMT', 'Content-Length': '66'})
HTTP response body: {"code":"not found","message":"bucket \"weather_1min\" not found"}

2026-04-27 00:40:29,045 - ERROR - 分钟数据写入失败: (404)
Reason: Not Found
HTTP response headers: HTTPHeaderDict({'Content-Type': 'application/json; charset=utf-8', 'X-Influxdb-Build': 'OSS', 'X-Influxdb-Version': 'v2.8.0', 'X-Platform-Error-Code': 'not found', 'Date': 'Sun, 26 Apr 2026 16:40:29 GMT', 'Content-Length': '66'})
HTTP response body: {"code":"not found","message":"bucket \"weather_1min\" not found"}

2026-04-27 00:40:29,235 - ERROR - 分钟数据写入失败: (404)
Reason: Not Found
HTTP response headers: HTTPHeaderDict({'Content-Type': 'application/json; charset=utf-8', 'X-Influxdb-Build': 'OSS', 'X-Influxdb-Version': 'v2.8.0', 'X-Platform-Error-Code': 'not found', 'Date': 'Sun, 26 Apr 2026 16:40:29 GMT', 'Content-Length': '66'})
HTTP response body: {"code":"not found","message":"bucket \"weather_1min\" not found"}

2026-04-27 00:40:29,294 - ERROR - 分钟数据写入失败: (404)
Reason: Not Found
HTTP response headers: HTTPHeaderDict({'Content-Type': 'application/json; charset=utf-8', 'X-Influxdb-Build': 'OSS', 'X-Influxdb-Version': 'v2.8.0', 'X-Platform-Error-Code': 'not found', 'Date': 'Sun, 26 Apr 2026 16:40:29 GMT', 'Content-Length': '66'})
HTTP response body: {"code":"not found","message":"bucket \"weather_1min\" not found"}

2026-04-27 00:40:29,348 - ERROR - 分钟数据写入失败: (404)
Reason: Not Found
HTTP response headers: HTTPHeaderDict({'Content-Type': 'application/json; charset=utf-8', 'X-Influxdb-Build': 'OSS', 'X-Influxdb-Version': 'v2.8.0', 'X-Platform-Error-Code': 'not found', 'Date': 'Sun, 26 Apr 2026 16:40:29 GMT', 'Content-Length': '66'})
HTTP response body: {"code":"not found","message":"bucket \"weather_1min\" not found"}

2026-04-27 00:40:29,404 - ERROR - 分钟数据写入失败: (404)
Reason: Not Found
HTTP response headers: HTTPHeaderDict({'Content-Type': 'application/json; charset=utf-8', 'X-Influxdb-Build': 'OSS', 'X-Influxdb-Version': 'v2.8.0', 'X-Platform-Error-Code': 'not found', 'Date': 'Sun, 26 Apr 2026 16:40:29 GMT', 'Content-Length': '66'})
HTTP response body: {"code":"not found","message":"bucket \"weather_1min\" not found"}

2026-04-27 00:40:29,481 - ERROR - 分钟数据写入失败: (404)
Reason: Not Found
HTTP response headers: HTTPHeaderDict({'Content-Type': 'application/json; charset=utf-8', 'X-Influxdb-Build': 'OSS', 'X-Influxdb-Version': 'v2.8.0', 'X-Platform-Error-Code': 'not found', 'Date': 'Sun, 26 Apr 2026 16:40:29 GMT', 'Content-Length': '66'})
HTTP response body: {"code":"not found","message":"bucket \"weather_1min\" not found"}

2026-04-27 00:40:29,540 - ERROR - 分钟数据写入失败: (404)
Reason: Not Found
HTTP response headers: HTTPHeaderDict({'Content-Type': 'application/json; charset=utf-8', 'X-Influxdb-Build': 'OSS', 'X-Influxdb-Version': 'v2.8.0', 'X-Platform-Error-Code': 'not found', 'Date': 'Sun, 26 Apr 2026 16:40:29 GMT', 'Content-Length': '66'})
HTTP response body: {"code":"not found","message":"bucket \"weather_1min\" not found"}

2026-04-27 00:40:29,604 - ERROR - 分钟数据写入失败: (404)
Reason: Not Found
HTTP response headers: HTTPHeaderDict({'Content-Type': 'application/json; charset=utf-8', 'X-Influxdb-Build': 'OSS', 'X-Influxdb-Version': 'v2.8.0', 'X-Platform-Error-Code': 'not found', 'Date': 'Sun, 26 Apr 2026 16:40:29 GMT', 'Content-Length': '66'})
HTTP response body: {"code":"not found","message":"bucket \"weather_1min\" not found"}

2026-04-27 00:40:29,670 - ERROR - 分钟数据写入失败: (404)
Reason: Not Found
HTTP response headers: HTTPHeaderDict({'Content-Type': 'application/json; charset=utf-8', 'X-Influxdb-Build': 'OSS', 'X-Influxdb-Version': 'v2.8.0', 'X-Platform-Error-Code': 'not found', 'Date': 'Sun, 26 Apr 2026 16:40:29 GMT', 'Content-Length': '66'})
HTTP response body: {"code":"not found","message":"bucket \"weather_1min\" not found"}

2026-04-27 00:40:29,724 - ERROR - 分钟数据写入失败: (404)
Reason: Not Found
HTTP response headers: HTTPHeaderDict({'Content-Type': 'application/json; charset=utf-8', 'X-Influxdb-Build': 'OSS', 'X-Influxdb-Version': 'v2.8.0', 'X-Platform-Error-Code': 'not found', 'Date': 'Sun, 26 Apr 2026 16:40:29 GMT', 'Content-Length': '66'})
HTTP response body: {"code":"not found","message":"bucket \"weather_1min\" not found"}

2026-04-27 00:40:29,796 - ERROR - 分钟数据写入失败: (404)
Reason: Not Found
HTTP response headers: HTTPHeaderDict({'Content-Type': 'application/json; charset=utf-8', 'X-Influxdb-Build': 'OSS', 'X-Influxdb-Version': 'v2.8.0', 'X-Platform-Error-Code': 'not found', 'Date': 'Sun, 26 Apr 2026 16:40:29 GMT', 'Content-Length': '66'})
HTTP response body: {"code":"not found","message":"bucket \"weather_1min\" not found"}

2026-04-27 00:40:29,853 - ERROR - 分钟数据写入失败: (404)
Reason: Not Found
HTTP response headers: HTTPHeaderDict({'Content-Type': 'application/json; charset=utf-8', 'X-Influxdb-Build': 'OSS', 'X-Influxdb-Version': 'v2.8.0', 'X-Platform-Error-Code': 'not found', 'Date': 'Sun, 26 Apr 2026 16:40:29 GMT', 'Content-Length': '66'})
HTTP response body: {"code":"not found","message":"bucket \"weather_1min\" not found"}

2026-04-27 00:40:29,909 - ERROR - 分钟数据写入失败: (404)
Reason: Not Found
HTTP response headers: HTTPHeaderDict({'Content-Type': 'application/json; charset=utf-8', 'X-Influxdb-Build': 'OSS', 'X-Influxdb-Version': 'v2.8.0', 'X-Platform-Error-Code': 'not found', 'Date': 'Sun, 26 Apr 2026 16:40:30 GMT', 'Content-Length': '66'})
HTTP response body: {"code":"not found","message":"bucket \"weather_1min\" not found"}

2026-04-27 00:40:29,969 - ERROR - 分钟数据写入失败: (404)
Reason: Not Found
HTTP response headers: HTTPHeaderDict({'Content-Type': 'application/json; charset=utf-8', 'X-Influxdb-Build': 'OSS', 'X-Influxdb-Version': 'v2.8.0', 'X-Platform-Error-Code': 'not found', 'Date': 'Sun, 26 Apr 2026 16:40:30 GMT', 'Content-Length': '66'})
HTTP response body: {"code":"not found","message":"bucket \"weather_1min\" not found"}

2026-04-27 00:40:30,024 - ERROR - 分钟数据写入失败: (404)
Reason: Not Found
HTTP response headers: HTTPHeaderDict({'Content-Type': 'application/json; charset=utf-8', 'X-Influxdb-Build': 'OSS', 'X-Influxdb-Version': 'v2.8.0', 'X-Platform-Error-Code': 'not found', 'Date': 'Sun, 26 Apr 2026 16:40:30 GMT', 'Content-Length': '66'})
HTTP response body: {"code":"not found","message":"bucket \"weather_1min\" not found"}

2026-04-27 00:40:30,078 - ERROR - 分钟数据写入失败: (404)
Reason: Not Found
HTTP response headers: HTTPHeaderDict({'Content-Type': 'application/json; charset=utf-8', 'X-Influxdb-Build': 'OSS', 'X-Influxdb-Version': 'v2.8.0', 'X-Platform-Error-Code': 'not found', 'Date': 'Sun, 26 Apr 2026 16:40:30 GMT', 'Content-Length': '66'})
HTTP response body: {"code":"not found","message":"bucket \"weather_1min\" not found"}

2026-04-27 00:40:30,134 - ERROR - 分钟数据写入失败: (404)
Reason: Not Found
HTTP response headers: HTTPHeaderDict({'Content-Type': 'application/json; charset=utf-8', 'X-Influxdb-Build': 'OSS', 'X-Influxdb-Version': 'v2.8.0', 'X-Platform-Error-Code': 'not found', 'Date': 'Sun, 26 Apr 2026 16:40:30 GMT', 'Content-Length': '66'})
HTTP response body: {"code":"not found","message":"bucket \"weather_1min\" not found"}

2026-04-27 00:40:30,190 - ERROR - 分钟数据写入失败: (404)
Reason: Not Found
HTTP response headers: HTTPHeaderDict({'Content-Type': 'application/json; charset=utf-8', 'X-Influxdb-Build': 'OSS', 'X-Influxdb-Version': 'v2.8.0', 'X-Platform-Error-Code': 'not found', 'Date': 'Sun, 26 Apr 2026 16:40:30 GMT', 'Content-Length': '66'})
HTTP response body: {"code":"not found","message":"bucket \"weather_1min\" not found"}

2026-04-27 00:40:30,252 - ERROR - 分钟数据写入失败: (404)
Reason: Not Found
HTTP response headers: HTTPHeaderDict({'Content-Type': 'application/json; charset=utf-8', 'X-Influxdb-Build': 'OSS', 'X-Influxdb-Version': 'v2.8.0', 'X-Platform-Error-Code': 'not found', 'Date': 'Sun, 26 Apr 2026 16:40:30 GMT', 'Content-Length': '66'})
HTTP response body: {"code":"not found","message":"bucket \"weather_1min\" not found"}

2026-04-27 00:40:30,327 - ERROR - 分钟数据写入失败: (404)
Reason: Not Found
HTTP response headers: HTTPHeaderDict({'Content-Type': 'application/json; charset=utf-8', 'X-Influxdb-Build': 'OSS', 'X-Influxdb-Version': 'v2.8.0', 'X-Platform-Error-Code': 'not found', 'Date': 'Sun, 26 Apr 2026 16:40:30 GMT', 'Content-Length': '66'})
HTTP response body: {"code":"not found","message":"bucket \"weather_1min\" not found"}

2026-04-27 00:40:30,382 - ERROR - 分钟数据写入失败: (404)
Reason: Not Found
HTTP response headers: HTTPHeaderDict({'Content-Type': 'application/json; charset=utf-8', 'X-Influxdb-Build': 'OSS', 'X-Influxdb-Version': 'v2.8.0', 'X-Platform-Error-Code': 'not found', 'Date': 'Sun, 26 Apr 2026 16:40:30 GMT', 'Content-Length': '66'})
HTTP response body: {"code":"not found","message":"bucket \"weather_1min\" not found"}

2026-04-27 00:40:30,436 - ERROR - 分钟数据写入失败: (404)
Reason: Not Found
HTTP response headers: HTTPHeaderDict({'Content-Type': 'application/json; charset=utf-8', 'X-Influxdb-Build': 'OSS', 'X-Influxdb-Version': 'v2.8.0', 'X-Platform-Error-Code': 'not found', 'Date': 'Sun, 26 Apr 2026 16:40:30 GMT', 'Content-Length': '66'})
HTTP response body: {"code":"not found","message":"bucket \"weather_1min\" not found"}

2026-04-27 00:41:38,560 - WARNING - 时间段 2026-04-03 00:00:00 ~ 2026-04-03 01:00:00 无数据，跳过处理
2026-04-27 00:41:59,259 - WARNING - 时间段 2026-04-03 00:00:00 ~ 2026-04-03 01:00:00 无数据，跳过处理
2026-04-27 00:42:14,655 - INFO - 分钟数据写入成功: 2026-04-03 00:00:00
2026-04-27 00:42:14,734 - INFO - 分钟数据写入成功: 2026-04-03 00:01:00
2026-04-27 00:42:14,816 - INFO - 分钟数据写入成功: 2026-04-03 00:02:00
2026-04-27 00:42:14,900 - INFO - 分钟数据写入成功: 2026-04-03 00:03:00
2026-04-27 00:42:14,994 - INFO - 分钟数据写入成功: 2026-04-03 00:04:00
2026-04-27 00:42:15,081 - INFO - 分钟数据写入成功: 2026-04-03 00:05:00
2026-04-27 00:42:15,161 - INFO - 分钟数据写入成功: 2026-04-03 00:06:00
2026-04-27 00:42:15,240 - INFO - 分钟数据写入成功: 2026-04-03 00:07:00
2026-04-27 00:42:15,326 - INFO - 分钟数据写入成功: 2026-04-03 00:08:00
2026-04-27 00:42:15,414 - INFO - 分钟数据写入成功: 2026-04-03 00:09:00
2026-04-27 00:42:15,494 - INFO - 分钟数据写入成功: 2026-04-03 00:10:00
2026-04-27 00:42:15,938 - INFO - 分钟数据写入成功: 2026-04-03 00:11:00
2026-04-27 00:42:16,025 - INFO - 分钟数据写入成功: 2026-04-03 00:12:00
2026-04-27 00:42:16,105 - INFO - 分钟数据写入成功: 2026-04-03 00:13:00
2026-04-27 00:42:16,186 - INFO - 分钟数据写入成功: 2026-04-03 00:14:00
2026-04-27 00:42:16,301 - INFO - 分钟数据写入成功: 2026-04-03 00:15:00
2026-04-27 00:42:16,385 - INFO - 分钟数据写入成功: 2026-04-03 00:16:00
2026-04-27 00:42:16,486 - INFO - 分钟数据写入成功: 2026-04-03 00:17:00
2026-04-27 00:42:16,644 - INFO - 分钟数据写入成功: 2026-04-03 00:18:00
2026-04-27 00:42:16,727 - INFO - 分钟数据写入成功: 2026-04-03 00:19:00
2026-04-27 00:42:16,809 - INFO - 分钟数据写入成功: 2026-04-03 00:20:00
2026-04-27 00:42:16,921 - INFO - 分钟数据写入成功: 2026-04-03 00:21:00
2026-04-27 00:42:17,001 - INFO - 分钟数据写入成功: 2026-04-03 00:22:00
2026-04-27 00:42:17,154 - INFO - 分钟数据写入成功: 2026-04-03 00:23:00
2026-04-27 00:42:17,235 - INFO - 分钟数据写入成功: 2026-04-03 00:24:00
2026-04-27 00:42:17,318 - INFO - 分钟数据写入成功: 2026-04-03 00:25:00
2026-04-27 00:42:17,401 - INFO - 分钟数据写入成功: 2026-04-03 00:26:00
2026-04-27 00:42:17,481 - INFO - 分钟数据写入成功: 2026-04-03 00:27:00
2026-04-27 00:43:36,499 - WARNING - 时间段 2026-04-03 00:00:00 ~ 2026-04-03 01:00:00 无数据，跳过处理
2026-04-27 00:44:15,953 - INFO - 分钟数据写入成功: 2026-04-03 00:00:00
2026-04-27 00:44:16,054 - INFO - 分钟数据写入成功: 2026-04-03 00:01:00
2026-04-27 00:44:16,140 - INFO - 分钟数据写入成功: 2026-04-03 00:02:00
2026-04-27 00:44:16,227 - INFO - 分钟数据写入成功: 2026-04-03 00:03:00
2026-04-27 00:44:16,339 - INFO - 分钟数据写入成功: 2026-04-03 00:04:00
2026-04-27 00:44:16,512 - INFO - 分钟数据写入成功: 2026-04-03 00:05:00
2026-04-27 00:44:16,675 - INFO - 分钟数据写入成功: 2026-04-03 00:06:00
2026-04-27 00:44:16,790 - INFO - 分钟数据写入成功: 2026-04-03 00:07:00
2026-04-27 00:44:16,875 - INFO - 分钟数据写入成功: 2026-04-03 00:08:00
2026-04-27 00:57:05,007 - INFO - 查询成功
