2026-03-16 23:00:22,216 - INFO - 气象数据采集程序启动
2026-03-16 23:00:22,217 - INFO - 串口 COM3 连接成功
2026-03-16 23:00:22,229 - INFO - InfluxDB连接成功
2026-03-16 23:00:22,269 - INFO - 读取数据成功 - 温度: 44.4℃, 湿度: 21.1%, 气压: 10152hPa
2026-03-16 23:00:22,369 - INFO - 数据写入InfluxDB成功
2026-03-16 23:00:22,369 - INFO - 等待60秒后进行下一次采集...
2026-03-16 23:01:22,413 - INFO - 读取数据成功 - 温度: 44.5℃, 湿度: 21.1%, 气压: 10152hPa
2026-03-16 23:01:22,417 - INFO - 数据写入InfluxDB成功
2026-03-16 23:01:22,417 - INFO - 等待60秒后进行下一次采集...
2026-03-16 23:02:17,687 - INFO - 接收到中断信号，程序退出
2026-03-16 23:02:17,687 - INFO - 串口已关闭
2026-03-16 23:02:17,687 - INFO - InfluxDB连接已关闭
2026-03-16 23:19:44,142 - INFO - 气象数据采集程序启动
2026-03-16 23:19:44,142 - INFO - 串口 COM3 连接成功
2026-03-16 23:19:44,151 - INFO - InfluxDB连接成功
2026-03-16 23:19:44,192 - INFO - 读取数据成功 - 温度: 48.1℃, 湿度: 21.4%, 气压: 1015.4hPa
2026-03-16 23:19:44,288 - ERROR - 写入InfluxDB失败: (422)
Reason: Unprocessable Entity
HTTP response headers: HTTPHeaderDict({'Content-Type': 'application/json; charset=utf-8', 'X-Influxdb-Build': 'OSS', 'X-Influxdb-Version': 'v2.8.0', 'X-Platform-Error-Code': 'unprocessable entity', 'Date': 'Mon, 16 Mar 2026 15:19:44 GMT', 'Content-Length': '223'})
HTTP response body: {"code":"unprocessable entity","message":"failure writing points to database: partial write: field type conflict: input field \"pressure\" on measurement \"weather\" is type float, already exists as type integer dropped=1"}

2026-03-16 23:19:44,288 - INFO - 等待60秒后进行下一次采集...
2026-03-16 23:20:00,854 - INFO - 接收到中断信号，程序退出
2026-03-16 23:20:00,855 - INFO - 串口已关闭
2026-03-16 23:20:00,856 - INFO - InfluxDB连接已关闭
2026-03-16 23:21:39,276 - INFO - 气象数据采集程序启动
2026-03-16 23:21:39,276 - INFO - 串口 COM3 连接成功
2026-03-16 23:21:39,284 - INFO - InfluxDB连接成功
2026-03-16 23:21:39,326 - INFO - 读取数据成功 - 温度: 21.4℃, 湿度: 47.5%, 气压: 1015.4hPa
2026-03-16 23:21:39,337 - ERROR - 写入InfluxDB失败: (422)
Reason: Unprocessable Entity
HTTP response headers: HTTPHeaderDict({'Content-Type': 'application/json; charset=utf-8', 'X-Influxdb-Build': 'OSS', 'X-Influxdb-Version': 'v2.8.0', 'X-Platform-Error-Code': 'unprocessable entity', 'Date': 'Mon, 16 Mar 2026 15:21:39 GMT', 'Content-Length': '223'})
HTTP response body: {"code":"unprocessable entity","message":"failure writing points to database: partial write: field type conflict: input field \"pressure\" on measurement \"weather\" is type float, already exists as type integer dropped=1"}

2026-03-16 23:21:39,337 - INFO - 等待60秒后进行下一次采集...
2026-03-16 23:21:44,002 - INFO - 接收到中断信号，程序退出
2026-03-16 23:21:44,002 - INFO - 串口已关闭
2026-03-16 23:21:44,003 - INFO - InfluxDB连接已关闭
2026-03-16 23:22:00,206 - INFO - 气象数据采集程序启动
2026-03-16 23:22:00,208 - INFO - 串口 COM3 连接成功
2026-03-16 23:22:00,214 - INFO - InfluxDB连接成功
2026-03-16 23:22:00,254 - INFO - 读取数据成功 - 温度: 21.4℃, 湿度: 47.4%, 气压: 1015.4hPa
2026-03-16 23:22:00,267 - ERROR - 写入InfluxDB失败: (422)
Reason: Unprocessable Entity
HTTP response headers: HTTPHeaderDict({'Content-Type': 'application/json; charset=utf-8', 'X-Influxdb-Build': 'OSS', 'X-Influxdb-Version': 'v2.8.0', 'X-Platform-Error-Code': 'unprocessable entity', 'Date': 'Mon, 16 Mar 2026 15:22:00 GMT', 'Content-Length': '223'})
HTTP response body: {"code":"unprocessable entity","message":"failure writing points to database: partial write: field type conflict: input field \"pressure\" on measurement \"weather\" is type float, already exists as type integer dropped=1"}

2026-03-16 23:22:00,267 - INFO - 等待60秒后进行下一次采集...
2026-03-16 23:23:00,303 - INFO - 读取数据成功 - 温度: 21.4℃, 湿度: 47.3%, 气压: 1015.4hPa
2026-03-16 23:23:00,315 - ERROR - 写入InfluxDB失败: (422)
Reason: Unprocessable Entity
HTTP response headers: HTTPHeaderDict({'Content-Type': 'application/json; charset=utf-8', 'X-Influxdb-Build': 'OSS', 'X-Influxdb-Version': 'v2.8.0', 'X-Platform-Error-Code': 'unprocessable entity', 'Date': 'Mon, 16 Mar 2026 15:23:00 GMT', 'Content-Length': '223'})
HTTP response body: {"code":"unprocessable entity","message":"failure writing points to database: partial write: field type conflict: input field \"pressure\" on measurement \"weather\" is type float, already exists as type integer dropped=1"}

2026-03-16 23:23:00,315 - INFO - 等待60秒后进行下一次采集...
2026-03-16 23:23:02,111 - INFO - 接收到中断信号，程序退出
2026-03-16 23:23:02,112 - INFO - 串口已关闭
2026-03-16 23:23:02,113 - INFO - InfluxDB连接已关闭
2026-03-16 23:23:33,451 - INFO - 气象数据采集程序启动
2026-03-16 23:23:33,452 - INFO - 串口 COM3 连接成功
2026-03-16 23:23:33,460 - INFO - InfluxDB连接成功
2026-03-16 23:23:33,498 - INFO - 读取数据成功 - 温度: 21.4℃, 湿度: 47.5%, 气压: 1015.4hPa
2026-03-16 23:23:33,514 - INFO - 数据写入InfluxDB成功
2026-03-16 23:23:33,514 - INFO - 等待60秒后进行下一次采集...
2026-03-16 23:24:33,562 - INFO - 读取数据成功 - 温度: 21.5℃, 湿度: 48.3%, 气压: 1015.4hPa
2026-03-16 23:24:33,568 - INFO - 数据写入InfluxDB成功
2026-03-16 23:24:33,568 - INFO - 等待60秒后进行下一次采集...
2026-03-16 23:25:33,601 - INFO - 读取数据成功 - 温度: 21.5℃, 湿度: 48.0%, 气压: 1015.4hPa
2026-03-16 23:25:33,614 - INFO - 数据写入InfluxDB成功
2026-03-16 23:25:33,614 - INFO - 等待60秒后进行下一次采集...
2026-03-16 23:26:33,653 - INFO - 读取数据成功 - 温度: 21.5℃, 湿度: 48.0%, 气压: 1015.4hPa
2026-03-16 23:26:33,665 - INFO - 数据写入InfluxDB成功
2026-03-16 23:26:33,665 - INFO - 等待60秒后进行下一次采集...
2026-03-16 23:27:33,710 - INFO - 读取数据成功 - 温度: 21.5℃, 湿度: 47.9%, 气压: 1015.4hPa
2026-03-16 23:27:33,713 - INFO - 数据写入InfluxDB成功
2026-03-16 23:27:33,714 - INFO - 等待60秒后进行下一次采集...
2026-03-16 23:28:33,748 - INFO - 读取数据成功 - 温度: 21.5℃, 湿度: 48.1%, 气压: 1015.5hPa
2026-03-16 23:28:33,758 - INFO - 数据写入InfluxDB成功
2026-03-16 23:28:33,758 - INFO - 等待60秒后进行下一次采集...
2026-03-16 23:29:33,806 - INFO - 读取数据成功 - 温度: 21.5℃, 湿度: 47.8%, 气压: 1015.4hPa
2026-03-16 23:29:33,816 - INFO - 数据写入InfluxDB成功
2026-03-16 23:29:33,816 - INFO - 等待60秒后进行下一次采集...
2026-03-16 23:30:33,855 - INFO - 读取数据成功 - 温度: 21.5℃, 湿度: 47.6%, 气压: 1015.5hPa
2026-03-16 23:30:33,866 - INFO - 数据写入InfluxDB成功
2026-03-16 23:30:33,866 - INFO - 等待60秒后进行下一次采集...
2026-03-16 23:31:33,913 - INFO - 读取数据成功 - 温度: 21.5℃, 湿度: 47.4%, 气压: 1015.5hPa
2026-03-16 23:31:33,915 - INFO - 数据写入InfluxDB成功
2026-03-16 23:31:33,915 - INFO - 等待60秒后进行下一次采集...
2026-03-16 23:32:33,967 - INFO - 读取数据成功 - 温度: 21.5℃, 湿度: 47.3%, 气压: 1015.5hPa
2026-03-16 23:32:33,972 - INFO - 数据写入InfluxDB成功
2026-03-16 23:32:33,972 - INFO - 等待60秒后进行下一次采集...
2026-03-16 23:33:34,021 - INFO - 读取数据成功 - 温度: 21.5℃, 湿度: 47.3%, 气压: 1015.5hPa
2026-03-16 23:33:34,026 - INFO - 数据写入InfluxDB成功
2026-03-16 23:33:34,026 - INFO - 等待60秒后进行下一次采集...
2026-03-16 23:34:34,082 - INFO - 读取数据成功 - 温度: 21.6℃, 湿度: 47.1%, 气压: 1015.5hPa
2026-03-16 23:34:34,084 - INFO - 数据写入InfluxDB成功
2026-03-16 23:34:34,084 - INFO - 等待60秒后进行下一次采集...
2026-03-16 23:35:34,129 - INFO - 读取数据成功 - 温度: 21.5℃, 湿度: 47.2%, 气压: 1015.5hPa
2026-03-16 23:35:34,133 - INFO - 数据写入InfluxDB成功
2026-03-16 23:35:34,133 - INFO - 等待60秒后进行下一次采集...
2026-03-16 23:36:34,176 - INFO - 读取数据成功 - 温度: 21.5℃, 湿度: 47.1%, 气压: 1015.5hPa
2026-03-16 23:36:34,180 - INFO - 数据写入InfluxDB成功
2026-03-16 23:36:34,180 - INFO - 等待60秒后进行下一次采集...
2026-03-16 23:37:34,225 - INFO - 读取数据成功 - 温度: 21.6℃, 湿度: 46.8%, 气压: 1015.5hPa
2026-03-16 23:37:34,230 - INFO - 数据写入InfluxDB成功
2026-03-16 23:37:34,230 - INFO - 等待60秒后进行下一次采集...
2026-03-16 23:38:34,285 - INFO - 读取数据成功 - 温度: 21.5℃, 湿度: 46.5%, 气压: 1015.5hPa
2026-03-16 23:38:34,289 - INFO - 数据写入InfluxDB成功
2026-03-16 23:38:34,289 - INFO - 等待60秒后进行下一次采集...
2026-03-16 23:39:34,336 - INFO - 读取数据成功 - 温度: 21.6℃, 湿度: 46.4%, 气压: 1015.5hPa
2026-03-16 23:39:34,340 - INFO - 数据写入InfluxDB成功
2026-03-16 23:39:34,340 - INFO - 等待60秒后进行下一次采集...
2026-03-16 23:40:34,381 - INFO - 读取数据成功 - 温度: 21.6℃, 湿度: 46.7%, 气压: 1015.5hPa
2026-03-16 23:40:34,392 - INFO - 数据写入InfluxDB成功
2026-03-16 23:40:34,392 - INFO - 等待60秒后进行下一次采集...
2026-03-16 23:41:34,435 - INFO - 读取数据成功 - 温度: 21.6℃, 湿度: 46.5%, 气压: 1015.6hPa
2026-03-16 23:41:34,445 - INFO - 数据写入InfluxDB成功
2026-03-16 23:41:34,445 - INFO - 等待60秒后进行下一次采集...
2026-03-16 23:42:34,489 - INFO - 读取数据成功 - 温度: 21.6℃, 湿度: 46.3%, 气压: 1015.5hPa
2026-03-16 23:42:34,493 - INFO - 数据写入InfluxDB成功
2026-03-16 23:42:34,493 - INFO - 等待60秒后进行下一次采集...
2026-03-16 23:43:34,528 - INFO - 读取数据成功 - 温度: 21.6℃, 湿度: 46.3%, 气压: 1015.5hPa
2026-03-16 23:43:34,539 - INFO - 数据写入InfluxDB成功
2026-03-16 23:43:34,540 - INFO - 等待60秒后进行下一次采集...
2026-03-16 23:44:15,509 - INFO - 接收到中断信号，程序退出
2026-03-16 23:44:15,509 - INFO - 串口已关闭
2026-03-16 23:44:15,509 - INFO - InfluxDB连接已关闭
2026-03-17 01:06:51,765 - INFO - 温度传感器初始化成功
2026-03-17 01:06:51,766 - ERROR - 雨量传感器初始化失败: could not open port 'COM3': PermissionError(13, '拒绝访问。', None, 5)
2026-03-17 01:06:51,767 - INFO - 风向传感器初始化成功
2026-03-17 01:06:51,767 - ERROR - 风速传感器初始化失败: could not open port 'COM4': PermissionError(13, '拒绝访问。', None, 5)
2026-03-17 01:06:51,767 - INFO - 气象数据采集程序启动
2026-03-17 01:06:51,774 - INFO - InfluxDB连接成功
2026-03-17 01:06:51,815 - INFO - 温度传感器数据: {'temperature': 21.7, 'humidity': 44.8, 'pressure': 1015.2}
2026-03-17 01:06:52,893 - INFO - 风向传感器数据: {'wind_direction': '北', 'wind_angle': 1.8}
2026-03-17 01:06:52,908 - INFO - 数据写入InfluxDB成功
2026-03-17 01:06:52,908 - INFO - 等待60秒后进行下一次采集...
2026-03-17 01:07:43,509 - INFO - 接收到中断信号，程序退出
2026-03-17 01:07:43,509 - INFO - InfluxDB连接已关闭
2026-03-17 01:11:51,801 - INFO - 气象数据采集程序启动
2026-03-17 01:11:51,801 - INFO - InfluxDB连接成功
2026-03-17 01:11:51,812 - INFO - 温度传感器初始化成功
2026-03-17 01:11:51,853 - INFO - 温度传感器数据: {'temperature': 21.8, 'humidity': 44.7, 'pressure': 1015.3}
2026-03-17 01:11:51,854 - INFO - 雨量传感器初始化成功
2026-03-17 01:11:52,858 - INFO - 雨量传感器数据: {'instantaneous_rainfall': 0.0, 'current_hour_rainfall': 0.0, 'previous_hour_rainfall': 0.0}
2026-03-17 01:11:52,859 - INFO - 风向传感器初始化成功
2026-03-17 01:11:53,932 - INFO - 风向传感器数据: {'wind_direction': '北', 'wind_angle': 1.8}
2026-03-17 01:11:53,934 - INFO - 风速传感器初始化成功
2026-03-17 01:11:54,991 - INFO - 风速传感器数据: {'wind_speed': 0.0, 'wind_level': 0}
2026-03-17 01:11:55,002 - INFO - 数据写入InfluxDB成功
2026-03-17 01:11:55,003 - INFO - 等待60秒后进行下一次采集...
2026-03-17 01:12:55,007 - INFO - 温度传感器初始化成功
2026-03-17 01:12:55,046 - INFO - 温度传感器数据: {'temperature': 21.7, 'humidity': 45.0, 'pressure': 1015.2}
2026-03-17 01:12:55,052 - INFO - 雨量传感器初始化成功
2026-03-17 01:12:56,059 - INFO - 雨量传感器数据: {'instantaneous_rainfall': 0.0, 'current_hour_rainfall': 0.0, 'previous_hour_rainfall': 0.0}
2026-03-17 01:12:56,059 - INFO - 风向传感器初始化成功
2026-03-17 01:12:57,136 - INFO - 风向传感器数据: {'wind_direction': '东北', 'wind_angle': 46.9}
2026-03-17 01:12:57,137 - INFO - 风速传感器初始化成功
2026-03-17 01:12:58,184 - INFO - 风速传感器数据: {'wind_speed': 3.5, 'wind_level': 3}
2026-03-17 01:12:58,188 - INFO - 数据写入InfluxDB成功
2026-03-17 01:12:58,188 - INFO - 等待60秒后进行下一次采集...
2026-03-17 01:13:58,202 - INFO - 温度传感器初始化成功
2026-03-17 01:13:58,243 - INFO - 温度传感器数据: {'temperature': 21.8, 'humidity': 44.5, 'pressure': 1015.2}
2026-03-17 01:13:58,244 - INFO - 雨量传感器初始化成功
2026-03-17 01:13:59,251 - INFO - 雨量传感器数据: {'instantaneous_rainfall': 0.0, 'current_hour_rainfall': 0.0, 'previous_hour_rainfall': 0.0}
2026-03-17 01:13:59,252 - INFO - 风向传感器初始化成功
2026-03-17 01:14:00,320 - INFO - 风向传感器数据: {'wind_direction': '东北', 'wind_angle': 46.8}
2026-03-17 01:14:00,321 - INFO - 风速传感器初始化成功
2026-03-17 01:14:01,378 - INFO - 风速传感器数据: {'wind_speed': 0.0, 'wind_level': 0}
2026-03-17 01:14:01,382 - INFO - 数据写入InfluxDB成功
2026-03-17 01:14:01,382 - INFO - 等待60秒后进行下一次采集...
2026-03-17 01:15:01,390 - INFO - 温度传感器初始化成功
2026-03-17 01:15:01,431 - INFO - 温度传感器数据: {'temperature': 21.8, 'humidity': 44.4, 'pressure': 1015.2}
2026-03-17 01:15:01,432 - INFO - 雨量传感器初始化成功
2026-03-17 01:15:02,449 - INFO - 雨量传感器数据: {'instantaneous_rainfall': 0.0, 'current_hour_rainfall': 0.0, 'previous_hour_rainfall': 0.0}
2026-03-17 01:15:02,449 - INFO - 风向传感器初始化成功
2026-03-17 01:15:03,523 - INFO - 风向传感器数据: {'wind_direction': '东北', 'wind_angle': 46.7}
2026-03-17 01:15:03,523 - INFO - 风速传感器初始化成功
2026-03-17 01:15:04,582 - INFO - 风速传感器数据: {'wind_speed': 0.0, 'wind_level': 0}
2026-03-17 01:15:04,587 - INFO - 数据写入InfluxDB成功
2026-03-17 01:15:04,587 - INFO - 等待60秒后进行下一次采集...
2026-03-17 01:15:35,484 - INFO - 接收到中断信号，程序退出
2026-03-17 01:15:35,484 - INFO - InfluxDB连接已关闭
2026-03-17 01:26:56,628 - INFO - 气象数据采集程序启动
2026-03-17 01:26:56,632 - INFO - InfluxDB连接成功
2026-03-17 01:26:56,632 - INFO - 温度传感器初始化成功
2026-03-17 01:26:56,677 - INFO - 温度传感器数据: {'temperature': 21.7, 'humidity': 43.7, 'pressure': 1015.0}
2026-03-17 01:26:56,678 - INFO - 雨量传感器初始化成功
2026-03-17 01:26:57,683 - INFO - 雨量传感器数据: {'instantaneous_rainfall': 0.0, 'current_hour_rainfall': 0.0, 'previous_hour_rainfall': 0.0}
2026-03-17 01:26:57,683 - INFO - 风向传感器初始化成功
2026-03-17 01:26:58,762 - INFO - 风向传感器数据: {'wind_direction': '东北', 'wind_angle': 47.2}
2026-03-17 01:26:58,762 - INFO - 风速传感器初始化成功
2026-03-17 01:26:59,809 - INFO - 风速传感器数据: {'wind_speed': 0.0, 'wind_level': 0}
2026-03-17 01:26:59,819 - INFO - 数据写入InfluxDB成功
2026-03-17 01:26:59,819 - INFO - 等待60秒后进行下一次采集...
2026-03-17 01:27:59,824 - INFO - 温度传感器初始化成功
2026-03-17 01:27:59,864 - INFO - 温度传感器数据: {'temperature': 21.7, 'humidity': 43.6, 'pressure': 1014.9}
2026-03-17 01:27:59,864 - INFO - 雨量传感器初始化成功
2026-03-17 01:28:00,871 - INFO - 雨量传感器数据: {'instantaneous_rainfall': 0.0, 'current_hour_rainfall': 0.0, 'previous_hour_rainfall': 0.0}
2026-03-17 01:28:00,871 - INFO - 风向传感器初始化成功
2026-03-17 01:28:01,943 - INFO - 风向传感器数据: {'wind_direction': '东北', 'wind_angle': 47.0}
2026-03-17 01:28:01,944 - INFO - 风速传感器初始化成功
2026-03-17 01:28:02,996 - INFO - 风速传感器数据: {'wind_speed': 0.0, 'wind_level': 0}
2026-03-17 01:28:03,000 - INFO - 数据写入InfluxDB成功
2026-03-17 01:28:03,000 - INFO - 等待60秒后进行下一次采集...
2026-03-17 01:28:04,939 - INFO - 接收到中断信号，程序退出
2026-03-17 01:28:04,939 - INFO - InfluxDB连接已关闭
2026-03-17 01:30:20,936 - INFO - 气象数据采集程序启动
2026-03-17 01:30:20,936 - INFO - InfluxDB连接成功
2026-03-17 01:30:20,947 - INFO - 温度传感器初始化成功
2026-03-17 01:30:20,987 - INFO - 温度传感器数据: {'temperature': 21.7, 'humidity': 43.7, 'pressure': 1014.8}
2026-03-17 01:30:21,087 - INFO - 雨量传感器初始化成功
2026-03-17 01:30:22,177 - INFO - 雨量传感器数据: {'instantaneous_rainfall': 0.0, 'current_hour_rainfall': 0.3, 'previous_hour_rainfall': 0.4}
2026-03-17 01:30:22,282 - INFO - 风向传感器初始化成功
2026-03-17 01:30:23,357 - INFO - 风向传感器数据: {'wind_direction': '东北', 'wind_angle': 47.0}
2026-03-17 01:30:23,357 - INFO - 风速传感器初始化成功
2026-03-17 01:30:24,412 - INFO - 风速传感器数据: {'wind_speed': 0.0, 'wind_level': 0}
2026-03-17 01:30:24,425 - INFO - 数据写入InfluxDB成功
2026-03-17 01:30:24,425 - INFO - 等待60秒后进行下一次采集...
2026-03-17 01:31:24,430 - INFO - 温度传感器初始化成功
2026-03-17 01:31:24,468 - INFO - 温度传感器数据: {'temperature': 21.7, 'humidity': 43.8, 'pressure': 1014.8}
2026-03-17 01:31:24,568 - INFO - 雨量传感器初始化成功
2026-03-17 01:31:25,653 - INFO - 雨量传感器数据: {'instantaneous_rainfall': 0.4, 'current_hour_rainfall': 0.7, 'previous_hour_rainfall': 0.4}
2026-03-17 01:31:25,768 - INFO - 风向传感器初始化成功
2026-03-17 01:31:26,845 - INFO - 风向传感器数据: {'wind_direction': '东北', 'wind_angle': 44.8}
2026-03-17 01:31:26,846 - INFO - 风速传感器初始化成功
2026-03-17 01:31:27,902 - INFO - 风速传感器数据: {'wind_speed': 1.7, 'wind_level': 2}
2026-03-17 01:31:27,906 - INFO - 数据写入InfluxDB成功
2026-03-17 01:31:27,906 - INFO - 等待60秒后进行下一次采集...
2026-03-17 01:31:33,285 - INFO - 接收到中断信号，程序退出
2026-03-17 01:31:33,286 - INFO - InfluxDB连接已关闭
2026-03-17 01:33:19,232 - INFO - 气象数据采集程序启动
2026-03-17 01:33:19,238 - INFO - InfluxDB连接成功
2026-03-17 01:33:19,238 - INFO - 温度传感器初始化成功
2026-03-17 01:33:19,281 - INFO - 温度传感器数据: {'temperature': 21.7, 'humidity': 43.1, 'pressure': 1014.6}
2026-03-17 01:33:19,386 - INFO - 雨量传感器初始化成功
2026-03-17 01:33:20,468 - INFO - 雨量传感器数据: {'instantaneous_rainfall': 0.0, 'current_hour_rainfall': 0.7, 'previous_hour_rainfall': 0.4}
2026-03-17 01:33:20,581 - INFO - 风向传感器初始化成功
2026-03-17 01:33:21,656 - INFO - 风向传感器数据: {'wind_direction': '东北', 'wind_angle': 45.0}
2026-03-17 01:33:21,656 - INFO - 风速传感器初始化成功
2026-03-17 01:33:22,700 - INFO - 风速传感器数据: {'wind_speed': 0.0, 'wind_level': 0}
2026-03-17 01:33:22,713 - INFO - 数据写入InfluxDB成功
2026-03-17 01:33:22,713 - INFO - 等待60秒后进行下一次采集...
2026-03-17 01:33:32,874 - INFO - 接收到中断信号，程序退出
2026-03-17 01:33:32,874 - INFO - InfluxDB连接已关闭
2026-03-17 01:35:38,420 - INFO - 气象数据采集程序启动
2026-03-17 01:35:38,432 - INFO - InfluxDB连接成功
2026-03-17 01:35:38,434 - INFO - 温度传感器初始化成功
2026-03-17 01:35:38,471 - INFO - 温度传感器数据: {'temperature': 21.7, 'humidity': 42.1, 'pressure': 1014.6}
2026-03-17 01:35:38,583 - INFO - 雨量传感器初始化成功
2026-03-17 01:35:39,688 - INFO - 雨量传感器数据: {'instantaneous_rainfall': 0.0, 'current_hour_rainfall': 0.7, 'previous_hour_rainfall': 0.4}
2026-03-17 01:35:39,801 - INFO - 风向传感器初始化成功
2026-03-17 01:35:40,882 - INFO - 风向传感器数据: {'wind_direction': '东北', 'wind_angle': 45.2}
2026-03-17 01:35:40,883 - INFO - 风速传感器初始化成功
2026-03-17 01:35:41,942 - INFO - 风速传感器数据: {'wind_speed': 0.0, 'wind_level': 0}
2026-03-17 01:35:41,954 - INFO - 数据写入InfluxDB成功
2026-03-17 01:35:41,955 - INFO - 等待60秒后进行下一次采集...
2026-03-17 01:36:41,959 - INFO - 温度传感器初始化成功
2026-03-17 01:36:42,001 - INFO - 温度传感器数据: {'temperature': 21.7, 'humidity': 42.6, 'pressure': 1014.6}
2026-03-17 01:36:42,107 - INFO - 雨量传感器初始化成功
2026-03-17 01:36:43,187 - INFO - 雨量传感器数据: {'instantaneous_rainfall': 0.3, 'current_hour_rainfall': 1.0, 'previous_hour_rainfall': 0.4}
2026-03-17 01:36:43,293 - INFO - 风向传感器初始化成功
2026-03-17 01:36:44,354 - INFO - 风向传感器数据: {'wind_direction': '西南', 'wind_angle': 218.0}
2026-03-17 01:36:44,355 - INFO - 风速传感器初始化成功
2026-03-17 01:36:45,410 - INFO - 风速传感器数据: {'wind_speed': 3.5, 'wind_level': 3}
2026-03-17 01:36:45,415 - INFO - 数据写入InfluxDB成功
2026-03-17 01:36:45,415 - INFO - 等待60秒后进行下一次采集...
2026-03-17 01:37:45,420 - INFO - 温度传感器初始化成功
2026-03-17 01:37:45,462 - INFO - 温度传感器数据: {'temperature': 21.6, 'humidity': 42.7, 'pressure': 1014.6}
2026-03-17 01:37:45,578 - INFO - 雨量传感器初始化成功
2026-03-17 01:37:46,652 - INFO - 雨量传感器数据: {'instantaneous_rainfall': 0.0, 'current_hour_rainfall': 1.0, 'previous_hour_rainfall': 0.4}
2026-03-17 01:37:46,753 - INFO - 风向传感器初始化成功
2026-03-17 01:37:47,825 - INFO - 风向传感器数据: {'wind_direction': '西南', 'wind_angle': 218.5}
2026-03-17 01:37:47,827 - INFO - 风速传感器初始化成功
2026-03-17 01:37:48,887 - INFO - 风速传感器数据: {'wind_speed': 0.0, 'wind_level': 0}
2026-03-17 01:37:48,890 - INFO - 数据写入InfluxDB成功
2026-03-17 01:37:48,891 - INFO - 等待60秒后进行下一次采集...
2026-03-17 01:38:48,897 - INFO - 温度传感器初始化成功
2026-03-17 01:38:48,939 - INFO - 温度传感器数据: {'temperature': 21.6, 'humidity': 42.8, 'pressure': 1014.5}
2026-03-17 01:38:49,043 - INFO - 雨量传感器初始化成功
2026-03-17 01:38:50,115 - INFO - 雨量传感器数据: {'instantaneous_rainfall': 0.0, 'current_hour_rainfall': 1.0, 'previous_hour_rainfall': 0.4}
2026-03-17 01:38:50,222 - INFO - 风向传感器初始化成功
2026-03-17 01:38:51,292 - INFO - 风向传感器数据: {'wind_direction': '西南', 'wind_angle': 218.0}
2026-03-17 01:38:51,294 - INFO - 风速传感器初始化成功
2026-03-17 01:38:52,345 - INFO - 风速传感器数据: {'wind_speed': 0.0, 'wind_level': 0}
2026-03-17 01:38:52,349 - INFO - 数据写入InfluxDB成功
2026-03-17 01:38:52,349 - INFO - 等待60秒后进行下一次采集...
2026-03-17 01:39:52,350 - INFO - 温度传感器初始化成功
2026-03-17 01:39:52,391 - INFO - 温度传感器数据: {'temperature': 21.5, 'humidity': 42.8, 'pressure': 1014.5}
2026-03-17 01:39:52,505 - INFO - 雨量传感器初始化成功
2026-03-17 01:39:53,591 - INFO - 雨量传感器数据: {'instantaneous_rainfall': 0.0, 'current_hour_rainfall': 1.0, 'previous_hour_rainfall': 0.4}
2026-03-17 01:39:53,691 - INFO - 风向传感器初始化成功
2026-03-17 01:39:54,771 - INFO - 风向传感器数据: {'wind_direction': '西南', 'wind_angle': 218.2}
2026-03-17 01:39:54,771 - INFO - 风速传感器初始化成功
2026-03-17 01:39:55,831 - INFO - 风速传感器数据: {'wind_speed': 0.0, 'wind_level': 0}
2026-03-17 01:39:55,837 - INFO - 数据写入InfluxDB成功
2026-03-17 01:39:55,837 - INFO - 等待60秒后进行下一次采集...
2026-03-17 01:40:55,839 - INFO - 温度传感器初始化成功
2026-03-17 01:40:55,880 - INFO - 温度传感器数据: {'temperature': 21.5, 'humidity': 43.0, 'pressure': 1014.4}
2026-03-17 01:40:55,982 - INFO - 雨量传感器初始化成功
2026-03-17 01:40:57,063 - INFO - 雨量传感器数据: {'instantaneous_rainfall': 0.0, 'current_hour_rainfall': 1.0, 'previous_hour_rainfall': 0.4}
2026-03-17 01:40:57,170 - INFO - 风向传感器初始化成功
2026-03-17 01:40:58,247 - INFO - 风向传感器数据: {'wind_direction': '西南', 'wind_angle': 218.0}
2026-03-17 01:40:58,248 - INFO - 风速传感器初始化成功
2026-03-17 01:40:59,310 - INFO - 风速传感器数据: {'wind_speed': 0.0, 'wind_level': 0}
2026-03-17 01:40:59,316 - INFO - 数据写入InfluxDB成功
2026-03-17 01:40:59,316 - INFO - 等待60秒后进行下一次采集...
2026-03-17 01:41:59,330 - INFO - 温度传感器初始化成功
2026-03-17 01:41:59,370 - INFO - 温度传感器数据: {'temperature': 21.5, 'humidity': 42.8, 'pressure': 1014.4}
2026-03-17 01:41:59,477 - INFO - 雨量传感器初始化成功
2026-03-17 01:42:00,551 - INFO - 雨量传感器数据: {'instantaneous_rainfall': 0.0, 'current_hour_rainfall': 1.0, 'previous_hour_rainfall': 0.4}
2026-03-17 01:42:00,657 - INFO - 风向传感器初始化成功
2026-03-17 01:42:01,743 - INFO - 风向传感器数据: {'wind_direction': '西南', 'wind_angle': 219.4}
2026-03-17 01:42:01,745 - INFO - 风速传感器初始化成功
2026-03-17 01:42:02,802 - INFO - 风速传感器数据: {'wind_speed': 0.0, 'wind_level': 0}
2026-03-17 01:42:02,805 - INFO - 数据写入InfluxDB成功
2026-03-17 01:42:02,805 - INFO - 等待60秒后进行下一次采集...
2026-03-17 01:43:02,809 - INFO - 温度传感器初始化成功
2026-03-17 01:43:02,852 - INFO - 温度传感器数据: {'temperature': 21.5, 'humidity': 42.7, 'pressure': 1014.4}
2026-03-17 01:43:02,955 - INFO - 雨量传感器初始化成功
2026-03-17 01:43:04,046 - INFO - 雨量传感器数据: {'instantaneous_rainfall': 0.0, 'current_hour_rainfall': 1.0, 'previous_hour_rainfall': 0.4}
2026-03-17 01:43:04,157 - INFO - 风向传感器初始化成功
2026-03-17 01:43:05,233 - INFO - 风向传感器数据: {'wind_direction': '西南', 'wind_angle': 218.6}
2026-03-17 01:43:05,234 - INFO - 风速传感器初始化成功
2026-03-17 01:43:06,284 - INFO - 风速传感器数据: {'wind_speed': 0.0, 'wind_level': 0}
2026-03-17 01:43:06,289 - INFO - 数据写入InfluxDB成功
2026-03-17 01:43:06,289 - INFO - 等待60秒后进行下一次采集...
2026-03-17 01:44:06,305 - INFO - 温度传感器初始化成功
2026-03-17 01:44:06,345 - INFO - 温度传感器数据: {'temperature': 21.5, 'humidity': 43.1, 'pressure': 1014.4}
2026-03-17 01:44:06,449 - INFO - 雨量传感器初始化成功
2026-03-17 01:44:07,538 - INFO - 雨量传感器数据: {'instantaneous_rainfall': 0.0, 'current_hour_rainfall': 1.0, 'previous_hour_rainfall': 0.4}
2026-03-17 01:44:07,647 - INFO - 风向传感器初始化成功
2026-03-17 01:44:08,726 - INFO - 风向传感器数据: {'wind_direction': '西南', 'wind_angle': 218.3}
2026-03-17 01:44:08,727 - INFO - 风速传感器初始化成功
2026-03-17 01:44:09,775 - INFO - 风速传感器数据: {'wind_speed': 0.0, 'wind_level': 0}
2026-03-17 01:44:09,779 - INFO - 数据写入InfluxDB成功
2026-03-17 01:44:09,779 - INFO - 等待60秒后进行下一次采集...
2026-03-17 01:45:09,789 - INFO - 温度传感器初始化成功
2026-03-17 01:45:09,832 - INFO - 温度传感器数据: {'temperature': 21.4, 'humidity': 43.1, 'pressure': 1014.4}
2026-03-17 01:45:09,935 - INFO - 雨量传感器初始化成功
2026-03-17 01:45:11,011 - INFO - 雨量传感器数据: {'instantaneous_rainfall': 0.0, 'current_hour_rainfall': 1.0, 'previous_hour_rainfall': 0.4}
2026-03-17 01:45:11,123 - INFO - 风向传感器初始化成功
2026-03-17 01:45:12,206 - INFO - 风向传感器数据: {'wind_direction': '西南', 'wind_angle': 218.6}
2026-03-17 01:45:12,206 - INFO - 风速传感器初始化成功
2026-03-17 01:45:13,262 - INFO - 风速传感器数据: {'wind_speed': 0.0, 'wind_level': 0}
2026-03-17 01:45:13,267 - INFO - 数据写入InfluxDB成功
2026-03-17 01:45:13,267 - INFO - 等待60秒后进行下一次采集...
2026-03-17 01:46:13,278 - INFO - 温度传感器初始化成功
2026-03-17 01:46:13,321 - INFO - 温度传感器数据: {'temperature': 21.4, 'humidity': 43.1, 'pressure': 1014.4}
2026-03-17 01:46:13,432 - INFO - 雨量传感器初始化成功
2026-03-17 01:46:14,522 - INFO - 雨量传感器数据: {'instantaneous_rainfall': 0.0, 'current_hour_rainfall': 1.0, 'previous_hour_rainfall': 0.4}
2026-03-17 01:46:14,629 - INFO - 风向传感器初始化成功
2026-03-17 01:46:15,706 - INFO - 风向传感器数据: {'wind_direction': '西南', 'wind_angle': 218.6}
2026-03-17 01:46:15,707 - INFO - 风速传感器初始化成功
2026-03-17 01:46:16,758 - INFO - 风速传感器数据: {'wind_speed': 0.0, 'wind_level': 0}
2026-03-17 01:46:16,763 - INFO - 数据写入InfluxDB成功
2026-03-17 01:46:16,763 - INFO - 等待60秒后进行下一次采集...
2026-03-17 01:47:16,779 - INFO - 温度传感器初始化成功
2026-03-17 01:47:16,821 - INFO - 温度传感器数据: {'temperature': 21.4, 'humidity': 43.0, 'pressure': 1014.4}
2026-03-17 01:47:16,929 - INFO - 雨量传感器初始化成功
2026-03-17 01:47:18,006 - INFO - 雨量传感器数据: {'instantaneous_rainfall': 0.0, 'current_hour_rainfall': 1.0, 'previous_hour_rainfall': 0.4}
2026-03-17 01:47:18,117 - INFO - 风向传感器初始化成功
2026-03-17 01:47:19,188 - INFO - 风向传感器数据: {'wind_direction': '西南', 'wind_angle': 218.6}
2026-03-17 01:47:19,189 - INFO - 风速传感器初始化成功
2026-03-17 01:47:20,244 - INFO - 风速传感器数据: {'wind_speed': 0.0, 'wind_level': 0}
2026-03-17 01:47:20,249 - INFO - 数据写入InfluxDB成功
2026-03-17 01:47:20,249 - INFO - 等待60秒后进行下一次采集...
2026-03-17 01:48:20,258 - INFO - 温度传感器初始化成功
2026-03-17 01:48:20,301 - INFO - 温度传感器数据: {'temperature': 21.4, 'humidity': 43.0, 'pressure': 1014.4}
2026-03-17 01:48:20,404 - INFO - 雨量传感器初始化成功
2026-03-17 01:48:21,491 - INFO - 雨量传感器数据: {'instantaneous_rainfall': 0.0, 'current_hour_rainfall': 1.0, 'previous_hour_rainfall': 0.4}
2026-03-17 01:48:21,604 - INFO - 风向传感器初始化成功
2026-03-17 01:48:22,679 - INFO - 风向传感器数据: {'wind_direction': '西南', 'wind_angle': 218.6}
2026-03-17 01:48:22,679 - INFO - 风速传感器初始化成功
2026-03-17 01:48:23,728 - INFO - 风速传感器数据: {'wind_speed': 0.0, 'wind_level': 0}
2026-03-17 01:48:23,734 - INFO - 数据写入InfluxDB成功
2026-03-17 01:48:23,734 - INFO - 等待60秒后进行下一次采集...
2026-03-17 01:49:23,741 - INFO - 温度传感器初始化成功
2026-03-17 01:49:23,782 - INFO - 温度传感器数据: {'temperature': 21.4, 'humidity': 43.1, 'pressure': 1014.4}
2026-03-17 01:49:23,898 - INFO - 雨量传感器初始化成功
2026-03-17 01:49:24,987 - INFO - 雨量传感器数据: {'instantaneous_rainfall': 0.0, 'current_hour_rainfall': 1.0, 'previous_hour_rainfall': 0.4}
2026-03-17 01:49:25,095 - INFO - 风向传感器初始化成功
2026-03-17 01:49:26,178 - INFO - 风向传感器数据: {'wind_direction': '西南', 'wind_angle': 218.6}
2026-03-17 01:49:26,178 - INFO - 风速传感器初始化成功
2026-03-17 01:49:27,244 - INFO - 风速传感器数据: {'wind_speed': 0.0, 'wind_level': 0}
2026-03-17 01:49:27,248 - INFO - 数据写入InfluxDB成功
2026-03-17 01:49:27,248 - INFO - 等待60秒后进行下一次采集...
2026-03-17 01:50:27,253 - INFO - 温度传感器初始化成功
2026-03-17 01:50:27,295 - INFO - 温度传感器数据: {'temperature': 21.3, 'humidity': 43.2, 'pressure': 1014.4}
2026-03-17 01:50:27,407 - INFO - 雨量传感器初始化成功
2026-03-17 01:50:28,488 - INFO - 雨量传感器数据: {'instantaneous_rainfall': 0.0, 'current_hour_rainfall': 1.0, 'previous_hour_rainfall': 0.4}
2026-03-17 01:50:28,596 - INFO - 风向传感器初始化成功
2026-03-17 01:50:29,674 - INFO - 风向传感器数据: {'wind_direction': '西南', 'wind_angle': 218.4}
2026-03-17 01:50:29,674 - INFO - 风速传感器初始化成功
2026-03-17 01:50:30,737 - INFO - 风速传感器数据: {'wind_speed': 0.0, 'wind_level': 0}
2026-03-17 01:50:30,739 - INFO - 数据写入InfluxDB成功
2026-03-17 01:50:30,739 - INFO - 等待60秒后进行下一次采集...
2026-03-17 01:51:30,754 - INFO - 温度传感器初始化成功
2026-03-17 01:51:30,796 - INFO - 温度传感器数据: {'temperature': 21.3, 'humidity': 43.2, 'pressure': 1014.3}
2026-03-17 01:51:30,908 - INFO - 雨量传感器初始化成功
2026-03-17 01:51:32,000 - INFO - 雨量传感器数据: {'instantaneous_rainfall': 0.0, 'current_hour_rainfall': 1.0, 'previous_hour_rainfall': 0.4}
2026-03-17 01:51:32,108 - INFO - 风向传感器初始化成功
2026-03-17 01:51:33,186 - INFO - 风向传感器数据: {'wind_direction': '西南', 'wind_angle': 218.7}
2026-03-17 01:51:33,186 - INFO - 风速传感器初始化成功
2026-03-17 01:51:34,234 - INFO - 风速传感器数据: {'wind_speed': 0.0, 'wind_level': 0}
2026-03-17 01:51:34,240 - INFO - 数据写入InfluxDB成功
2026-03-17 01:51:34,240 - INFO - 等待60秒后进行下一次采集...
2026-03-17 01:52:34,245 - INFO - 温度传感器初始化成功
2026-03-17 01:52:34,287 - INFO - 温度传感器数据: {'temperature': 21.3, 'humidity': 43.2, 'pressure': 1014.3}
2026-03-17 01:52:34,392 - INFO - 雨量传感器初始化成功
2026-03-17 01:52:35,467 - INFO - 雨量传感器数据: {'instantaneous_rainfall': 0.0, 'current_hour_rainfall': 1.0, 'previous_hour_rainfall': 0.4}
2026-03-17 01:52:35,579 - INFO - 风向传感器初始化成功
2026-03-17 01:52:36,667 - INFO - 风向传感器数据: {'wind_direction': '西南', 'wind_angle': 218.4}
2026-03-17 01:52:36,667 - INFO - 风速传感器初始化成功
2026-03-17 01:52:37,718 - INFO - 风速传感器数据: {'wind_speed': 0.0, 'wind_level': 0}
2026-03-17 01:52:37,723 - INFO - 数据写入InfluxDB成功
2026-03-17 01:52:37,723 - INFO - 等待60秒后进行下一次采集...
2026-03-17 01:53:37,738 - INFO - 温度传感器初始化成功
2026-03-17 01:53:37,779 - INFO - 温度传感器数据: {'temperature': 21.3, 'humidity': 43.2, 'pressure': 1014.3}
2026-03-17 01:53:37,883 - INFO - 雨量传感器初始化成功
2026-03-17 01:53:38,966 - INFO - 雨量传感器数据: {'instantaneous_rainfall': 0.0, 'current_hour_rainfall': 1.0, 'previous_hour_rainfall': 0.4}
2026-03-17 01:53:39,078 - INFO - 风向传感器初始化成功
2026-03-17 01:53:40,162 - INFO - 风向传感器数据: {'wind_direction': '西南', 'wind_angle': 215.8}
2026-03-17 01:53:40,162 - INFO - 风速传感器初始化成功
2026-03-17 01:53:41,225 - INFO - 风速传感器数据: {'wind_speed': 0.0, 'wind_level': 0}
2026-03-17 01:53:41,230 - INFO - 数据写入InfluxDB成功
2026-03-17 01:53:41,230 - INFO - 等待60秒后进行下一次采集...
2026-03-17 01:54:41,246 - INFO - 温度传感器初始化成功
2026-03-17 01:54:41,289 - INFO - 温度传感器数据: {'temperature': 21.3, 'humidity': 43.4, 'pressure': 1014.3}
2026-03-17 01:54:41,398 - INFO - 雨量传感器初始化成功
2026-03-17 01:54:42,466 - INFO - 雨量传感器数据: {'instantaneous_rainfall': 0.0, 'current_hour_rainfall': 1.0, 'previous_hour_rainfall': 0.4}
2026-03-17 01:54:42,572 - INFO - 风向传感器初始化成功
2026-03-17 01:54:43,641 - INFO - 风向传感器数据: {'wind_direction': '西南', 'wind_angle': 215.7}
2026-03-17 01:54:43,642 - INFO - 风速传感器初始化成功
2026-03-17 01:54:44,702 - INFO - 风速传感器数据: {'wind_speed': 0.0, 'wind_level': 0}
2026-03-17 01:54:44,705 - INFO - 数据写入InfluxDB成功
2026-03-17 01:54:44,706 - INFO - 等待60秒后进行下一次采集...
2026-03-17 01:55:44,720 - INFO - 温度传感器初始化成功
2026-03-17 01:55:44,761 - INFO - 温度传感器数据: {'temperature': 21.3, 'humidity': 43.5, 'pressure': 1014.2}
2026-03-17 01:55:44,866 - INFO - 雨量传感器初始化成功
2026-03-17 01:55:45,940 - INFO - 雨量传感器数据: {'instantaneous_rainfall': 0.0, 'current_hour_rainfall': 1.0, 'previous_hour_rainfall': 0.4}
2026-03-17 01:55:46,054 - INFO - 风向传感器初始化成功
2026-03-17 01:55:47,142 - INFO - 风向传感器数据: {'wind_direction': '西南', 'wind_angle': 216.0}
2026-03-17 01:55:47,142 - INFO - 风速传感器初始化成功
2026-03-17 01:55:48,191 - INFO - 风速传感器数据: {'wind_speed': 0.0, 'wind_level': 0}
2026-03-17 01:55:48,197 - INFO - 数据写入InfluxDB成功
2026-03-17 01:55:48,197 - INFO - 等待60秒后进行下一次采集...
2026-03-17 01:56:48,197 - INFO - 温度传感器初始化成功
2026-03-17 01:56:48,239 - INFO - 温度传感器数据: {'temperature': 21.2, 'humidity': 43.5, 'pressure': 1014.3}
2026-03-17 01:56:48,349 - INFO - 雨量传感器初始化成功
2026-03-17 01:56:49,424 - INFO - 雨量传感器数据: {'instantaneous_rainfall': 0.0, 'current_hour_rainfall': 1.0, 'previous_hour_rainfall': 0.4}
2026-03-17 01:56:49,529 - INFO - 风向传感器初始化成功
2026-03-17 01:56:50,611 - INFO - 风向传感器数据: {'wind_direction': '西南', 'wind_angle': 215.9}
2026-03-17 01:56:50,611 - INFO - 风速传感器初始化成功
2026-03-17 01:56:51,655 - INFO - 风速传感器数据: {'wind_speed': 0.0, 'wind_level': 0}
2026-03-17 01:56:51,659 - INFO - 数据写入InfluxDB成功
2026-03-17 01:56:51,659 - INFO - 等待60秒后进行下一次采集...
2026-03-17 01:57:51,674 - INFO - 温度传感器初始化成功
2026-03-17 01:57:51,716 - INFO - 温度传感器数据: {'temperature': 21.2, 'humidity': 43.6, 'pressure': 1014.3}
2026-03-17 01:57:51,821 - INFO - 雨量传感器初始化成功
2026-03-17 01:57:52,897 - INFO - 雨量传感器数据: {'instantaneous_rainfall': 0.0, 'current_hour_rainfall': 1.0, 'previous_hour_rainfall': 0.4}
2026-03-17 01:57:53,003 - INFO - 风向传感器初始化成功
2026-03-17 01:57:54,086 - INFO - 风向传感器数据: {'wind_direction': '西南', 'wind_angle': 215.9}
2026-03-17 01:57:54,088 - INFO - 风速传感器初始化成功
2026-03-17 01:57:55,135 - INFO - 风速传感器数据: {'wind_speed': 0.0, 'wind_level': 0}
2026-03-17 01:57:55,138 - INFO - 数据写入InfluxDB成功
2026-03-17 01:57:55,139 - INFO - 等待60秒后进行下一次采集...
2026-03-17 01:58:55,146 - INFO - 温度传感器初始化成功
2026-03-17 01:58:55,188 - INFO - 温度传感器数据: {'temperature': 21.2, 'humidity': 43.7, 'pressure': 1014.3}
2026-03-17 01:58:55,295 - INFO - 雨量传感器初始化成功
2026-03-17 01:58:56,377 - INFO - 雨量传感器数据: {'instantaneous_rainfall': 0.0, 'current_hour_rainfall': 1.0, 'previous_hour_rainfall': 0.4}
2026-03-17 01:58:56,488 - INFO - 风向传感器初始化成功
2026-03-17 01:58:57,569 - INFO - 风向传感器数据: {'wind_direction': '西南', 'wind_angle': 215.7}
2026-03-17 01:58:57,569 - INFO - 风速传感器初始化成功
2026-03-17 01:58:58,617 - INFO - 风速传感器数据: {'wind_speed': 0.0, 'wind_level': 0}
2026-03-17 01:58:58,621 - INFO - 数据写入InfluxDB成功
2026-03-17 01:58:58,621 - INFO - 等待60秒后进行下一次采集...
2026-03-17 01:59:58,622 - INFO - 温度传感器初始化成功
2026-03-17 01:59:58,664 - INFO - 温度传感器数据: {'temperature': 21.2, 'humidity': 43.7, 'pressure': 1014.3}
2026-03-17 01:59:58,773 - INFO - 雨量传感器初始化成功
2026-03-17 01:59:59,856 - INFO - 雨量传感器数据: {'instantaneous_rainfall': 0.2, 'current_hour_rainfall': 0.0, 'previous_hour_rainfall': 1.2}
2026-03-17 01:59:59,963 - INFO - 风向传感器初始化成功
2026-03-17 02:00:01,040 - INFO - 风向传感器数据: {'wind_direction': '西南', 'wind_angle': 215.7}
2026-03-17 02:00:01,041 - INFO - 风速传感器初始化成功
2026-03-17 02:00:02,092 - INFO - 风速传感器数据: {'wind_speed': 0.0, 'wind_level': 0}
2026-03-17 02:00:02,096 - INFO - 数据写入InfluxDB成功
2026-03-17 02:00:02,096 - INFO - 等待60秒后进行下一次采集...
2026-03-17 02:01:02,107 - INFO - 温度传感器初始化成功
2026-03-17 02:01:02,149 - INFO - 温度传感器数据: {'temperature': 21.2, 'humidity': 43.8, 'pressure': 1014.3}
2026-03-17 02:01:02,257 - INFO - 雨量传感器初始化成功
2026-03-17 02:01:03,352 - INFO - 雨量传感器数据: {'instantaneous_rainfall': 0.0, 'current_hour_rainfall': 0.0, 'previous_hour_rainfall': 1.2}
2026-03-17 02:01:03,462 - INFO - 风向传感器初始化成功
2026-03-17 02:01:04,545 - INFO - 风向传感器数据: {'wind_direction': '西南', 'wind_angle': 215.6}
2026-03-17 02:01:04,545 - INFO - 风速传感器初始化成功
2026-03-17 02:01:05,602 - INFO - 风速传感器数据: {'wind_speed': 0.0, 'wind_level': 0}
2026-03-17 02:01:05,606 - INFO - 数据写入InfluxDB成功
2026-03-17 02:01:05,606 - INFO - 等待60秒后进行下一次采集...
2026-03-17 02:01:23,541 - INFO - 接收到中断信号，程序退出
2026-03-17 02:01:23,541 - INFO - InfluxDB连接已关闭
2026-03-21 01:22:23,308 - INFO - 气象数据采集程序启动
2026-03-21 01:22:23,324 - INFO - InfluxDB连接成功
2026-03-21 01:22:23,324 - INFO - 等待 27 秒到下一个采集时间点（每分钟第50秒）...
2026-03-21 01:22:50,331 - INFO - 温度传感器初始化成功
2026-03-21 01:22:50,371 - INFO - 温度传感器数据: {'temperature': 20.2, 'humidity': 50.1, 'pressure': 1016.7}
2026-03-21 01:22:50,474 - INFO - 雨量传感器初始化成功
2026-03-21 01:22:51,569 - INFO - 雨量传感器数据: {'instantaneous_rainfall': 0.3, 'current_hour_rainfall': 0.3, 'previous_hour_rainfall': 0.0}
2026-03-21 01:22:51,674 - INFO - 风向传感器初始化成功
2026-03-21 01:22:52,749 - INFO - 风向传感器数据: {'wind_direction': '东北', 'wind_angle': 66.4}
2026-03-21 01:22:52,749 - INFO - 风速传感器初始化成功
2026-03-21 01:22:53,808 - INFO - 风速传感器数据: {'wind_speed': 0.0, 'wind_level': 0}
2026-03-21 01:22:53,852 - ERROR - 写入InfluxDB失败: (500)
Reason: Internal Server Error
HTTP response headers: HTTPHeaderDict({'Content-Type': 'application/json; charset=utf-8', 'X-Influxdb-Build': 'OSS', 'X-Influxdb-Version': 'v2.8.0', 'X-Platform-Error-Code': 'internal error', 'Date': 'Fri, 20 Mar 2026 17:22:53 GMT', 'Content-Length': '389'})
HTTP response body: {"code":"internal error","message":"unexpected error writing points to database: cannot truncate D:\\wzx\\气象社团\\get_data\\influxdb\\data\\engine\\data\\ae60619e97ab9443\\autogen\\1\\fields.idxl to last known good size of 0 after incomplete write: truncate D:\\wzx\\气象社团\\get_data\\influxdb\\data\\engine\\data\\ae60619e97ab9443\\autogen\\1\\fields.idxl: Access is denied."}

2026-03-21 01:22:53,853 - INFO - 等待 57 秒到下一个采集时间点（每分钟第50秒）...
2026-03-21 01:23:39,399 - INFO - 接收到中断信号，程序退出
2026-03-21 01:23:39,399 - INFO - InfluxDB连接已关闭
2026-03-21 01:26:09,391 - INFO - 气象数据采集程序启动
2026-03-21 01:26:09,397 - INFO - InfluxDB连接成功
2026-03-21 01:26:09,397 - INFO - 等待 41 秒到下一个采集时间点（每分钟第50秒）...
2026-03-21 01:26:50,412 - INFO - 温度传感器初始化成功
2026-03-21 01:26:50,454 - INFO - 温度传感器数据: {'temperature': 20.4, 'humidity': 49.6, 'pressure': 1016.8}
2026-03-21 01:26:50,557 - INFO - 雨量传感器初始化成功
2026-03-21 01:26:51,636 - INFO - 雨量传感器数据: {'instantaneous_rainfall': 0.0, 'current_hour_rainfall': 0.3, 'previous_hour_rainfall': 0.0}
2026-03-21 01:26:51,743 - INFO - 风向传感器初始化成功
2026-03-21 01:26:52,819 - INFO - 风向传感器数据: {'wind_direction': '东北', 'wind_angle': 66.8}
2026-03-21 01:26:52,820 - INFO - 风速传感器初始化成功
2026-03-21 01:26:53,880 - INFO - 风速传感器数据: {'wind_speed': 0.0, 'wind_level': 0}
2026-03-21 01:26:53,902 - ERROR - 写入InfluxDB失败: (500)
Reason: Internal Server Error
HTTP response headers: HTTPHeaderDict({'Content-Type': 'application/json; charset=utf-8', 'X-Influxdb-Build': 'OSS', 'X-Influxdb-Version': 'v2.8.0', 'X-Platform-Error-Code': 'internal error', 'Date': 'Fri, 20 Mar 2026 17:26:53 GMT', 'Content-Length': '389'})
HTTP response body: {"code":"internal error","message":"unexpected error writing points to database: cannot truncate D:\\wzx\\气象社团\\get_data\\influxdb\\data\\engine\\data\\ae60619e97ab9443\\autogen\\1\\fields.idxl to last known good size of 0 after incomplete write: truncate D:\\wzx\\气象社团\\get_data\\influxdb\\data\\engine\\data\\ae60619e97ab9443\\autogen\\1\\fields.idxl: Access is denied."}

2026-03-21 01:26:53,902 - INFO - 等待 57 秒到下一个采集时间点（每分钟第50秒）...
2026-03-21 01:27:13,169 - INFO - 接收到中断信号，程序退出
2026-03-21 01:27:13,170 - INFO - InfluxDB连接已关闭
2026-03-21 01:27:49,755 - INFO - 气象数据采集程序启动
2026-03-21 01:27:49,760 - INFO - InfluxDB连接成功
2026-03-21 01:27:49,761 - INFO - 等待 1 秒到下一个采集时间点（每分钟第50秒）...
2026-03-21 01:27:50,764 - INFO - 温度传感器初始化成功
2026-03-21 01:27:50,805 - INFO - 温度传感器数据: {'temperature': 20.5, 'humidity': 49.4, 'pressure': 1016.8}
2026-03-21 01:27:50,912 - INFO - 雨量传感器初始化成功
2026-03-21 01:27:51,999 - INFO - 雨量传感器数据: {'instantaneous_rainfall': 0.0, 'current_hour_rainfall': 0.3, 'previous_hour_rainfall': 0.0}
2026-03-21 01:27:52,109 - INFO - 风向传感器初始化成功
2026-03-21 01:27:53,193 - INFO - 风向传感器数据: {'wind_direction': '东北', 'wind_angle': 66.8}
2026-03-21 01:27:53,193 - INFO - 风速传感器初始化成功
2026-03-21 01:27:54,250 - INFO - 风速传感器数据: {'wind_speed': 0.0, 'wind_level': 0}
2026-03-21 01:27:54,273 - ERROR - 写入InfluxDB失败: (500)
Reason: Internal Server Error
HTTP response headers: HTTPHeaderDict({'Content-Type': 'application/json; charset=utf-8', 'X-Influxdb-Build': 'OSS', 'X-Influxdb-Version': 'v2.8.0', 'X-Platform-Error-Code': 'internal error', 'Date': 'Fri, 20 Mar 2026 17:27:54 GMT', 'Content-Length': '389'})
HTTP response body: {"code":"internal error","message":"unexpected error writing points to database: cannot truncate D:\\wzx\\气象社团\\get_data\\influxdb\\data\\engine\\data\\ae60619e97ab9443\\autogen\\1\\fields.idxl to last known good size of 0 after incomplete write: truncate D:\\wzx\\气象社团\\get_data\\influxdb\\data\\engine\\data\\ae60619e97ab9443\\autogen\\1\\fields.idxl: Access is denied."}

2026-03-21 01:27:54,273 - INFO - 等待 56 秒到下一个采集时间点（每分钟第50秒）...
2026-03-21 01:27:59,704 - INFO - 接收到中断信号，程序退出
2026-03-21 01:27:59,705 - INFO - InfluxDB连接已关闭
2026-03-21 01:37:44,413 - INFO - 气象数据采集程序启动
2026-03-21 01:37:44,419 - INFO - InfluxDB连接成功
2026-03-21 01:37:44,420 - INFO - 等待 6 秒到下一个采集时间点（每分钟第50秒）...
2026-03-21 01:37:50,427 - INFO - 温度传感器初始化成功
2026-03-21 01:37:50,467 - INFO - 温度传感器数据: {'temperature': 20.8, 'humidity': 48.2, 'pressure': 1016.8}
2026-03-21 01:37:50,581 - INFO - 雨量传感器初始化成功
2026-03-21 01:37:51,670 - INFO - 雨量传感器数据: {'instantaneous_rainfall': 0.0, 'current_hour_rainfall': 0.3, 'previous_hour_rainfall': 0.0}
2026-03-21 01:37:51,775 - INFO - 风向传感器初始化成功
2026-03-21 01:37:52,848 - INFO - 风向传感器数据: {'wind_direction': '东北', 'wind_angle': 67.0}
2026-03-21 01:37:52,850 - INFO - 风速传感器初始化成功
2026-03-21 01:37:53,902 - INFO - 风速传感器数据: {'wind_speed': 0.0, 'wind_level': 0}
2026-03-21 01:37:53,920 - ERROR - 写入InfluxDB失败: (500)
Reason: Internal Server Error
HTTP response headers: HTTPHeaderDict({'Content-Type': 'application/json; charset=utf-8', 'X-Influxdb-Build': 'OSS', 'X-Influxdb-Version': 'v2.8.0', 'X-Platform-Error-Code': 'internal error', 'Date': 'Fri, 20 Mar 2026 17:37:53 GMT', 'Content-Length': '389'})
HTTP response body: {"code":"internal error","message":"unexpected error writing points to database: cannot truncate D:\\wzx\\气象社团\\get_data\\influxdb\\data\\engine\\data\\ae60619e97ab9443\\autogen\\1\\fields.idxl to last known good size of 0 after incomplete write: truncate D:\\wzx\\气象社团\\get_data\\influxdb\\data\\engine\\data\\ae60619e97ab9443\\autogen\\1\\fields.idxl: Access is denied."}

2026-03-21 01:37:53,920 - INFO - 等待 57 秒到下一个采集时间点（每分钟第50秒）...
2026-03-21 01:38:50,937 - INFO - 温度传感器初始化成功
2026-03-21 01:38:50,979 - INFO - 温度传感器数据: {'temperature': 20.8, 'humidity': 48.1, 'pressure': 1016.8}
2026-03-21 01:38:51,088 - INFO - 雨量传感器初始化成功
2026-03-21 01:38:52,177 - INFO - 雨量传感器数据: {'instantaneous_rainfall': 0.0, 'current_hour_rainfall': 0.3, 'previous_hour_rainfall': 0.0}
2026-03-21 01:38:52,280 - INFO - 风向传感器初始化成功
2026-03-21 01:38:53,362 - INFO - 风向传感器数据: {'wind_direction': '东北', 'wind_angle': 67.0}
2026-03-21 01:38:53,362 - INFO - 风速传感器初始化成功
2026-03-21 01:38:54,412 - INFO - 风速传感器数据: {'wind_speed': 0.0, 'wind_level': 0}
2026-03-21 01:38:54,418 - ERROR - 写入InfluxDB失败: (422)
Reason: Unprocessable Entity
HTTP response headers: HTTPHeaderDict({'Content-Type': 'application/json; charset=utf-8', 'X-Influxdb-Build': 'OSS', 'X-Influxdb-Version': 'v2.8.0', 'X-Platform-Error-Code': 'unprocessable entity', 'Date': 'Fri, 20 Mar 2026 17:38:54 GMT', 'Content-Length': '223'})
HTTP response body: {"code":"unprocessable entity","message":"failure writing points to database: partial write: field type conflict: input field \"pressure\" on measurement \"weather\" is type float, already exists as type integer dropped=1"}

2026-03-21 01:38:54,418 - INFO - 等待 56 秒到下一个采集时间点（每分钟第50秒）...
2026-03-21 01:39:50,433 - INFO - 温度传感器初始化成功
2026-03-21 01:39:50,474 - INFO - 温度传感器数据: {'temperature': 20.9, 'humidity': 48.1, 'pressure': 1016.8}
2026-03-21 01:39:50,580 - INFO - 雨量传感器初始化成功
2026-03-21 01:39:51,663 - INFO - 雨量传感器数据: {'instantaneous_rainfall': 0.0, 'current_hour_rainfall': 0.3, 'previous_hour_rainfall': 0.0}
2026-03-21 01:39:51,771 - INFO - 风向传感器初始化成功
2026-03-21 01:39:52,851 - INFO - 风向传感器数据: {'wind_direction': '东北', 'wind_angle': 67.2}
2026-03-21 01:39:52,851 - INFO - 风速传感器初始化成功
2026-03-21 01:39:53,911 - INFO - 风速传感器数据: {'wind_speed': 0.0, 'wind_level': 0}
2026-03-21 01:39:53,916 - ERROR - 写入InfluxDB失败: (422)
Reason: Unprocessable Entity
HTTP response headers: HTTPHeaderDict({'Content-Type': 'application/json; charset=utf-8', 'X-Influxdb-Build': 'OSS', 'X-Influxdb-Version': 'v2.8.0', 'X-Platform-Error-Code': 'unprocessable entity', 'Date': 'Fri, 20 Mar 2026 17:39:53 GMT', 'Content-Length': '223'})
HTTP response body: {"code":"unprocessable entity","message":"failure writing points to database: partial write: field type conflict: input field \"pressure\" on measurement \"weather\" is type float, already exists as type integer dropped=1"}

2026-03-21 01:39:53,917 - INFO - 等待 57 秒到下一个采集时间点（每分钟第50秒）...
2026-03-21 01:40:50,932 - INFO - 温度传感器初始化成功
2026-03-21 01:40:50,974 - INFO - 温度传感器数据: {'temperature': 20.9, 'humidity': 48.1, 'pressure': 1016.8}
2026-03-21 01:40:51,075 - INFO - 雨量传感器初始化成功
2026-03-21 01:40:52,156 - INFO - 雨量传感器数据: {'instantaneous_rainfall': 0.0, 'current_hour_rainfall': 0.3, 'previous_hour_rainfall': 0.0}
2026-03-21 01:40:52,266 - INFO - 风向传感器初始化成功
2026-03-21 01:40:53,343 - INFO - 风向传感器数据: {'wind_direction': '东北', 'wind_angle': 67.0}
2026-03-21 01:40:53,345 - INFO - 风速传感器初始化成功
2026-03-21 01:40:54,394 - INFO - 风速传感器数据: {'wind_speed': 0.0, 'wind_level': 0}
2026-03-21 01:40:54,398 - ERROR - 写入InfluxDB失败: (422)
Reason: Unprocessable Entity
HTTP response headers: HTTPHeaderDict({'Content-Type': 'application/json; charset=utf-8', 'X-Influxdb-Build': 'OSS', 'X-Influxdb-Version': 'v2.8.0', 'X-Platform-Error-Code': 'unprocessable entity', 'Date': 'Fri, 20 Mar 2026 17:40:54 GMT', 'Content-Length': '223'})
HTTP response body: {"code":"unprocessable entity","message":"failure writing points to database: partial write: field type conflict: input field \"pressure\" on measurement \"weather\" is type float, already exists as type integer dropped=1"}

2026-03-21 01:40:54,398 - INFO - 等待 56 秒到下一个采集时间点（每分钟第50秒）...
2026-03-21 01:41:50,416 - INFO - 温度传感器初始化成功
2026-03-21 01:41:50,457 - INFO - 温度传感器数据: {'temperature': 20.9, 'humidity': 47.9, 'pressure': 1016.8}
2026-03-21 01:41:50,560 - INFO - 雨量传感器初始化成功
2026-03-21 01:41:51,645 - INFO - 雨量传感器数据: {'instantaneous_rainfall': 0.0, 'current_hour_rainfall': 0.3, 'previous_hour_rainfall': 0.0}
2026-03-21 01:41:51,750 - INFO - 风向传感器初始化成功
2026-03-21 01:41:52,824 - INFO - 风向传感器数据: {'wind_direction': '东北', 'wind_angle': 67.0}
2026-03-21 01:41:52,825 - INFO - 风速传感器初始化成功
2026-03-21 01:41:53,877 - INFO - 风速传感器数据: {'wind_speed': 0.0, 'wind_level': 0}
2026-03-21 01:41:53,882 - ERROR - 写入InfluxDB失败: (422)
Reason: Unprocessable Entity
HTTP response headers: HTTPHeaderDict({'Content-Type': 'application/json; charset=utf-8', 'X-Influxdb-Build': 'OSS', 'X-Influxdb-Version': 'v2.8.0', 'X-Platform-Error-Code': 'unprocessable entity', 'Date': 'Fri, 20 Mar 2026 17:41:53 GMT', 'Content-Length': '223'})
HTTP response body: {"code":"unprocessable entity","message":"failure writing points to database: partial write: field type conflict: input field \"pressure\" on measurement \"weather\" is type float, already exists as type integer dropped=1"}

2026-03-21 01:41:53,882 - INFO - 等待 57 秒到下一个采集时间点（每分钟第50秒）...
2026-03-21 01:42:50,894 - INFO - 温度传感器初始化成功
2026-03-21 01:42:50,935 - INFO - 温度传感器数据: {'temperature': 21.0, 'humidity': 47.8, 'pressure': 1016.8}
2026-03-21 01:42:51,038 - INFO - 雨量传感器初始化成功
2026-03-21 01:42:52,122 - INFO - 雨量传感器数据: {'instantaneous_rainfall': 0.0, 'current_hour_rainfall': 0.3, 'previous_hour_rainfall': 0.0}
2026-03-21 01:42:52,233 - INFO - 风向传感器初始化成功
2026-03-21 01:42:53,314 - INFO - 风向传感器数据: {'wind_direction': '东北', 'wind_angle': 66.7}
2026-03-21 01:42:53,314 - INFO - 风速传感器初始化成功
2026-03-21 01:42:54,365 - INFO - 风速传感器数据: {'wind_speed': 0.0, 'wind_level': 0}
2026-03-21 01:42:54,369 - ERROR - 写入InfluxDB失败: (422)
Reason: Unprocessable Entity
HTTP response headers: HTTPHeaderDict({'Content-Type': 'application/json; charset=utf-8', 'X-Influxdb-Build': 'OSS', 'X-Influxdb-Version': 'v2.8.0', 'X-Platform-Error-Code': 'unprocessable entity', 'Date': 'Fri, 20 Mar 2026 17:42:54 GMT', 'Content-Length': '223'})
HTTP response body: {"code":"unprocessable entity","message":"failure writing points to database: partial write: field type conflict: input field \"pressure\" on measurement \"weather\" is type float, already exists as type integer dropped=1"}

2026-03-21 01:42:54,369 - INFO - 等待 56 秒到下一个采集时间点（每分钟第50秒）...
2026-03-21 01:43:50,385 - INFO - 温度传感器初始化成功
2026-03-21 01:43:50,426 - INFO - 温度传感器数据: {'temperature': 21.0, 'humidity': 47.6, 'pressure': 1016.8}
2026-03-21 01:43:50,528 - INFO - 雨量传感器初始化成功
2026-03-21 01:43:51,605 - INFO - 雨量传感器数据: {'instantaneous_rainfall': 0.0, 'current_hour_rainfall': 0.3, 'previous_hour_rainfall': 0.0}
2026-03-21 01:43:51,714 - INFO - 风向传感器初始化成功
2026-03-21 01:43:52,792 - INFO - 风向传感器数据: {'wind_direction': '东北', 'wind_angle': 67.0}
2026-03-21 01:43:52,793 - INFO - 风速传感器初始化成功
2026-03-21 01:43:53,845 - INFO - 风速传感器数据: {'wind_speed': 0.0, 'wind_level': 0}
2026-03-21 01:43:53,849 - ERROR - 写入InfluxDB失败: (422)
Reason: Unprocessable Entity
HTTP response headers: HTTPHeaderDict({'Content-Type': 'application/json; charset=utf-8', 'X-Influxdb-Build': 'OSS', 'X-Influxdb-Version': 'v2.8.0', 'X-Platform-Error-Code': 'unprocessable entity', 'Date': 'Fri, 20 Mar 2026 17:43:53 GMT', 'Content-Length': '223'})
HTTP response body: {"code":"unprocessable entity","message":"failure writing points to database: partial write: field type conflict: input field \"pressure\" on measurement \"weather\" is type float, already exists as type integer dropped=1"}

2026-03-21 01:43:53,849 - INFO - 等待 57 秒到下一个采集时间点（每分钟第50秒）...
2026-03-21 01:43:59,600 - INFO - 接收到中断信号，程序退出
2026-03-21 01:43:59,601 - INFO - InfluxDB连接已关闭
2026-03-21 01:51:41,459 - INFO - 气象数据采集程序启动
2026-03-21 01:51:41,464 - INFO - InfluxDB连接成功
2026-03-21 01:51:41,464 - INFO - 等待 9 秒到下一个采集时间点（每分钟第50秒）...
2026-03-21 01:51:50,473 - INFO - 温度传感器初始化成功
2026-03-21 01:51:50,514 - INFO - 温度传感器数据: {'temperature': 21.1, 'humidity': 47.4, 'pressure': 1016.7}
2026-03-21 01:51:50,629 - INFO - 雨量传感器初始化成功
2026-03-21 01:51:51,719 - INFO - 雨量传感器数据: {'instantaneous_rainfall': 0.0, 'current_hour_rainfall': 0.3, 'previous_hour_rainfall': 0.0}
2026-03-21 01:51:51,823 - INFO - 风向传感器初始化成功
2026-03-21 01:51:52,899 - INFO - 风向传感器数据: {'wind_direction': '东北', 'wind_angle': 67.1}
2026-03-21 01:51:52,899 - INFO - 风速传感器初始化成功
2026-03-21 01:51:53,959 - INFO - 风速传感器数据: {'wind_speed': 0.0, 'wind_level': 0}
2026-03-21 01:51:53,976 - ERROR - 写入InfluxDB失败: (500)
Reason: Internal Server Error
HTTP response headers: HTTPHeaderDict({'Content-Type': 'application/json; charset=utf-8', 'X-Influxdb-Build': 'OSS', 'X-Influxdb-Version': 'v2.8.0', 'X-Platform-Error-Code': 'internal error', 'Date': 'Fri, 20 Mar 2026 17:51:53 GMT', 'Content-Length': '389'})
HTTP response body: {"code":"internal error","message":"unexpected error writing points to database: cannot truncate D:\\wzx\\气象社团\\get_data\\influxdb\\data\\engine\\data\\ae60619e97ab9443\\autogen\\1\\fields.idxl to last known good size of 0 after incomplete write: truncate D:\\wzx\\气象社团\\get_data\\influxdb\\data\\engine\\data\\ae60619e97ab9443\\autogen\\1\\fields.idxl: Access is denied."}

2026-03-21 01:51:53,976 - INFO - 等待 57 秒到下一个采集时间点（每分钟第50秒）...
2026-03-21 01:52:50,996 - INFO - 温度传感器初始化成功
2026-03-21 01:52:51,036 - INFO - 温度传感器数据: {'temperature': 21.2, 'humidity': 47.3, 'pressure': 1016.6}
2026-03-21 01:52:51,148 - INFO - 雨量传感器初始化成功
2026-03-21 01:52:52,234 - INFO - 雨量传感器数据: {'instantaneous_rainfall': 0.0, 'current_hour_rainfall': 0.3, 'previous_hour_rainfall': 0.0}
2026-03-21 01:52:52,342 - INFO - 风向传感器初始化成功
2026-03-21 01:52:53,417 - INFO - 风向传感器数据: {'wind_direction': '东北', 'wind_angle': 67.2}
2026-03-21 01:52:53,417 - INFO - 风速传感器初始化成功
2026-03-21 01:52:54,480 - INFO - 风速传感器数据: {'wind_speed': 0.0, 'wind_level': 0}
2026-03-21 01:52:54,484 - INFO - 数据写入InfluxDB成功
2026-03-21 01:52:54,485 - INFO - 等待 56 秒到下一个采集时间点（每分钟第50秒）...
2026-03-21 01:53:50,494 - INFO - 温度传感器初始化成功
2026-03-21 01:53:50,535 - INFO - 温度传感器数据: {'temperature': 21.2, 'humidity': 47.1, 'pressure': 1016.6}
2026-03-21 01:53:50,644 - INFO - 雨量传感器初始化成功
2026-03-21 01:53:51,733 - INFO - 雨量传感器数据: {'instantaneous_rainfall': 0.0, 'current_hour_rainfall': 0.3, 'previous_hour_rainfall': 0.0}
2026-03-21 01:53:51,835 - INFO - 风向传感器初始化成功
2026-03-21 01:53:52,909 - INFO - 风向传感器数据: {'wind_direction': '东北', 'wind_angle': 67.3}
2026-03-21 01:53:52,909 - INFO - 风速传感器初始化成功
2026-03-21 01:53:53,965 - INFO - 风速传感器数据: {'wind_speed': 0.0, 'wind_level': 0}
2026-03-21 01:53:53,968 - INFO - 数据写入InfluxDB成功
2026-03-21 01:53:53,968 - INFO - 等待 57 秒到下一个采集时间点（每分钟第50秒）...
2026-03-21 01:54:50,977 - INFO - 温度传感器初始化成功
2026-03-21 01:54:51,018 - INFO - 温度传感器数据: {'temperature': 21.2, 'humidity': 47.0, 'pressure': 1016.6}
2026-03-21 01:54:51,129 - INFO - 雨量传感器初始化成功
2026-03-21 01:54:52,214 - INFO - 雨量传感器数据: {'instantaneous_rainfall': 0.0, 'current_hour_rainfall': 0.3, 'previous_hour_rainfall': 0.0}
2026-03-21 01:54:52,322 - INFO - 风向传感器初始化成功
2026-03-21 01:54:53,393 - INFO - 风向传感器数据: {'wind_direction': '东北', 'wind_angle': 67.2}
2026-03-21 01:54:53,394 - INFO - 风速传感器初始化成功
2026-03-21 01:54:54,442 - INFO - 风速传感器数据: {'wind_speed': 0.0, 'wind_level': 0}
2026-03-21 01:54:54,450 - INFO - 数据写入InfluxDB成功
2026-03-21 01:54:54,450 - INFO - 等待 56 秒到下一个采集时间点（每分钟第50秒）...
2026-03-21 01:55:50,467 - INFO - 温度传感器初始化成功
2026-03-21 01:55:50,508 - INFO - 温度传感器数据: {'temperature': 21.2, 'humidity': 46.9, 'pressure': 1016.6}
2026-03-21 01:55:50,614 - INFO - 雨量传感器初始化成功
2026-03-21 01:55:51,702 - INFO - 雨量传感器数据: {'instantaneous_rainfall': 0.3, 'current_hour_rainfall': 0.6, 'previous_hour_rainfall': 0.0}
2026-03-21 01:55:51,806 - INFO - 风向传感器初始化成功
2026-03-21 01:55:52,879 - INFO - 风向传感器数据: {'wind_direction': '东北', 'wind_angle': 67.2}
2026-03-21 01:55:52,881 - INFO - 风速传感器初始化成功
2026-03-21 01:55:53,932 - INFO - 风速传感器数据: {'wind_speed': 0.0, 'wind_level': 0}
2026-03-21 01:55:53,936 - INFO - 数据写入InfluxDB成功
2026-03-21 01:55:53,936 - INFO - 等待 57 秒到下一个采集时间点（每分钟第50秒）...
2026-03-21 01:56:50,943 - INFO - 温度传感器初始化成功
2026-03-21 01:56:50,981 - INFO - 温度传感器数据: {'temperature': 21.2, 'humidity': 47.0, 'pressure': 1016.6}
2026-03-21 01:56:51,100 - INFO - 雨量传感器初始化成功
2026-03-21 01:56:52,186 - INFO - 雨量传感器数据: {'instantaneous_rainfall': 0.0, 'current_hour_rainfall': 0.6, 'previous_hour_rainfall': 0.0}
2026-03-21 01:56:52,306 - INFO - 风向传感器初始化成功
2026-03-21 01:56:53,388 - INFO - 风向传感器数据: {'wind_direction': '东北', 'wind_angle': 67.3}
2026-03-21 01:56:53,389 - INFO - 风速传感器初始化成功
2026-03-21 01:56:54,439 - INFO - 风速传感器数据: {'wind_speed': 0.0, 'wind_level': 0}
2026-03-21 01:56:54,442 - INFO - 数据写入InfluxDB成功
2026-03-21 01:56:54,443 - INFO - 等待 56 秒到下一个采集时间点（每分钟第50秒）...
2026-03-21 01:57:50,452 - INFO - 温度传感器初始化成功
2026-03-21 01:57:50,494 - INFO - 温度传感器数据: {'temperature': 21.2, 'humidity': 47.2, 'pressure': 1016.6}
2026-03-21 01:57:50,600 - INFO - 雨量传感器初始化成功
2026-03-21 01:57:51,682 - INFO - 雨量传感器数据: {'instantaneous_rainfall': 0.0, 'current_hour_rainfall': 0.6, 'previous_hour_rainfall': 0.0}
2026-03-21 01:57:51,798 - INFO - 风向传感器初始化成功
2026-03-21 01:57:52,881 - INFO - 风向传感器数据: {'wind_direction': '东北', 'wind_angle': 67.1}
2026-03-21 01:57:52,881 - INFO - 风速传感器初始化成功
2026-03-21 01:57:53,938 - INFO - 风速传感器数据: {'wind_speed': 0.0, 'wind_level': 0}
2026-03-21 01:57:53,942 - INFO - 数据写入InfluxDB成功
2026-03-21 01:57:53,942 - INFO - 等待 57 秒到下一个采集时间点（每分钟第50秒）...
2026-03-21 01:58:50,955 - INFO - 温度传感器初始化成功
2026-03-21 01:58:50,996 - INFO - 温度传感器数据: {'temperature': 21.2, 'humidity': 47.3, 'pressure': 1016.6}
2026-03-21 01:58:51,106 - INFO - 雨量传感器初始化成功
2026-03-21 01:58:52,198 - INFO - 雨量传感器数据: {'instantaneous_rainfall': 0.0, 'current_hour_rainfall': 0.6, 'previous_hour_rainfall': 0.0}
2026-03-21 01:58:52,310 - INFO - 风向传感器初始化成功
2026-03-21 01:58:53,379 - INFO - 风向传感器数据: {'wind_direction': '东北', 'wind_angle': 67.3}
2026-03-21 01:58:53,380 - INFO - 风速传感器初始化成功
2026-03-21 01:58:54,432 - INFO - 风速传感器数据: {'wind_speed': 0.0, 'wind_level': 0}
2026-03-21 01:58:54,435 - INFO - 数据写入InfluxDB成功
2026-03-21 01:58:54,435 - INFO - 等待 56 秒到下一个采集时间点（每分钟第50秒）...
2026-03-21 01:59:50,454 - INFO - 温度传感器初始化成功
2026-03-21 01:59:50,496 - INFO - 温度传感器数据: {'temperature': 21.2, 'humidity': 47.1, 'pressure': 1016.6}
2026-03-21 01:59:50,597 - INFO - 雨量传感器初始化成功
2026-03-21 01:59:51,679 - INFO - 雨量传感器数据: {'instantaneous_rainfall': 0.0, 'current_hour_rainfall': 0.0, 'previous_hour_rainfall': 0.6}
2026-03-21 01:59:51,781 - INFO - 风向传感器初始化成功
2026-03-21 01:59:52,866 - INFO - 风向传感器数据: {'wind_direction': '东北', 'wind_angle': 67.3}
2026-03-21 01:59:52,867 - INFO - 风速传感器初始化成功
2026-03-21 01:59:53,917 - INFO - 风速传感器数据: {'wind_speed': 0.0, 'wind_level': 0}
2026-03-21 01:59:53,920 - INFO - 数据写入InfluxDB成功
2026-03-21 01:59:53,921 - INFO - 等待 57 秒到下一个采集时间点（每分钟第50秒）...
2026-03-21 02:00:50,930 - INFO - 温度传感器初始化成功
2026-03-21 02:00:50,971 - INFO - 温度传感器数据: {'temperature': 21.2, 'humidity': 47.0, 'pressure': 1016.6}
2026-03-21 02:00:51,075 - INFO - 雨量传感器初始化成功
2026-03-21 02:00:52,155 - INFO - 雨量传感器数据: {'instantaneous_rainfall': 0.2, 'current_hour_rainfall': 0.2, 'previous_hour_rainfall': 0.6}
2026-03-21 02:00:52,259 - INFO - 风向传感器初始化成功
2026-03-21 02:00:53,340 - INFO - 风向传感器数据: {'wind_direction': '东北', 'wind_angle': 67.2}
2026-03-21 02:00:53,341 - INFO - 风速传感器初始化成功
2026-03-21 02:00:54,399 - INFO - 风速传感器数据: {'wind_speed': 0.0, 'wind_level': 0}
2026-03-21 02:00:54,402 - INFO - 数据写入InfluxDB成功
2026-03-21 02:00:54,402 - INFO - 等待 56 秒到下一个采集时间点（每分钟第50秒）...
2026-03-21 02:01:03,731 - INFO - 接收到中断信号，程序退出
2026-03-21 02:01:03,733 - INFO - InfluxDB连接已关闭
2026-03-21 02:01:14,403 - INFO - 温度传感器初始化成功
2026-03-21 02:01:14,403 - INFO - 雨量传感器初始化成功
2026-03-21 02:01:14,403 - INFO - 风向传感器初始化成功
2026-03-21 02:01:14,404 - INFO - 风速传感器初始化成功
2026-03-21 02:01:14,404 - INFO - 气象数据采集程序启动
2026-03-21 02:01:14,409 - INFO - InfluxDB连接成功
2026-03-21 02:01:14,409 - INFO - 等待 36 秒到下一个采集时间点（每分钟第50秒）...
2026-03-21 02:01:50,570 - INFO - 温度传感器数据: {'temperature': 21.2, 'humidity': 46.7, 'pressure': 1016.6}
2026-03-21 02:01:51,772 - INFO - 雨量传感器数据: {'instantaneous_rainfall': 0.0, 'current_hour_rainfall': 0.2, 'previous_hour_rainfall': 0.6}
2026-03-21 02:01:52,969 - INFO - 风向传感器数据: {'wind_direction': '东北', 'wind_angle': 67.3}
2026-03-21 02:01:54,132 - INFO - 风速传感器数据: {'wind_speed': 0.0, 'wind_level': 0}
2026-03-21 02:01:54,146 - INFO - 数据写入InfluxDB成功
2026-03-21 02:01:54,146 - INFO - 等待 56 秒到下一个采集时间点（每分钟第50秒）...
2026-03-21 02:02:50,298 - INFO - 温度传感器数据: {'temperature': 21.2, 'humidity': 46.7, 'pressure': 1016.6}
2026-03-21 02:02:51,496 - INFO - 雨量传感器数据: {'instantaneous_rainfall': 0.0, 'current_hour_rainfall': 0.2, 'previous_hour_rainfall': 0.6}
2026-03-21 02:02:52,686 - INFO - 风向传感器数据: {'wind_direction': '东北', 'wind_angle': 67.2}
2026-03-21 02:02:53,846 - INFO - 风速传感器数据: {'wind_speed': 0.0, 'wind_level': 0}
2026-03-21 02:02:53,850 - INFO - 数据写入InfluxDB成功
2026-03-21 02:02:53,850 - INFO - 等待 57 秒到下一个采集时间点（每分钟第50秒）...
2026-03-21 02:03:51,005 - INFO - 温度传感器数据: {'temperature': 21.3, 'humidity': 46.6, 'pressure': 1016.6}
2026-03-21 02:03:52,197 - INFO - 雨量传感器数据: {'instantaneous_rainfall': 0.0, 'current_hour_rainfall': 0.2, 'previous_hour_rainfall': 0.6}
2026-03-21 02:03:53,390 - INFO - 风向传感器数据: {'wind_direction': '东北', 'wind_angle': 66.7}
2026-03-21 02:03:54,550 - INFO - 风速传感器数据: {'wind_speed': 0.0, 'wind_level': 0}
2026-03-21 02:03:54,555 - INFO - 数据写入InfluxDB成功
2026-03-21 02:03:54,555 - INFO - 等待 56 秒到下一个采集时间点（每分钟第50秒）...
2026-03-21 02:04:50,712 - INFO - 温度传感器数据: {'temperature': 21.3, 'humidity': 46.0, 'pressure': 1016.6}
2026-03-21 02:04:51,908 - INFO - 雨量传感器数据: {'instantaneous_rainfall': 0.0, 'current_hour_rainfall': 0.2, 'previous_hour_rainfall': 0.6}
2026-03-21 02:04:53,090 - INFO - 风向传感器数据: {'wind_direction': '东北', 'wind_angle': 67.1}
2026-03-21 02:04:54,244 - INFO - 风速传感器数据: {'wind_speed': 0.0, 'wind_level': 0}
2026-03-21 02:04:54,249 - INFO - 数据写入InfluxDB成功
2026-03-21 02:04:54,249 - INFO - 等待 56 秒到下一个采集时间点（每分钟第50秒）...
2026-03-21 02:05:50,393 - INFO - 温度传感器数据: {'temperature': 21.3, 'humidity': 45.6, 'pressure': 1016.6}
2026-03-21 02:05:51,587 - INFO - 雨量传感器数据: {'instantaneous_rainfall': 0.0, 'current_hour_rainfall': 0.2, 'previous_hour_rainfall': 0.6}
2026-03-21 02:05:52,772 - INFO - 风向传感器数据: {'wind_direction': '东北', 'wind_angle': 67.2}
2026-03-21 02:05:53,932 - INFO - 风速传感器数据: {'wind_speed': 0.0, 'wind_level': 0}
2026-03-21 02:05:53,938 - INFO - 数据写入InfluxDB成功
2026-03-21 02:05:53,938 - INFO - 等待 57 秒到下一个采集时间点（每分钟第50秒）...
2026-03-21 02:09:14,686 - INFO - 温度传感器数据: {'temperature': 21.3, 'humidity': 44.6, 'pressure': 1016.6}
2026-03-21 02:09:15,880 - INFO - 雨量传感器数据: {'instantaneous_rainfall': 0.0, 'current_hour_rainfall': 0.2, 'previous_hour_rainfall': 0.6}
2026-03-21 02:09:17,066 - INFO - 风向传感器数据: {'wind_direction': '东北', 'wind_angle': 66.9}
2026-03-21 02:09:18,221 - INFO - 风速传感器数据: {'wind_speed': 0.0, 'wind_level': 0}
2026-03-21 02:09:18,225 - INFO - 数据写入InfluxDB成功
2026-03-21 02:09:18,225 - INFO - 等待 32 秒到下一个采集时间点（每分钟第50秒）...
2026-03-21 02:09:50,388 - INFO - 温度传感器数据: {'temperature': 21.3, 'humidity': 44.9, 'pressure': 1016.5}
2026-03-21 02:09:51,566 - INFO - 雨量传感器数据: {'instantaneous_rainfall': 0.0, 'current_hour_rainfall': 0.2, 'previous_hour_rainfall': 0.6}
2026-03-21 02:09:52,758 - INFO - 风向传感器数据: {'wind_direction': '东北', 'wind_angle': 67.1}
2026-03-21 02:09:53,922 - INFO - 风速传感器数据: {'wind_speed': 0.0, 'wind_level': 0}
2026-03-21 02:09:53,927 - INFO - 数据写入InfluxDB成功
2026-03-21 02:09:53,927 - INFO - 等待 57 秒到下一个采集时间点（每分钟第50秒）...
2026-03-21 02:10:51,079 - INFO - 温度传感器数据: {'temperature': 21.3, 'humidity': 45.1, 'pressure': 1016.5}
2026-03-21 02:10:52,279 - INFO - 雨量传感器数据: {'instantaneous_rainfall': 0.0, 'current_hour_rainfall': 0.2, 'previous_hour_rainfall': 0.6}
2026-03-21 02:10:53,462 - INFO - 风向传感器数据: {'wind_direction': '东北', 'wind_angle': 66.8}
2026-03-21 02:10:54,629 - INFO - 风速传感器数据: {'wind_speed': 0.0, 'wind_level': 0}
2026-03-21 02:10:54,633 - INFO - 数据写入InfluxDB成功
2026-03-21 02:10:54,634 - INFO - 等待 56 秒到下一个采集时间点（每分钟第50秒）...
2026-03-21 02:11:50,779 - INFO - 温度传感器数据: {'temperature': 21.3, 'humidity': 45.3, 'pressure': 1016.5}
2026-03-21 02:11:51,973 - INFO - 雨量传感器数据: {'instantaneous_rainfall': 0.0, 'current_hour_rainfall': 0.2, 'previous_hour_rainfall': 0.6}
2026-03-21 02:11:53,163 - INFO - 风向传感器数据: {'wind_direction': '东北', 'wind_angle': 67.4}
2026-03-21 02:11:54,323 - INFO - 风速传感器数据: {'wind_speed': 0.0, 'wind_level': 0}
2026-03-21 02:11:54,329 - INFO - 数据写入InfluxDB成功
2026-03-21 02:11:54,329 - INFO - 等待 56 秒到下一个采集时间点（每分钟第50秒）...
2026-03-21 02:12:50,478 - INFO - 温度传感器数据: {'temperature': 21.3, 'humidity': 45.5, 'pressure': 1016.6}
2026-03-21 02:12:51,671 - INFO - 雨量传感器数据: {'instantaneous_rainfall': 0.0, 'current_hour_rainfall': 0.2, 'previous_hour_rainfall': 0.6}
2026-03-21 02:12:52,870 - INFO - 风向传感器数据: {'wind_direction': '东北', 'wind_angle': 67.2}
2026-03-21 02:12:54,027 - INFO - 风速传感器数据: {'wind_speed': 0.0, 'wind_level': 0}
2026-03-21 02:12:54,030 - INFO - 数据写入InfluxDB成功
2026-03-21 02:12:54,030 - INFO - 等待 56 秒到下一个采集时间点（每分钟第50秒）...
2026-03-21 02:13:50,179 - INFO - 温度传感器数据: {'temperature': 21.3, 'humidity': 45.5, 'pressure': 1016.6}
2026-03-21 02:13:51,378 - INFO - 雨量传感器数据: {'instantaneous_rainfall': 0.0, 'current_hour_rainfall': 0.2, 'previous_hour_rainfall': 0.6}
2026-03-21 02:13:52,562 - INFO - 风向传感器数据: {'wind_direction': '东北', 'wind_angle': 67.4}
2026-03-21 02:13:53,718 - INFO - 风速传感器数据: {'wind_speed': 0.0, 'wind_level': 0}
2026-03-21 02:13:53,722 - INFO - 数据写入InfluxDB成功
2026-03-21 02:13:53,722 - INFO - 等待 57 秒到下一个采集时间点（每分钟第50秒）...
2026-03-21 02:14:50,881 - INFO - 温度传感器数据: {'temperature': 21.3, 'humidity': 45.3, 'pressure': 1016.6}
2026-03-21 02:14:52,075 - INFO - 雨量传感器数据: {'instantaneous_rainfall': 0.0, 'current_hour_rainfall': 0.2, 'previous_hour_rainfall': 0.6}
2026-03-21 02:14:53,268 - INFO - 风向传感器数据: {'wind_direction': '东北', 'wind_angle': 67.0}
2026-03-21 02:14:54,418 - INFO - 风速传感器数据: {'wind_speed': 0.0, 'wind_level': 0}
2026-03-21 02:14:54,421 - INFO - 数据写入InfluxDB成功
2026-03-21 02:14:54,421 - INFO - 等待 56 秒到下一个采集时间点（每分钟第50秒）...
2026-03-21 02:15:50,565 - INFO - 温度传感器数据: {'temperature': 21.3, 'humidity': 45.5, 'pressure': 1016.6}
2026-03-21 02:15:51,756 - INFO - 雨量传感器数据: {'instantaneous_rainfall': 0.0, 'current_hour_rainfall': 0.2, 'previous_hour_rainfall': 0.6}
2026-03-21 02:15:52,950 - INFO - 风向传感器数据: {'wind_direction': '东北', 'wind_angle': 67.0}
2026-03-21 02:15:54,104 - INFO - 风速传感器数据: {'wind_speed': 0.0, 'wind_level': 0}
2026-03-21 02:15:54,108 - INFO - 数据写入InfluxDB成功
2026-03-21 02:15:54,109 - INFO - 等待 56 秒到下一个采集时间点（每分钟第50秒）...
2026-03-21 02:16:50,266 - INFO - 温度传感器数据: {'temperature': 21.3, 'humidity': 45.4, 'pressure': 1016.5}
2026-03-21 02:16:51,457 - INFO - 雨量传感器数据: {'instantaneous_rainfall': 0.0, 'current_hour_rainfall': 0.2, 'previous_hour_rainfall': 0.6}
2026-03-21 02:16:52,634 - INFO - 风向传感器数据: {'wind_direction': '东北', 'wind_angle': 66.7}
2026-03-21 02:16:53,795 - INFO - 风速传感器数据: {'wind_speed': 0.0, 'wind_level': 0}
2026-03-21 02:16:53,800 - INFO - 数据写入InfluxDB成功
2026-03-21 02:16:53,800 - INFO - 等待 57 秒到下一个采集时间点（每分钟第50秒）...
2026-03-21 02:17:50,962 - INFO - 温度传感器数据: {'temperature': 21.3, 'humidity': 45.5, 'pressure': 1016.5}
2026-03-21 02:17:52,157 - INFO - 雨量传感器数据: {'instantaneous_rainfall': 0.0, 'current_hour_rainfall': 0.2, 'previous_hour_rainfall': 0.6}
2026-03-21 02:17:53,353 - INFO - 风向传感器数据: {'wind_direction': '东北', 'wind_angle': 66.7}
2026-03-21 02:17:54,520 - INFO - 风速传感器数据: {'wind_speed': 0.0, 'wind_level': 0}
2026-03-21 02:17:54,523 - INFO - 数据写入InfluxDB成功
2026-03-21 02:17:54,524 - INFO - 等待 56 秒到下一个采集时间点（每分钟第50秒）...
2026-03-21 02:18:50,668 - INFO - 温度传感器数据: {'temperature': 21.3, 'humidity': 45.4, 'pressure': 1016.5}
2026-03-21 02:18:51,860 - INFO - 雨量传感器数据: {'instantaneous_rainfall': 0.0, 'current_hour_rainfall': 0.2, 'previous_hour_rainfall': 0.6}
2026-03-21 02:18:53,048 - INFO - 风向传感器数据: {'wind_direction': '东北', 'wind_angle': 67.1}
2026-03-21 02:18:54,203 - INFO - 风速传感器数据: {'wind_speed': 0.0, 'wind_level': 0}
2026-03-21 02:18:54,208 - INFO - 数据写入InfluxDB成功
2026-03-21 02:18:54,208 - INFO - 等待 56 秒到下一个采集时间点（每分钟第50秒）...
2026-03-21 02:19:50,358 - INFO - 温度传感器数据: {'temperature': 21.2, 'humidity': 45.3, 'pressure': 1016.5}
2026-03-21 02:19:51,562 - INFO - 雨量传感器数据: {'instantaneous_rainfall': 0.0, 'current_hour_rainfall': 0.2, 'previous_hour_rainfall': 0.6}
2026-03-21 02:19:52,755 - INFO - 风向传感器数据: {'wind_direction': '东北', 'wind_angle': 67.0}
2026-03-21 02:19:53,917 - INFO - 风速传感器数据: {'wind_speed': 0.0, 'wind_level': 0}
2026-03-21 02:19:53,920 - INFO - 数据写入InfluxDB成功
2026-03-21 02:19:53,920 - INFO - 等待 57 秒到下一个采集时间点（每分钟第50秒）...
2026-03-21 02:20:51,077 - INFO - 温度传感器数据: {'temperature': 21.3, 'humidity': 45.1, 'pressure': 1016.5}
2026-03-21 02:20:52,262 - INFO - 雨量传感器数据: {'instantaneous_rainfall': 0.0, 'current_hour_rainfall': 0.2, 'previous_hour_rainfall': 0.6}
2026-03-21 02:20:53,444 - INFO - 风向传感器数据: {'wind_direction': '东北', 'wind_angle': 66.9}
2026-03-21 02:20:54,600 - INFO - 风速传感器数据: {'wind_speed': 0.0, 'wind_level': 0}
2026-03-21 02:20:54,603 - INFO - 数据写入InfluxDB成功
2026-03-21 02:20:54,603 - INFO - 等待 56 秒到下一个采集时间点（每分钟第50秒）...
2026-03-21 02:21:50,748 - INFO - 温度传感器数据: {'temperature': 21.3, 'humidity': 45.0, 'pressure': 1016.5}
2026-03-21 02:21:51,963 - INFO - 雨量传感器数据: {'instantaneous_rainfall': 0.0, 'current_hour_rainfall': 0.2, 'previous_hour_rainfall': 0.6}
2026-03-21 02:21:53,151 - INFO - 风向传感器数据: {'wind_direction': '东北', 'wind_angle': 67.0}
2026-03-21 02:21:54,316 - INFO - 风速传感器数据: {'wind_speed': 0.0, 'wind_level': 0}
2026-03-21 02:21:54,321 - INFO - 数据写入InfluxDB成功
2026-03-21 02:21:54,321 - INFO - 等待 56 秒到下一个采集时间点（每分钟第50秒）...
2026-03-21 02:22:50,476 - INFO - 温度传感器数据: {'temperature': 21.3, 'humidity': 45.0, 'pressure': 1016.4}
2026-03-21 02:22:51,678 - INFO - 雨量传感器数据: {'instantaneous_rainfall': 0.0, 'current_hour_rainfall': 0.2, 'previous_hour_rainfall': 0.6}
2026-03-21 02:22:52,867 - INFO - 风向传感器数据: {'wind_direction': '东北', 'wind_angle': 66.9}
2026-03-21 02:22:54,031 - INFO - 风速传感器数据: {'wind_speed': 0.0, 'wind_level': 0}
2026-03-21 02:22:54,035 - INFO - 数据写入InfluxDB成功
2026-03-21 02:22:54,036 - INFO - 等待 56 秒到下一个采集时间点（每分钟第50秒）...
2026-03-21 02:23:50,046 - ERROR - 读取温度传感器失败: could not open port 'COM3': FileNotFoundError(2, '系统找不到指定的文件。', None, 2)
2026-03-21 02:23:50,046 - ERROR - 读取雨量传感器失败: could not open port 'COM3': FileNotFoundError(2, '系统找不到指定的文件。', None, 2)
2026-03-21 02:23:50,046 - ERROR - 读取风向传感器失败: could not open port 'COM4': FileNotFoundError(2, '系统找不到指定的文件。', None, 2)
2026-03-21 02:23:50,046 - ERROR - 读取风速传感器失败: could not open port 'COM4': FileNotFoundError(2, '系统找不到指定的文件。', None, 2)
2026-03-21 02:23:50,051 - INFO - 数据写入InfluxDB成功
2026-03-21 02:23:50,052 - INFO - 等待 60 秒到下一个采集时间点（每分钟第50秒）...
2026-03-21 02:24:50,209 - INFO - 温度传感器数据: {'temperature': 21.2, 'humidity': 45.2, 'pressure': 1016.3}
2026-03-21 02:24:51,413 - INFO - 雨量传感器数据: {'instantaneous_rainfall': 0.0, 'current_hour_rainfall': 0.0, 'previous_hour_rainfall': 0.0}
2026-03-21 02:24:52,604 - INFO - 风向传感器数据: {'wind_direction': '东北', 'wind_angle': 67.2}
2026-03-21 02:24:53,769 - INFO - 风速传感器数据: {'wind_speed': 0.0, 'wind_level': 0}
2026-03-21 02:24:53,772 - INFO - 数据写入InfluxDB成功
2026-03-21 02:24:53,773 - INFO - 等待 57 秒到下一个采集时间点（每分钟第50秒）...
2026-03-21 02:25:50,916 - INFO - 温度传感器数据: {'temperature': 21.2, 'humidity': 45.1, 'pressure': 1016.4}
2026-03-21 02:25:52,110 - INFO - 雨量传感器数据: {'instantaneous_rainfall': 0.0, 'current_hour_rainfall': 0.0, 'previous_hour_rainfall': 0.0}
2026-03-21 02:25:53,295 - INFO - 风向传感器数据: {'wind_direction': '东北', 'wind_angle': 67.5}
2026-03-21 02:25:54,457 - INFO - 风速传感器数据: {'wind_speed': 0.0, 'wind_level': 0}
2026-03-21 02:25:54,459 - INFO - 数据写入InfluxDB成功
2026-03-21 02:25:54,459 - INFO - 等待 56 秒到下一个采集时间点（每分钟第50秒）...
2026-03-21 02:26:50,607 - INFO - 温度传感器数据: {'temperature': 21.2, 'humidity': 45.0, 'pressure': 1016.4}
2026-03-21 02:26:51,797 - INFO - 雨量传感器数据: {'instantaneous_rainfall': 0.0, 'current_hour_rainfall': 0.0, 'previous_hour_rainfall': 0.0}
2026-03-21 02:26:52,992 - INFO - 风向传感器数据: {'wind_direction': '东北', 'wind_angle': 67.0}
2026-03-21 02:26:54,143 - INFO - 风速传感器数据: {'wind_speed': 0.0, 'wind_level': 0}
2026-03-21 02:26:54,147 - INFO - 数据写入InfluxDB成功
2026-03-21 02:26:54,147 - INFO - 等待 56 秒到下一个采集时间点（每分钟第50秒）...
2026-03-21 02:27:50,295 - INFO - 温度传感器数据: {'temperature': 21.3, 'humidity': 45.2, 'pressure': 1016.4}
2026-03-21 02:27:51,492 - INFO - 雨量传感器数据: {'instantaneous_rainfall': 0.0, 'current_hour_rainfall': 0.0, 'previous_hour_rainfall': 0.0}
2026-03-21 02:27:52,679 - INFO - 风向传感器数据: {'wind_direction': '东北', 'wind_angle': 66.8}
2026-03-21 02:27:53,839 - INFO - 风速传感器数据: {'wind_speed': 0.0, 'wind_level': 0}
2026-03-21 02:27:53,846 - INFO - 数据写入InfluxDB成功
2026-03-21 02:27:53,846 - INFO - 等待 57 秒到下一个采集时间点（每分钟第50秒）...
2026-03-21 02:28:51,005 - INFO - 温度传感器数据: {'temperature': 21.3, 'humidity': 44.9, 'pressure': 1016.4}
2026-03-21 02:28:52,199 - INFO - 雨量传感器数据: {'instantaneous_rainfall': 0.0, 'current_hour_rainfall': 0.0, 'previous_hour_rainfall': 0.0}
2026-03-21 02:28:53,379 - INFO - 风向传感器数据: {'wind_direction': '东北', 'wind_angle': 66.8}
2026-03-21 02:28:54,542 - INFO - 风速传感器数据: {'wind_speed': 0.0, 'wind_level': 0}
2026-03-21 02:28:54,547 - INFO - 数据写入InfluxDB成功
2026-03-21 02:28:54,547 - INFO - 等待 56 秒到下一个采集时间点（每分钟第50秒）...
2026-03-21 02:29:50,706 - INFO - 温度传感器数据: {'temperature': 21.3, 'humidity': 44.9, 'pressure': 1016.4}
2026-03-21 02:29:51,916 - INFO - 雨量传感器数据: {'instantaneous_rainfall': 0.0, 'current_hour_rainfall': 0.0, 'previous_hour_rainfall': 0.0}
2026-03-21 02:29:53,110 - INFO - 风向传感器数据: {'wind_direction': '东北', 'wind_angle': 64.9}
2026-03-21 02:29:54,268 - INFO - 风速传感器数据: {'wind_speed': 0.0, 'wind_level': 0}
2026-03-21 02:29:54,271 - INFO - 数据写入InfluxDB成功
2026-03-21 02:29:54,271 - INFO - 等待 56 秒到下一个采集时间点（每分钟第50秒）...
2026-03-21 02:30:50,428 - INFO - 温度传感器数据: {'temperature': 21.3, 'humidity': 44.9, 'pressure': 1016.4}
2026-03-21 02:30:51,624 - INFO - 雨量传感器数据: {'instantaneous_rainfall': 0.0, 'current_hour_rainfall': 0.0, 'previous_hour_rainfall': 0.0}
2026-03-21 02:30:52,799 - INFO - 风向传感器数据: {'wind_direction': '东北', 'wind_angle': 65.3}
2026-03-21 02:30:53,961 - INFO - 风速传感器数据: {'wind_speed': 0.0, 'wind_level': 0}
2026-03-21 02:30:53,966 - INFO - 数据写入InfluxDB成功
2026-03-21 02:30:53,966 - INFO - 等待 57 秒到下一个采集时间点（每分钟第50秒）...
2026-03-21 02:31:51,110 - INFO - 温度传感器数据: {'temperature': 21.3, 'humidity': 45.0, 'pressure': 1016.5}
2026-03-21 02:31:52,316 - INFO - 雨量传感器数据: {'instantaneous_rainfall': 0.0, 'current_hour_rainfall': 0.0, 'previous_hour_rainfall': 0.0}
2026-03-21 02:31:53,504 - INFO - 风向传感器数据: {'wind_direction': '东北', 'wind_angle': 65.5}
2026-03-21 02:31:54,666 - INFO - 风速传感器数据: {'wind_speed': 0.0, 'wind_level': 0}
2026-03-21 02:31:54,673 - INFO - 数据写入InfluxDB成功
2026-03-21 02:31:54,673 - INFO - 等待 56 秒到下一个采集时间点（每分钟第50秒）...
2026-03-21 02:32:50,829 - INFO - 温度传感器数据: {'temperature': 21.3, 'humidity': 45.0, 'pressure': 1016.4}
2026-03-21 02:32:52,018 - INFO - 雨量传感器数据: {'instantaneous_rainfall': 0.0, 'current_hour_rainfall': 0.0, 'previous_hour_rainfall': 0.0}
2026-03-21 02:32:53,200 - INFO - 风向传感器数据: {'wind_direction': '东北', 'wind_angle': 65.4}
2026-03-21 02:32:54,359 - INFO - 风速传感器数据: {'wind_speed': 0.0, 'wind_level': 0}
2026-03-21 02:32:54,363 - INFO - 数据写入InfluxDB成功
2026-03-21 02:32:54,363 - INFO - 等待 56 秒到下一个采集时间点（每分钟第50秒）...
2026-03-21 02:33:50,517 - INFO - 温度传感器数据: {'temperature': 21.3, 'humidity': 44.8, 'pressure': 1016.4}
2026-03-21 02:33:51,708 - INFO - 雨量传感器数据: {'instantaneous_rainfall': 0.0, 'current_hour_rainfall': 0.0, 'previous_hour_rainfall': 0.0}
2026-03-21 02:33:52,898 - INFO - 风向传感器数据: {'wind_direction': '东北', 'wind_angle': 65.3}
2026-03-21 02:33:54,053 - INFO - 风速传感器数据: {'wind_speed': 0.0, 'wind_level': 0}
2026-03-21 02:33:54,058 - INFO - 数据写入InfluxDB成功
2026-03-21 02:33:54,058 - INFO - 等待 56 秒到下一个采集时间点（每分钟第50秒）...
2026-03-21 02:34:50,212 - INFO - 温度传感器数据: {'temperature': 21.4, 'humidity': 44.8, 'pressure': 1016.4}
2026-03-21 02:34:51,398 - INFO - 雨量传感器数据: {'instantaneous_rainfall': 0.0, 'current_hour_rainfall': 0.0, 'previous_hour_rainfall': 0.0}
2026-03-21 02:34:52,589 - INFO - 风向传感器数据: {'wind_direction': '东北', 'wind_angle': 64.6}
2026-03-21 02:34:53,747 - INFO - 风速传感器数据: {'wind_speed': 0.0, 'wind_level': 0}
2026-03-21 02:34:53,750 - INFO - 数据写入InfluxDB成功
2026-03-21 02:34:53,750 - INFO - 等待 57 秒到下一个采集时间点（每分钟第50秒）...
2026-03-21 02:35:50,905 - INFO - 温度传感器数据: {'temperature': 21.4, 'humidity': 44.8, 'pressure': 1016.4}
2026-03-21 02:35:52,103 - INFO - 雨量传感器数据: {'instantaneous_rainfall': 0.0, 'current_hour_rainfall': 0.0, 'previous_hour_rainfall': 0.0}
2026-03-21 02:35:53,292 - INFO - 风向传感器数据: {'wind_direction': '东北', 'wind_angle': 66.8}
2026-03-21 02:35:54,455 - INFO - 风速传感器数据: {'wind_speed': 0.0, 'wind_level': 0}
2026-03-21 02:35:54,458 - INFO - 数据写入InfluxDB成功
2026-03-21 02:35:54,458 - INFO - 等待 56 秒到下一个采集时间点（每分钟第50秒）...
2026-03-21 02:36:50,617 - INFO - 温度传感器数据: {'temperature': 21.4, 'humidity': 44.8, 'pressure': 1016.4}
2026-03-21 02:36:51,801 - INFO - 雨量传感器数据: {'instantaneous_rainfall': 0.0, 'current_hour_rainfall': 0.0, 'previous_hour_rainfall': 0.0}
2026-03-21 02:36:52,971 - INFO - 风向传感器数据: {'wind_direction': '东北', 'wind_angle': 66.9}
2026-03-21 02:36:54,125 - INFO - 风速传感器数据: {'wind_speed': 0.0, 'wind_level': 0}
2026-03-21 02:36:54,128 - INFO - 数据写入InfluxDB成功
2026-03-21 02:36:54,128 - INFO - 等待 56 秒到下一个采集时间点（每分钟第50秒）...
2026-03-21 02:37:07,613 - INFO - 接收到中断信号，程序退出
2026-03-21 02:37:07,614 - INFO - InfluxDB连接已关闭
2026-03-21 11:59:22,070 - INFO - 温度传感器初始化成功
2026-03-21 11:59:22,073 - INFO - 雨量传感器初始化成功
2026-03-21 11:59:22,073 - INFO - 风向传感器初始化成功
2026-03-21 11:59:22,073 - INFO - 风速传感器初始化成功
2026-03-21 11:59:22,073 - INFO - 气象数据采集程序启动
2026-03-21 11:59:22,078 - INFO - InfluxDB连接成功
2026-03-21 11:59:22,078 - INFO - 等待 28 秒到下一个采集时间点（每分钟第50秒）...
2026-03-21 11:59:50,230 - INFO - 温度传感器数据: {'temperature': 20.5, 'humidity': 40.9, 'pressure': 1015.8}
2026-03-21 11:59:51,418 - INFO - 雨量传感器数据: {'instantaneous_rainfall': 0.5, 'current_hour_rainfall': 0.3, 'previous_hour_rainfall': 0.2}
2026-03-21 11:59:52,592 - INFO - 风向传感器数据: {'wind_direction': '北', 'wind_angle': 352.2}
2026-03-21 11:59:53,752 - INFO - 风速传感器数据: {'wind_speed': 0.0, 'wind_level': 0}
2026-03-21 11:59:53,765 - INFO - 数据写入InfluxDB成功
2026-03-21 11:59:53,765 - INFO - 等待 57 秒到下一个采集时间点（每分钟第50秒）...
2026-03-21 12:00:50,915 - INFO - 温度传感器数据: {'temperature': 20.6, 'humidity': 40.6, 'pressure': 1015.8}
2026-03-21 12:00:52,107 - INFO - 雨量传感器数据: {'instantaneous_rainfall': 0.4, 'current_hour_rainfall': 0.7, 'previous_hour_rainfall': 0.2}
2026-03-21 12:00:53,298 - INFO - 风向传感器数据: {'wind_direction': '北', 'wind_angle': 352.3}
2026-03-21 12:00:54,466 - INFO - 风速传感器数据: {'wind_speed': 0.0, 'wind_level': 0}
2026-03-21 12:00:54,471 - INFO - 数据写入InfluxDB成功
2026-03-21 12:00:54,471 - INFO - 等待 56 秒到下一个采集时间点（每分钟第50秒）...
2026-03-21 12:01:50,638 - INFO - 温度传感器数据: {'temperature': 20.7, 'humidity': 40.3, 'pressure': 1015.9}
2026-03-21 12:01:51,831 - INFO - 雨量传感器数据: {'instantaneous_rainfall': 0.0, 'current_hour_rainfall': 0.7, 'previous_hour_rainfall': 0.2}
2026-03-21 12:01:53,006 - INFO - 风向传感器数据: {'wind_direction': '北', 'wind_angle': 352.7}
2026-03-21 12:01:54,174 - INFO - 风速传感器数据: {'wind_speed': 0.0, 'wind_level': 0}
2026-03-21 12:01:54,177 - INFO - 数据写入InfluxDB成功
2026-03-21 12:01:54,177 - INFO - 等待 56 秒到下一个采集时间点（每分钟第50秒）...
2026-03-21 12:02:50,335 - INFO - 温度传感器数据: {'temperature': 20.8, 'humidity': 39.2, 'pressure': 1016.0}
2026-03-21 12:02:51,530 - INFO - 雨量传感器数据: {'instantaneous_rainfall': 0.0, 'current_hour_rainfall': 0.7, 'previous_hour_rainfall': 0.2}
2026-03-21 12:02:52,718 - INFO - 风向传感器数据: {'wind_direction': '北', 'wind_angle': 352.3}
2026-03-21 12:02:53,868 - INFO - 风速传感器数据: {'wind_speed': 0.0, 'wind_level': 0}
2026-03-21 12:02:53,872 - INFO - 数据写入InfluxDB成功
2026-03-21 12:02:53,872 - INFO - 等待 57 秒到下一个采集时间点（每分钟第50秒）...
2026-03-21 12:03:51,027 - INFO - 温度传感器数据: {'temperature': 20.8, 'humidity': 38.4, 'pressure': 1016.0}
2026-03-21 12:03:52,217 - INFO - 雨量传感器数据: {'instantaneous_rainfall': 0.0, 'current_hour_rainfall': 0.7, 'previous_hour_rainfall': 0.2}
2026-03-21 12:03:53,412 - INFO - 风向传感器数据: {'wind_direction': '北', 'wind_angle': 352.5}
2026-03-21 12:03:54,578 - INFO - 风速传感器数据: {'wind_speed': 0.0, 'wind_level': 0}
2026-03-21 12:03:54,581 - INFO - 数据写入InfluxDB成功
2026-03-21 12:03:54,581 - INFO - 等待 56 秒到下一个采集时间点（每分钟第50秒）...
2026-03-21 12:04:50,736 - INFO - 温度传感器数据: {'temperature': 20.9, 'humidity': 37.8, 'pressure': 1016.0}
2026-03-21 12:04:51,921 - INFO - 雨量传感器数据: {'instantaneous_rainfall': 0.0, 'current_hour_rainfall': 0.7, 'previous_hour_rainfall': 0.2}
2026-03-21 12:04:53,103 - INFO - 风向传感器数据: {'wind_direction': '北', 'wind_angle': 352.2}
2026-03-21 12:04:54,263 - INFO - 风速传感器数据: {'wind_speed': 0.0, 'wind_level': 0}
2026-03-21 12:04:54,267 - INFO - 数据写入InfluxDB成功
2026-03-21 12:04:54,268 - INFO - 等待 56 秒到下一个采集时间点（每分钟第50秒）...
2026-03-21 12:05:50,424 - INFO - 温度传感器数据: {'temperature': 20.9, 'humidity': 37.6, 'pressure': 1016.0}
2026-03-21 12:05:51,612 - INFO - 雨量传感器数据: {'instantaneous_rainfall': 0.0, 'current_hour_rainfall': 0.7, 'previous_hour_rainfall': 0.2}
2026-03-21 12:05:52,799 - INFO - 风向传感器数据: {'wind_direction': '北', 'wind_angle': 352.4}
2026-03-21 12:05:53,951 - INFO - 风速传感器数据: {'wind_speed': 0.0, 'wind_level': 0}
2026-03-21 12:05:53,955 - INFO - 数据写入InfluxDB成功
2026-03-21 12:05:53,955 - INFO - 等待 57 秒到下一个采集时间点（每分钟第50秒）...
2026-03-21 12:06:51,108 - INFO - 温度传感器数据: {'temperature': 21.0, 'humidity': 37.3, 'pressure': 1016.1}
2026-03-21 12:06:52,299 - INFO - 雨量传感器数据: {'instantaneous_rainfall': 0.0, 'current_hour_rainfall': 0.7, 'previous_hour_rainfall': 0.2}
2026-03-21 12:06:53,478 - INFO - 风向传感器数据: {'wind_direction': '北', 'wind_angle': 352.6}
2026-03-21 12:06:54,631 - INFO - 风速传感器数据: {'wind_speed': 0.0, 'wind_level': 0}
2026-03-21 12:06:54,635 - INFO - 数据写入InfluxDB成功
2026-03-21 12:06:54,635 - INFO - 等待 56 秒到下一个采集时间点（每分钟第50秒）...
2026-03-21 12:07:50,784 - INFO - 温度传感器数据: {'temperature': 21.0, 'humidity': 37.2, 'pressure': 1016.1}
2026-03-21 12:07:51,987 - INFO - 雨量传感器数据: {'instantaneous_rainfall': 0.0, 'current_hour_rainfall': 0.7, 'previous_hour_rainfall': 0.2}
2026-03-21 12:07:53,169 - INFO - 风向传感器数据: {'wind_direction': '北', 'wind_angle': 352.3}
2026-03-21 12:07:54,338 - INFO - 风速传感器数据: {'wind_speed': 0.0, 'wind_level': 0}
2026-03-21 12:07:54,341 - INFO - 数据写入InfluxDB成功
2026-03-21 12:07:54,341 - INFO - 等待 56 秒到下一个采集时间点（每分钟第50秒）...
2026-03-21 12:08:50,490 - INFO - 温度传感器数据: {'temperature': 21.1, 'humidity': 37.1, 'pressure': 1016.1}
2026-03-21 12:08:51,701 - INFO - 雨量传感器数据: {'instantaneous_rainfall': 0.1, 'current_hour_rainfall': 0.8, 'previous_hour_rainfall': 0.2}
2026-03-21 12:08:52,887 - INFO - 风向传感器数据: {'wind_direction': '北', 'wind_angle': 352.4}
2026-03-21 12:08:54,040 - INFO - 风速传感器数据: {'wind_speed': 0.0, 'wind_level': 0}
2026-03-21 12:08:54,044 - INFO - 数据写入InfluxDB成功
2026-03-21 12:08:54,044 - INFO - 等待 56 秒到下一个采集时间点（每分钟第50秒）...
2026-03-21 12:09:50,197 - INFO - 温度传感器数据: {'temperature': 21.1, 'humidity': 36.9, 'pressure': 1016.1}
2026-03-21 12:09:51,387 - INFO - 雨量传感器数据: {'instantaneous_rainfall': 0.0, 'current_hour_rainfall': 0.8, 'previous_hour_rainfall': 0.2}
2026-03-21 12:09:52,570 - INFO - 风向传感器数据: {'wind_direction': '北', 'wind_angle': 352.3}
2026-03-21 12:09:53,739 - INFO - 风速传感器数据: {'wind_speed': 0.0, 'wind_level': 0}
2026-03-21 12:09:53,744 - INFO - 数据写入InfluxDB成功
2026-03-21 12:09:53,744 - INFO - 等待 57 秒到下一个采集时间点（每分钟第50秒）...
2026-03-21 12:10:50,899 - INFO - 温度传感器数据: {'temperature': 21.1, 'humidity': 37.0, 'pressure': 1016.0}
2026-03-21 12:10:52,102 - INFO - 雨量传感器数据: {'instantaneous_rainfall': 0.0, 'current_hour_rainfall': 0.8, 'previous_hour_rainfall': 0.2}
2026-03-21 12:10:53,289 - INFO - 风向传感器数据: {'wind_direction': '北', 'wind_angle': 352.2}
2026-03-21 12:10:54,443 - INFO - 风速传感器数据: {'wind_speed': 0.0, 'wind_level': 0}
2026-03-21 12:10:54,447 - INFO - 数据写入InfluxDB成功
2026-03-21 12:10:54,447 - INFO - 等待 56 秒到下一个采集时间点（每分钟第50秒）...
2026-03-21 12:11:50,593 - INFO - 温度传感器数据: {'temperature': 21.1, 'humidity': 36.8, 'pressure': 1016.0}
2026-03-21 12:11:51,782 - INFO - 雨量传感器数据: {'instantaneous_rainfall': 0.0, 'current_hour_rainfall': 0.8, 'previous_hour_rainfall': 0.2}
2026-03-21 12:11:52,967 - INFO - 风向传感器数据: {'wind_direction': '北', 'wind_angle': 352.5}
2026-03-21 12:11:54,115 - INFO - 风速传感器数据: {'wind_speed': 0.0, 'wind_level': 0}
2026-03-21 12:11:54,120 - INFO - 数据写入InfluxDB成功
2026-03-21 12:11:54,120 - INFO - 等待 56 秒到下一个采集时间点（每分钟第50秒）...
2026-03-21 12:12:50,276 - INFO - 温度传感器数据: {'temperature': 21.2, 'humidity': 36.5, 'pressure': 1015.9}
2026-03-21 12:12:51,472 - INFO - 雨量传感器数据: {'instantaneous_rainfall': 0.0, 'current_hour_rainfall': 0.8, 'previous_hour_rainfall': 0.2}
2026-03-21 12:12:52,660 - INFO - 风向传感器数据: {'wind_direction': '北', 'wind_angle': 352.7}
2026-03-21 12:12:53,815 - INFO - 风速传感器数据: {'wind_speed': 0.0, 'wind_level': 0}
2026-03-21 12:12:53,818 - INFO - 数据写入InfluxDB成功
2026-03-21 12:12:53,818 - INFO - 等待 57 秒到下一个采集时间点（每分钟第50秒）...
2026-03-21 12:13:50,971 - INFO - 温度传感器数据: {'temperature': 21.2, 'humidity': 36.4, 'pressure': 1015.9}
2026-03-21 12:13:52,155 - INFO - 雨量传感器数据: {'instantaneous_rainfall': 0.0, 'current_hour_rainfall': 0.8, 'previous_hour_rainfall': 0.2}
2026-03-21 12:13:53,340 - INFO - 风向传感器数据: {'wind_direction': '北', 'wind_angle': 352.5}
2026-03-21 12:13:54,492 - INFO - 风速传感器数据: {'wind_speed': 0.0, 'wind_level': 0}
2026-03-21 12:13:54,495 - INFO - 数据写入InfluxDB成功
2026-03-21 12:13:54,495 - INFO - 等待 56 秒到下一个采集时间点（每分钟第50秒）...
2026-03-21 12:14:50,636 - INFO - 温度传感器数据: {'temperature': 21.2, 'humidity': 36.5, 'pressure': 1015.9}
2026-03-21 12:14:51,846 - INFO - 雨量传感器数据: {'instantaneous_rainfall': 0.0, 'current_hour_rainfall': 0.8, 'previous_hour_rainfall': 0.2}
2026-03-21 12:14:53,041 - INFO - 风向传感器数据: {'wind_direction': '北', 'wind_angle': 352.5}
2026-03-21 12:14:54,197 - INFO - 风速传感器数据: {'wind_speed': 0.0, 'wind_level': 0}
2026-03-21 12:14:54,200 - INFO - 数据写入InfluxDB成功
2026-03-21 12:14:54,200 - INFO - 等待 56 秒到下一个采集时间点（每分钟第50秒）...
2026-03-21 12:15:50,338 - INFO - 温度传感器数据: {'temperature': 21.2, 'humidity': 36.6, 'pressure': 1015.8}
2026-03-21 12:15:51,541 - INFO - 雨量传感器数据: {'instantaneous_rainfall': 0.0, 'current_hour_rainfall': 0.8, 'previous_hour_rainfall': 0.2}
2026-03-21 12:15:52,720 - INFO - 风向传感器数据: {'wind_direction': '北', 'wind_angle': 352.4}
2026-03-21 12:15:53,878 - INFO - 风速传感器数据: {'wind_speed': 0.0, 'wind_level': 0}
2026-03-21 12:15:53,880 - INFO - 数据写入InfluxDB成功
2026-03-21 12:15:53,881 - INFO - 等待 57 秒到下一个采集时间点（每分钟第50秒）...
2026-03-21 12:16:51,034 - INFO - 温度传感器数据: {'temperature': 21.2, 'humidity': 36.1, 'pressure': 1015.9}
2026-03-21 12:16:52,235 - INFO - 雨量传感器数据: {'instantaneous_rainfall': 0.0, 'current_hour_rainfall': 0.8, 'previous_hour_rainfall': 0.2}
2026-03-21 12:16:53,417 - INFO - 风向传感器数据: {'wind_direction': '北', 'wind_angle': 352.7}
2026-03-21 12:16:54,568 - INFO - 风速传感器数据: {'wind_speed': 0.0, 'wind_level': 0}
2026-03-21 12:16:54,572 - INFO - 数据写入InfluxDB成功
2026-03-21 12:16:54,572 - INFO - 等待 56 秒到下一个采集时间点（每分钟第50秒）...
2026-03-21 12:17:50,722 - INFO - 温度传感器数据: {'temperature': 21.3, 'humidity': 36.2, 'pressure': 1015.9}
2026-03-21 12:17:51,908 - INFO - 雨量传感器数据: {'instantaneous_rainfall': 0.0, 'current_hour_rainfall': 0.8, 'previous_hour_rainfall': 0.2}
2026-03-21 12:17:53,100 - INFO - 风向传感器数据: {'wind_direction': '北', 'wind_angle': 352.3}
2026-03-21 12:17:54,248 - INFO - 风速传感器数据: {'wind_speed': 0.0, 'wind_level': 0}
2026-03-21 12:17:54,252 - INFO - 数据写入InfluxDB成功
2026-03-21 12:17:54,253 - INFO - 等待 56 秒到下一个采集时间点（每分钟第50秒）...
2026-03-21 12:18:50,425 - INFO - 温度传感器数据: {'temperature': 21.3, 'humidity': 36.1, 'pressure': 1015.8}
2026-03-21 12:18:51,619 - INFO - 雨量传感器数据: {'instantaneous_rainfall': 0.0, 'current_hour_rainfall': 0.8, 'previous_hour_rainfall': 0.2}
2026-03-21 12:18:52,807 - INFO - 风向传感器数据: {'wind_direction': '北', 'wind_angle': 352.4}
2026-03-21 12:18:53,962 - INFO - 风速传感器数据: {'wind_speed': 0.0, 'wind_level': 0}
2026-03-21 12:18:53,965 - INFO - 数据写入InfluxDB成功
2026-03-21 12:18:53,965 - INFO - 等待 57 秒到下一个采集时间点（每分钟第50秒）...
2026-03-21 12:19:51,132 - INFO - 温度传感器数据: {'temperature': 21.3, 'humidity': 36.3, 'pressure': 1015.9}
2026-03-21 12:19:52,337 - INFO - 雨量传感器数据: {'instantaneous_rainfall': 0.0, 'current_hour_rainfall': 0.8, 'previous_hour_rainfall': 0.2}
2026-03-21 12:19:53,522 - INFO - 风向传感器数据: {'wind_direction': '北', 'wind_angle': 352.5}
2026-03-21 12:19:54,681 - INFO - 风速传感器数据: {'wind_speed': 0.0, 'wind_level': 0}
2026-03-21 12:19:54,686 - INFO - 数据写入InfluxDB成功
2026-03-21 12:19:54,687 - INFO - 等待 56 秒到下一个采集时间点（每分钟第50秒）...
2026-03-21 12:20:50,851 - INFO - 温度传感器数据: {'temperature': 21.3, 'humidity': 36.6, 'pressure': 1015.9}
2026-03-21 12:20:52,038 - INFO - 雨量传感器数据: {'instantaneous_rainfall': 0.0, 'current_hour_rainfall': 0.8, 'previous_hour_rainfall': 0.2}
2026-03-21 12:20:53,219 - INFO - 风向传感器数据: {'wind_direction': '北', 'wind_angle': 352.5}
2026-03-21 12:20:54,383 - INFO - 风速传感器数据: {'wind_speed': 0.0, 'wind_level': 0}
2026-03-21 12:20:54,387 - INFO - 数据写入InfluxDB成功
2026-03-21 12:20:54,387 - INFO - 等待 56 秒到下一个采集时间点（每分钟第50秒）...
2026-03-21 12:21:50,552 - INFO - 温度传感器数据: {'temperature': 21.4, 'humidity': 37.0, 'pressure': 1015.9}
2026-03-21 12:21:51,748 - INFO - 雨量传感器数据: {'instantaneous_rainfall': 0.0, 'current_hour_rainfall': 0.8, 'previous_hour_rainfall': 0.2}
2026-03-21 12:21:52,931 - INFO - 风向传感器数据: {'wind_direction': '北', 'wind_angle': 352.4}
2026-03-21 12:21:54,102 - INFO - 风速传感器数据: {'wind_speed': 0.0, 'wind_level': 0}
2026-03-21 12:21:54,107 - INFO - 数据写入InfluxDB成功
2026-03-21 12:21:54,107 - INFO - 等待 56 秒到下一个采集时间点（每分钟第50秒）...
2026-03-21 12:22:50,271 - INFO - 温度传感器数据: {'temperature': 21.4, 'humidity': 37.3, 'pressure': 1015.8}
2026-03-21 12:22:51,460 - INFO - 雨量传感器数据: {'instantaneous_rainfall': 0.0, 'current_hour_rainfall': 0.8, 'previous_hour_rainfall': 0.2}
2026-03-21 12:22:52,638 - INFO - 风向传感器数据: {'wind_direction': '北', 'wind_angle': 352.6}
2026-03-21 12:22:53,801 - INFO - 风速传感器数据: {'wind_speed': 0.0, 'wind_level': 0}
2026-03-21 12:22:53,807 - INFO - 数据写入InfluxDB成功
2026-03-21 12:22:53,807 - INFO - 等待 57 秒到下一个采集时间点（每分钟第50秒）...
2026-03-21 12:23:50,984 - INFO - 温度传感器数据: {'temperature': 21.4, 'humidity': 37.5, 'pressure': 1015.8}
2026-03-21 12:23:52,170 - INFO - 雨量传感器数据: {'instantaneous_rainfall': 0.0, 'current_hour_rainfall': 0.8, 'previous_hour_rainfall': 0.2}
2026-03-21 12:23:53,356 - INFO - 风向传感器数据: {'wind_direction': '北', 'wind_angle': 352.6}
2026-03-21 12:23:54,511 - INFO - 风速传感器数据: {'wind_speed': 0.0, 'wind_level': 0}
2026-03-21 12:23:54,516 - INFO - 数据写入InfluxDB成功
2026-03-21 12:23:54,516 - INFO - 等待 56 秒到下一个采集时间点（每分钟第50秒）...
2026-03-21 12:24:50,684 - INFO - 温度传感器数据: {'temperature': 21.4, 'humidity': 37.6, 'pressure': 1015.8}
2026-03-21 12:24:51,888 - INFO - 雨量传感器数据: {'instantaneous_rainfall': 0.0, 'current_hour_rainfall': 0.8, 'previous_hour_rainfall': 0.2}
2026-03-21 12:24:53,077 - INFO - 风向传感器数据: {'wind_direction': '北', 'wind_angle': 352.5}
2026-03-21 12:24:54,229 - INFO - 风速传感器数据: {'wind_speed': 0.0, 'wind_level': 0}
2026-03-21 12:24:54,233 - INFO - 数据写入InfluxDB成功
2026-03-21 12:24:54,233 - INFO - 等待 56 秒到下一个采集时间点（每分钟第50秒）...
2026-03-21 12:25:50,401 - INFO - 温度传感器数据: {'temperature': 21.4, 'humidity': 37.9, 'pressure': 1015.8}
2026-03-21 12:25:51,610 - INFO - 雨量传感器数据: {'instantaneous_rainfall': 0.0, 'current_hour_rainfall': 0.8, 'previous_hour_rainfall': 0.2}
2026-03-21 12:25:52,784 - INFO - 风向传感器数据: {'wind_direction': '北', 'wind_angle': 352.5}
2026-03-21 12:25:53,937 - INFO - 风速传感器数据: {'wind_speed': 0.0, 'wind_level': 0}
2026-03-21 12:25:53,943 - INFO - 数据写入InfluxDB成功
2026-03-21 12:25:53,943 - INFO - 等待 57 秒到下一个采集时间点（每分钟第50秒）...
2026-03-21 12:26:51,107 - INFO - 温度传感器数据: {'temperature': 21.5, 'humidity': 37.7, 'pressure': 1015.8}
2026-03-21 12:26:52,304 - INFO - 雨量传感器数据: {'instantaneous_rainfall': 0.0, 'current_hour_rainfall': 0.8, 'previous_hour_rainfall': 0.2}
2026-03-21 12:26:53,502 - INFO - 风向传感器数据: {'wind_direction': '北', 'wind_angle': 352.5}
2026-03-21 12:26:54,672 - INFO - 风速传感器数据: {'wind_speed': 0.0, 'wind_level': 0}
2026-03-21 12:26:54,677 - INFO - 数据写入InfluxDB成功
2026-03-21 12:26:54,677 - INFO - 等待 56 秒到下一个采集时间点（每分钟第50秒）...
2026-03-21 12:27:50,839 - INFO - 温度传感器数据: {'temperature': 21.5, 'humidity': 37.7, 'pressure': 1015.8}
2026-03-21 12:27:52,025 - INFO - 雨量传感器数据: {'instantaneous_rainfall': 0.0, 'current_hour_rainfall': 0.8, 'previous_hour_rainfall': 0.2}
2026-03-21 12:27:53,224 - INFO - 风向传感器数据: {'wind_direction': '北', 'wind_angle': 352.5}
2026-03-21 12:27:54,376 - INFO - 风速传感器数据: {'wind_speed': 0.0, 'wind_level': 0}
2026-03-21 12:27:54,379 - INFO - 数据写入InfluxDB成功
2026-03-21 12:27:54,380 - INFO - 等待 56 秒到下一个采集时间点（每分钟第50秒）...
2026-03-21 12:28:50,536 - INFO - 温度传感器数据: {'temperature': 21.5, 'humidity': 37.7, 'pressure': 1015.7}
2026-03-21 12:28:51,723 - INFO - 雨量传感器数据: {'instantaneous_rainfall': 0.0, 'current_hour_rainfall': 0.8, 'previous_hour_rainfall': 0.2}
2026-03-21 12:28:52,901 - INFO - 风向传感器数据: {'wind_direction': '北', 'wind_angle': 352.6}
2026-03-21 12:28:54,059 - INFO - 风速传感器数据: {'wind_speed': 0.0, 'wind_level': 0}
2026-03-21 12:28:54,062 - INFO - 数据写入InfluxDB成功
2026-03-21 12:28:54,062 - INFO - 等待 56 秒到下一个采集时间点（每分钟第50秒）...
2026-03-21 12:29:50,230 - INFO - 温度传感器数据: {'temperature': 21.5, 'humidity': 37.6, 'pressure': 1015.8}
2026-03-21 12:29:51,422 - INFO - 雨量传感器数据: {'instantaneous_rainfall': 0.0, 'current_hour_rainfall': 0.8, 'previous_hour_rainfall': 0.2}
2026-03-21 12:29:52,601 - INFO - 风向传感器数据: {'wind_direction': '北', 'wind_angle': 352.5}
2026-03-21 12:29:53,762 - INFO - 风速传感器数据: {'wind_speed': 0.0, 'wind_level': 0}
2026-03-21 12:29:53,766 - INFO - 数据写入InfluxDB成功
2026-03-21 12:29:53,766 - INFO - 等待 57 秒到下一个采集时间点（每分钟第50秒）...
2026-03-21 12:30:50,928 - INFO - 温度传感器数据: {'temperature': 21.6, 'humidity': 37.5, 'pressure': 1015.7}
2026-03-21 12:30:52,119 - INFO - 雨量传感器数据: {'instantaneous_rainfall': 0.0, 'current_hour_rainfall': 0.8, 'previous_hour_rainfall': 0.2}
2026-03-21 12:30:53,307 - INFO - 风向传感器数据: {'wind_direction': '北', 'wind_angle': 352.4}
2026-03-21 12:30:54,459 - INFO - 风速传感器数据: {'wind_speed': 0.0, 'wind_level': 0}
2026-03-21 12:30:54,464 - INFO - 数据写入InfluxDB成功
2026-03-21 12:30:54,464 - INFO - 等待 56 秒到下一个采集时间点（每分钟第50秒）...
2026-03-21 12:31:50,634 - INFO - 温度传感器数据: {'temperature': 21.6, 'humidity': 37.6, 'pressure': 1015.7}
2026-03-21 12:31:51,822 - INFO - 雨量传感器数据: {'instantaneous_rainfall': 0.0, 'current_hour_rainfall': 0.8, 'previous_hour_rainfall': 0.2}
2026-03-21 12:31:53,011 - INFO - 风向传感器数据: {'wind_direction': '北', 'wind_angle': 352.3}
2026-03-21 12:31:54,163 - INFO - 风速传感器数据: {'wind_speed': 0.0, 'wind_level': 0}
2026-03-21 12:31:54,166 - INFO - 数据写入InfluxDB成功
2026-03-21 12:31:54,166 - INFO - 等待 56 秒到下一个采集时间点（每分钟第50秒）...
2026-03-21 12:32:50,328 - INFO - 温度传感器数据: {'temperature': 21.6, 'humidity': 37.8, 'pressure': 1015.7}
2026-03-21 12:32:51,532 - INFO - 雨量传感器数据: {'instantaneous_rainfall': 0.0, 'current_hour_rainfall': 0.8, 'previous_hour_rainfall': 0.2}
2026-03-21 12:32:52,730 - INFO - 风向传感器数据: {'wind_direction': '北', 'wind_angle': 352.3}
2026-03-21 12:44:27,583 - INFO - 风速传感器数据: {'wind_speed': 0.0, 'wind_level': 0}
2026-03-21 12:44:27,608 - INFO - 数据写入InfluxDB成功
2026-03-21 12:44:27,613 - INFO - 等待 23 秒到下一个采集时间点（每分钟第50秒）...
2026-03-21 12:44:50,757 - INFO - 温度传感器数据: {'temperature': 21.9, 'humidity': 37.5, 'pressure': 1015.5}
2026-03-21 12:44:51,951 - INFO - 雨量传感器数据: {'instantaneous_rainfall': 0.0, 'current_hour_rainfall': 0.8, 'previous_hour_rainfall': 0.2}
2026-03-21 12:44:53,138 - INFO - 风向传感器数据: {'wind_direction': '北', 'wind_angle': 352.4}
2026-03-21 12:44:54,292 - INFO - 风速传感器数据: {'wind_speed': 0.0, 'wind_level': 0}
2026-03-21 12:44:54,294 - INFO - 数据写入InfluxDB成功
2026-03-21 12:44:54,295 - INFO - 等待 56 秒到下一个采集时间点（每分钟第50秒）...
2026-03-21 12:45:50,444 - INFO - 温度传感器数据: {'temperature': 21.9, 'humidity': 37.6, 'pressure': 1015.5}
2026-03-21 12:45:51,634 - INFO - 雨量传感器数据: {'instantaneous_rainfall': 0.0, 'current_hour_rainfall': 0.8, 'previous_hour_rainfall': 0.2}
2026-03-21 12:45:52,835 - INFO - 风向传感器数据: {'wind_direction': '北', 'wind_angle': 352.3}
2026-03-21 12:45:53,995 - INFO - 风速传感器数据: {'wind_speed': 0.0, 'wind_level': 0}
2026-03-21 12:45:53,998 - INFO - 数据写入InfluxDB成功
2026-03-21 12:45:53,998 - INFO - 等待 57 秒到下一个采集时间点（每分钟第50秒）...
2026-03-21 12:46:51,156 - INFO - 温度传感器数据: {'temperature': 22.0, 'humidity': 37.8, 'pressure': 1015.5}
2026-03-21 12:46:52,356 - INFO - 雨量传感器数据: {'instantaneous_rainfall': 0.0, 'current_hour_rainfall': 0.8, 'previous_hour_rainfall': 0.2}
2026-03-21 12:46:53,545 - INFO - 风向传感器数据: {'wind_direction': '北', 'wind_angle': 352.5}
2026-03-21 12:46:54,709 - INFO - 风速传感器数据: {'wind_speed': 0.0, 'wind_level': 0}
2026-03-21 12:46:54,713 - INFO - 数据写入InfluxDB成功
2026-03-21 12:46:54,713 - INFO - 等待 56 秒到下一个采集时间点（每分钟第50秒）...
2026-03-21 12:47:50,868 - INFO - 温度传感器数据: {'temperature': 22.0, 'humidity': 37.8, 'pressure': 1015.6}
2026-03-21 12:47:52,055 - INFO - 雨量传感器数据: {'instantaneous_rainfall': 0.0, 'current_hour_rainfall': 0.8, 'previous_hour_rainfall': 0.2}
2026-03-21 12:47:53,238 - INFO - 风向传感器数据: {'wind_direction': '北', 'wind_angle': 352.4}
2026-03-21 12:47:54,396 - INFO - 风速传感器数据: {'wind_speed': 0.0, 'wind_level': 0}
2026-03-21 12:47:54,401 - INFO - 数据写入InfluxDB成功
2026-03-21 12:47:54,402 - INFO - 等待 56 秒到下一个采集时间点（每分钟第50秒）...
2026-03-21 12:48:50,563 - INFO - 温度传感器数据: {'temperature': 22.0, 'humidity': 37.9, 'pressure': 1015.6}
2026-03-21 12:48:51,755 - INFO - 雨量传感器数据: {'instantaneous_rainfall': 0.0, 'current_hour_rainfall': 0.8, 'previous_hour_rainfall': 0.2}
2026-03-21 12:48:52,944 - INFO - 风向传感器数据: {'wind_direction': '北', 'wind_angle': 352.0}
2026-03-21 12:48:54,103 - INFO - 风速传感器数据: {'wind_speed': 0.0, 'wind_level': 0}
2026-03-21 12:48:54,108 - INFO - 数据写入InfluxDB成功
2026-03-21 12:48:54,108 - INFO - 等待 56 秒到下一个采集时间点（每分钟第50秒）...
2026-03-21 12:49:50,272 - INFO - 温度传感器数据: {'temperature': 22.0, 'humidity': 37.9, 'pressure': 1015.5}
2026-03-21 12:49:51,469 - INFO - 雨量传感器数据: {'instantaneous_rainfall': 0.0, 'current_hour_rainfall': 0.8, 'previous_hour_rainfall': 0.2}
2026-03-21 12:49:52,646 - INFO - 风向传感器数据: {'wind_direction': '北', 'wind_angle': 352.6}
2026-03-21 12:49:53,800 - INFO - 风速传感器数据: {'wind_speed': 0.0, 'wind_level': 0}
2026-03-21 12:49:53,803 - INFO - 数据写入InfluxDB成功
2026-03-21 12:49:53,803 - INFO - 等待 57 秒到下一个采集时间点（每分钟第50秒）...
2026-03-21 12:50:50,967 - INFO - 温度传感器数据: {'temperature': 22.0, 'humidity': 38.0, 'pressure': 1015.5}
2026-03-21 12:50:52,152 - INFO - 雨量传感器数据: {'instantaneous_rainfall': 0.0, 'current_hour_rainfall': 0.8, 'previous_hour_rainfall': 0.2}
2026-03-21 12:50:53,330 - INFO - 风向传感器数据: {'wind_direction': '北', 'wind_angle': 352.3}
2026-03-21 12:50:54,494 - INFO - 风速传感器数据: {'wind_speed': 0.0, 'wind_level': 0}
2026-03-21 12:50:54,498 - INFO - 数据写入InfluxDB成功
2026-03-21 12:50:54,498 - INFO - 等待 56 秒到下一个采集时间点（每分钟第50秒）...
2026-03-21 12:51:50,651 - INFO - 温度传感器数据: {'temperature': 22.0, 'humidity': 38.0, 'pressure': 1015.5}
2026-03-21 12:51:51,847 - INFO - 雨量传感器数据: {'instantaneous_rainfall': 0.0, 'current_hour_rainfall': 0.8, 'previous_hour_rainfall': 0.2}
2026-03-21 12:51:53,041 - INFO - 风向传感器数据: {'wind_direction': '北', 'wind_angle': 352.4}
2026-03-21 12:51:54,209 - INFO - 风速传感器数据: {'wind_speed': 0.0, 'wind_level': 0}
2026-03-21 12:51:54,213 - INFO - 数据写入InfluxDB成功
2026-03-21 12:51:54,213 - INFO - 等待 56 秒到下一个采集时间点（每分钟第50秒）...
2026-03-21 12:52:50,367 - INFO - 温度传感器数据: {'temperature': 22.0, 'humidity': 38.0, 'pressure': 1015.4}
2026-03-21 12:52:51,555 - INFO - 雨量传感器数据: {'instantaneous_rainfall': 0.0, 'current_hour_rainfall': 0.8, 'previous_hour_rainfall': 0.2}
2026-03-21 12:52:52,746 - INFO - 风向传感器数据: {'wind_direction': '北', 'wind_angle': 352.4}
2026-03-21 12:52:53,908 - INFO - 风速传感器数据: {'wind_speed': 0.0, 'wind_level': 0}
2026-03-21 12:52:53,914 - INFO - 数据写入InfluxDB成功
2026-03-21 12:52:53,914 - INFO - 等待 57 秒到下一个采集时间点（每分钟第50秒）...
2026-03-21 12:53:51,075 - INFO - 温度传感器数据: {'temperature': 22.0, 'humidity': 38.1, 'pressure': 1015.4}
2026-03-21 12:53:52,277 - INFO - 雨量传感器数据: {'instantaneous_rainfall': 0.0, 'current_hour_rainfall': 0.8, 'previous_hour_rainfall': 0.2}
2026-03-21 12:53:53,468 - INFO - 风向传感器数据: {'wind_direction': '北', 'wind_angle': 352.1}
2026-03-21 12:53:54,624 - INFO - 风速传感器数据: {'wind_speed': 0.0, 'wind_level': 0}
2026-03-21 12:53:54,627 - INFO - 数据写入InfluxDB成功
2026-03-21 12:53:54,628 - INFO - 等待 56 秒到下一个采集时间点（每分钟第50秒）...
2026-03-21 12:54:50,777 - INFO - 温度传感器数据: {'temperature': 22.1, 'humidity': 38.1, 'pressure': 1015.5}
2026-03-21 12:54:51,965 - INFO - 雨量传感器数据: {'instantaneous_rainfall': 0.0, 'current_hour_rainfall': 0.8, 'previous_hour_rainfall': 0.2}
2026-03-21 12:54:53,146 - INFO - 风向传感器数据: {'wind_direction': '北', 'wind_angle': 352.8}
2026-03-21 12:54:54,313 - INFO - 风速传感器数据: {'wind_speed': 0.0, 'wind_level': 0}
2026-03-21 12:54:54,319 - INFO - 数据写入InfluxDB成功
2026-03-21 12:54:54,319 - INFO - 等待 56 秒到下一个采集时间点（每分钟第50秒）...
2026-03-21 12:55:50,484 - INFO - 温度传感器数据: {'temperature': 22.1, 'humidity': 38.1, 'pressure': 1015.5}
2026-03-21 12:55:51,669 - INFO - 雨量传感器数据: {'instantaneous_rainfall': 0.0, 'current_hour_rainfall': 0.8, 'previous_hour_rainfall': 0.2}
2026-03-21 12:55:52,854 - INFO - 风向传感器数据: {'wind_direction': '北', 'wind_angle': 352.8}
2026-03-21 12:55:54,009 - INFO - 风速传感器数据: {'wind_speed': 0.0, 'wind_level': 0}
2026-03-21 12:55:54,014 - INFO - 数据写入InfluxDB成功
2026-03-21 12:55:54,014 - INFO - 等待 56 秒到下一个采集时间点（每分钟第50秒）...
2026-03-21 12:56:50,167 - INFO - 温度传感器数据: {'temperature': 22.1, 'humidity': 38.2, 'pressure': 1015.5}
2026-03-21 12:56:51,359 - INFO - 雨量传感器数据: {'instantaneous_rainfall': 0.0, 'current_hour_rainfall': 0.8, 'previous_hour_rainfall': 0.2}
2026-03-21 12:56:52,548 - INFO - 风向传感器数据: {'wind_direction': '北', 'wind_angle': 352.4}
2026-03-21 12:56:53,714 - INFO - 风速传感器数据: {'wind_speed': 0.0, 'wind_level': 0}
2026-03-21 12:56:53,719 - INFO - 数据写入InfluxDB成功
2026-03-21 12:56:53,720 - INFO - 等待 57 秒到下一个采集时间点（每分钟第50秒）...
2026-03-21 12:57:50,868 - INFO - 温度传感器数据: {'temperature': 22.1, 'humidity': 38.2, 'pressure': 1015.4}
2026-03-21 12:57:52,057 - INFO - 雨量传感器数据: {'instantaneous_rainfall': 0.0, 'current_hour_rainfall': 0.8, 'previous_hour_rainfall': 0.2}
2026-03-21 12:57:53,243 - INFO - 风向传感器数据: {'wind_direction': '北', 'wind_angle': 352.2}
2026-03-21 12:57:54,398 - INFO - 风速传感器数据: {'wind_speed': 0.0, 'wind_level': 0}
2026-03-21 12:57:54,402 - INFO - 数据写入InfluxDB成功
2026-03-21 12:57:54,402 - INFO - 等待 56 秒到下一个采集时间点（每分钟第50秒）...
2026-03-21 12:58:35,574 - INFO - 小时统计结果 [2026-03-21 01:00]: {'time': datetime.datetime(2026, 3, 20, 17, 0, tzinfo=datetime.timezone.utc), 'temperature': np.float64(21.2), 'humidity': np.float64(47.3), 'pressure': np.float64(1016.6), 'temperature_max': 21.2, 'temperature_min': 21.2, 'hourly_rainfall': np.float64(0.0), 'max_instantaneous_rainfall': 0.3, 'max_wind_level': 0.0}
2026-03-21 12:58:50,564 - INFO - 温度传感器数据: {'temperature': 22.1, 'humidity': 38.2, 'pressure': 1015.5}
2026-03-21 12:58:51,754 - INFO - 雨量传感器数据: {'instantaneous_rainfall': 0.0, 'current_hour_rainfall': 0.8, 'previous_hour_rainfall': 0.2}
2026-03-21 12:58:52,944 - INFO - 风向传感器数据: {'wind_direction': '北', 'wind_angle': 352.3}
2026-03-21 12:58:54,102 - INFO - 风速传感器数据: {'wind_speed': 0.0, 'wind_level': 0}
2026-03-21 12:58:54,106 - INFO - 数据写入InfluxDB成功
2026-03-21 12:58:54,106 - INFO - 等待 56 秒到下一个采集时间点（每分钟第50秒）...
2026-03-21 12:59:50,255 - INFO - 温度传感器数据: {'temperature': 22.1, 'humidity': 38.2, 'pressure': 1015.4}
2026-03-21 12:59:51,437 - INFO - 雨量传感器数据: {'instantaneous_rainfall': 0.0, 'current_hour_rainfall': 0.0, 'previous_hour_rainfall': 0.8}
2026-03-21 12:59:52,622 - INFO - 风向传感器数据: {'wind_direction': '北', 'wind_angle': 352.3}
2026-03-21 12:59:53,778 - INFO - 风速传感器数据: {'wind_speed': 0.0, 'wind_level': 0}
2026-03-21 12:59:53,783 - INFO - 数据写入InfluxDB成功
2026-03-21 12:59:53,784 - INFO - 等待 57 秒到下一个采集时间点（每分钟第50秒）...
2026-03-21 13:00:50,935 - INFO - 温度传感器数据: {'temperature': 22.2, 'humidity': 38.2, 'pressure': 1015.3}
2026-03-21 13:00:52,120 - INFO - 雨量传感器数据: {'instantaneous_rainfall': 0.0, 'current_hour_rainfall': 0.0, 'previous_hour_rainfall': 0.8}
2026-03-21 13:00:53,298 - INFO - 风向传感器数据: {'wind_direction': '北', 'wind_angle': 352.2}
2026-03-21 13:00:54,457 - INFO - 风速传感器数据: {'wind_speed': 0.0, 'wind_level': 0}
2026-03-21 13:00:54,461 - INFO - 数据写入InfluxDB成功
2026-03-21 13:00:54,461 - INFO - 等待 56 秒到下一个采集时间点（每分钟第50秒）...
2026-03-21 13:01:50,606 - INFO - 温度传感器数据: {'temperature': 22.2, 'humidity': 38.2, 'pressure': 1015.4}
2026-03-21 13:01:51,789 - INFO - 雨量传感器数据: {'instantaneous_rainfall': 0.0, 'current_hour_rainfall': 0.0, 'previous_hour_rainfall': 0.8}
2026-03-21 13:01:52,979 - INFO - 风向传感器数据: {'wind_direction': '北', 'wind_angle': 352.4}
2026-03-21 13:01:54,144 - INFO - 风速传感器数据: {'wind_speed': 0.0, 'wind_level': 0}
2026-03-21 13:01:54,148 - INFO - 数据写入InfluxDB成功
2026-03-21 13:01:54,148 - INFO - 等待 56 秒到下一个采集时间点（每分钟第50秒）...
2026-03-21 13:02:50,298 - INFO - 温度传感器数据: {'temperature': 22.2, 'humidity': 38.2, 'pressure': 1015.3}
2026-03-21 13:02:51,498 - INFO - 雨量传感器数据: {'instantaneous_rainfall': 0.0, 'current_hour_rainfall': 0.0, 'previous_hour_rainfall': 0.8}
2026-03-21 13:02:52,679 - INFO - 风向传感器数据: {'wind_direction': '北', 'wind_angle': 352.3}
2026-03-21 13:02:53,854 - INFO - 风速传感器数据: {'wind_speed': 0.0, 'wind_level': 0}
2026-03-21 13:02:53,868 - INFO - 数据写入InfluxDB成功
2026-03-21 13:02:53,868 - INFO - 等待 57 秒到下一个采集时间点（每分钟第50秒）...
2026-03-21 13:03:51,022 - INFO - 温度传感器数据: {'temperature': 22.2, 'humidity': 38.3, 'pressure': 1015.3}
2026-03-21 13:03:52,217 - INFO - 雨量传感器数据: {'instantaneous_rainfall': 0.0, 'current_hour_rainfall': 0.0, 'previous_hour_rainfall': 0.8}
2026-03-21 13:03:53,399 - INFO - 风向传感器数据: {'wind_direction': '北', 'wind_angle': 351.1}
2026-03-21 13:03:54,553 - INFO - 风速传感器数据: {'wind_speed': 0.0, 'wind_level': 0}
2026-03-21 13:03:54,557 - INFO - 数据写入InfluxDB成功
2026-03-21 13:03:54,557 - INFO - 等待 56 秒到下一个采集时间点（每分钟第50秒）...
2026-03-21 13:04:50,704 - INFO - 温度传感器数据: {'temperature': 22.2, 'humidity': 38.4, 'pressure': 1015.3}
2026-03-21 13:04:51,904 - INFO - 雨量传感器数据: {'instantaneous_rainfall': 0.0, 'current_hour_rainfall': 0.0, 'previous_hour_rainfall': 0.8}
2026-03-21 13:04:53,094 - INFO - 风向传感器数据: {'wind_direction': '北', 'wind_angle': 351.1}
2026-03-21 13:04:54,256 - INFO - 风速传感器数据: {'wind_speed': 0.0, 'wind_level': 0}
2026-03-21 13:04:54,261 - INFO - 数据写入InfluxDB成功
2026-03-21 13:04:54,261 - INFO - 等待 56 秒到下一个采集时间点（每分钟第50秒）...
2026-03-21 13:05:50,405 - INFO - 温度传感器数据: {'temperature': 22.3, 'humidity': 38.4, 'pressure': 1015.3}
2026-03-21 13:05:51,616 - INFO - 雨量传感器数据: {'instantaneous_rainfall': 0.0, 'current_hour_rainfall': 0.0, 'previous_hour_rainfall': 0.8}
2026-03-21 13:05:52,800 - INFO - 风向传感器数据: {'wind_direction': '北', 'wind_angle': 351.0}
2026-03-21 13:05:53,962 - INFO - 风速传感器数据: {'wind_speed': 0.0, 'wind_level': 0}
2026-03-21 13:05:53,967 - INFO - 数据写入InfluxDB成功
2026-03-21 13:05:53,967 - INFO - 等待 57 秒到下一个采集时间点（每分钟第50秒）...
2026-03-21 13:06:51,123 - INFO - 温度传感器数据: {'temperature': 22.3, 'humidity': 38.4, 'pressure': 1015.3}
2026-03-21 13:06:52,326 - INFO - 雨量传感器数据: {'instantaneous_rainfall': 0.0, 'current_hour_rainfall': 0.0, 'previous_hour_rainfall': 0.8}
2026-03-21 13:06:53,505 - INFO - 风向传感器数据: {'wind_direction': '北', 'wind_angle': 351.2}
2026-03-21 13:06:54,679 - INFO - 风速传感器数据: {'wind_speed': 0.0, 'wind_level': 0}
2026-03-21 13:06:54,683 - INFO - 数据写入InfluxDB成功
2026-03-21 13:06:54,683 - INFO - 等待 56 秒到下一个采集时间点（每分钟第50秒）...
2026-03-21 13:07:46,833 - INFO - 接收到中断信号，程序退出
2026-03-21 13:07:46,833 - INFO - InfluxDB连接已关闭
2026-03-21 13:07:47,470 - INFO - 温度传感器初始化成功
2026-03-21 13:07:47,470 - INFO - 雨量传感器初始化成功
2026-03-21 13:07:47,470 - INFO - 风向传感器初始化成功
2026-03-21 13:07:47,470 - INFO - 风速传感器初始化成功
2026-03-21 13:07:47,470 - INFO - 气象数据采集程序启动
2026-03-21 13:07:47,473 - INFO - InfluxDB连接成功
2026-03-21 13:07:47,477 - INFO - 等待 3 秒到下一个采集时间点（每分钟第50秒）...
2026-03-21 13:07:50,629 - INFO - 温度传感器数据: {'temperature': 22.3, 'humidity': 38.2, 'pressure': 1015.2}
2026-03-21 13:07:51,823 - INFO - 雨量传感器数据: {'instantaneous_rainfall': 0.0, 'current_hour_rainfall': 0.0, 'previous_hour_rainfall': 0.8}
2026-03-21 13:07:53,013 - INFO - 风向传感器数据: {'wind_direction': '北', 'wind_angle': 350.9}
2026-03-21 13:07:54,175 - INFO - 风速传感器数据: {'wind_speed': 0.0, 'wind_level': 0}
2026-03-21 13:07:54,189 - INFO - 数据写入InfluxDB成功
2026-03-21 13:07:54,190 - INFO - 等待 56 秒到下一个采集时间点（每分钟第50秒）...
2026-03-21 13:07:56,072 - INFO - 接收到中断信号，程序退出
2026-03-21 13:07:56,072 - INFO - InfluxDB连接已关闭
2026-03-21 13:07:56,633 - INFO - 温度传感器初始化成功
2026-03-21 13:07:56,633 - INFO - 雨量传感器初始化成功
2026-03-21 13:07:56,633 - INFO - 风向传感器初始化成功
2026-03-21 13:07:56,633 - INFO - 风速传感器初始化成功
2026-03-21 13:07:56,633 - INFO - 气象数据采集程序启动
2026-03-21 13:07:56,638 - INFO - InfluxDB连接成功
2026-03-21 13:07:56,638 - INFO - 等待 54 秒到下一个采集时间点（每分钟第50秒）...
2026-03-21 13:07:59,969 - INFO - 接收到中断信号，程序退出
2026-03-21 13:07:59,970 - INFO - InfluxDB连接已关闭
2026-03-21 13:11:38,126 - INFO - 小时统计结果 [2026-03-21 02:00]: {'time': datetime.datetime(2026, 3, 20, 18, 0, tzinfo=datetime.timezone.utc), 'temperature': np.float64(21.2), 'humidity': np.float64(47.1), 'pressure': np.float64(1016.6), 'avg_wind_speed': np.float64(0.0), 'avg_wind_angle': 67.3, 'avg_wind_direction': '东北东风', 'temperature_max': 21.2, 'temperature_min': 21.2, 'hourly_rainfall': np.float64(0.0), 'max_instantaneous_rainfall': 0.3, 'max_wind_level': 0.0}
2026-03-21 13:11:38,270 - INFO - 小时数据写入成功: 2026-03-20 18:00:00+00:00
2026-03-21 13:12:28,111 - INFO - 小时统计结果 [2026-03-21 03:00]: {'time': datetime.datetime(2026, 3, 20, 19, 0, tzinfo=datetime.timezone.utc), 'temperature': np.float64(21.4), 'humidity': np.float64(44.8), 'pressure': np.float64(1016.4), 'avg_wind_speed': np.float64(0.0), 'avg_wind_angle': 66.9, 'avg_wind_direction': '东北东风', 'temperature_max': 21.4, 'temperature_min': -100.0, 'hourly_rainfall': np.float64(0.0), 'max_instantaneous_rainfall': 0.2, 'max_wind_level': 0.0}
2026-03-21 13:12:28,128 - INFO - 小时数据写入成功: 2026-03-20 19:00:00+00:00
2026-03-21 13:12:45,944 - INFO - 小时统计结果 [2026-03-21 03:00]: {'time': datetime.datetime(2026, 3, 20, 19, 0, tzinfo=datetime.timezone.utc), 'temperature': np.float64(21.4), 'humidity': np.float64(44.8), 'pressure': np.float64(1016.4), 'avg_wind_speed': np.float64(0.0), 'avg_wind_angle': 66.9, 'avg_wind_direction': '东北东风', 'temperature_max': 21.4, 'temperature_min': -100.0, 'hourly_rainfall': np.float64(0.2), 'max_instantaneous_rainfall': 0.2, 'max_wind_level': 0.0}
2026-03-21 13:12:45,969 - INFO - 小时数据写入成功: 2026-03-20 19:00:00+00:00
2026-03-21 13:12:58,278 - INFO - 小时统计结果 [2026-03-21 02:00]: {'time': datetime.datetime(2026, 3, 20, 18, 0, tzinfo=datetime.timezone.utc), 'temperature': np.float64(21.2), 'humidity': np.float64(47.1), 'pressure': np.float64(1016.6), 'avg_wind_speed': np.float64(0.0), 'avg_wind_angle': 67.3, 'avg_wind_direction': '东北东风', 'temperature_max': 21.2, 'temperature_min': 21.2, 'hourly_rainfall': np.float64(0.6), 'max_instantaneous_rainfall': 0.3, 'max_wind_level': 0.0}
2026-03-21 13:12:58,282 - INFO - 小时数据写入成功: 2026-03-20 18:00:00+00:00
2026-03-21 17:44:50,752 - INFO - 小时统计结果 [2026-03-21 02:00]: {'time': datetime.datetime(2026, 3, 20, 18, 0, tzinfo=datetime.timezone.utc), 'temperature': np.float64(21.2), 'humidity': np.float64(47.1), 'pressure': np.float64(1016.6), 'temperature_max': 21.2, 'temperature_min': 21.2, 'hourly_rainfall': np.float64(0.6), 'max_instantaneous_rainfall': 0.3, 'max_wind_level': 0.0, 'wind_speed_2min': np.float64(0.0), 'wind_angle_2min': 67.3, 'wind_direction_2min': '东北东风', 'wind_speed_10min': np.float64(0.0), 'wind_angle_10min': 67.23750001130416, 'wind_direction_10min': '东北东风'}
2026-03-21 17:44:50,769 - INFO - 小时数据写入成功: 2026-03-20 18:00:00+00:00
2026-03-21 17:48:10,543 - INFO - 小时统计结果 [2026-03-21 02:00]: {'time': datetime.datetime(2026, 3, 20, 18, 0, tzinfo=datetime.timezone.utc), 'temperature': np.float64(21.2), 'humidity': np.float64(47.1), 'pressure': np.float64(1016.6), 'temperature_max': 21.2, 'temperature_min': 21.2, 'hourly_rainfall': np.float64(0.6), 'max_instantaneous_rainfall': 0.3, 'max_wind_level': 0.0, 'wind_speed_2min': np.float64(0.0), 'wind_angle_2min': 67.3, 'wind_direction_2min': '东北东风', 'wind_speed_10min': np.float64(0.0), 'wind_angle_10min': 67.23750001130416, 'wind_direction_10min': '东北东风'}
2026-03-21 17:49:10,329 - INFO - 小时统计结果 [2026-03-21 03:00]: {'time': datetime.datetime(2026, 3, 20, 19, 0, tzinfo=datetime.timezone.utc), 'temperature': np.float64(21.4), 'humidity': np.float64(44.8), 'pressure': np.float64(1016.4), 'temperature_max': 21.4, 'temperature_min': -100.0, 'hourly_rainfall': np.float64(0.2), 'max_instantaneous_rainfall': 0.3, 'max_wind_level': 0.0}
2026-03-21 18:02:55,518 - INFO - 小时统计结果 [2026-03-21 03:00]: {'time': datetime.datetime(2026, 3, 20, 19, 0, tzinfo=datetime.timezone.utc), 'temperature': np.float64(21.4), 'humidity': np.float64(44.8), 'pressure': np.float64(1016.4), 'temperature_max': 21.4, 'temperature_min': 21.2, 'hourly_rainfall': np.float64(0.2), 'max_instantaneous_rainfall': 0.3, 'max_wind_level': 0.0}
2026-03-21 18:05:42,171 - INFO - 小时统计结果 [2026-03-21 03:00]: {'time': datetime.datetime(2026, 3, 20, 19, 0, tzinfo=datetime.timezone.utc), 'temperature': np.float64(21.4), 'humidity': np.float64(44.8), 'pressure': np.float64(1016.4), 'temperature_max': 21.4, 'temperature_min': 21.2, 'hourly_rainfall': np.float64(0.2), 'max_instantaneous_rainfall': 0.3, 'max_wind_level': 0.0, 'max_wind_speed': 0.0}
2026-03-21 18:06:11,224 - INFO - 小时统计结果 [2026-03-21 02:00]: {'time': datetime.datetime(2026, 3, 20, 18, 0, tzinfo=datetime.timezone.utc), 'temperature': np.float64(21.2), 'humidity': np.float64(47.1), 'pressure': np.float64(1016.6), 'temperature_max': 21.2, 'temperature_min': 21.2, 'hourly_rainfall': np.float64(0.6), 'max_instantaneous_rainfall': 0.3, 'max_wind_level': 0.0, 'max_wind_speed': 0.0, 'wind_speed_2min': np.float64(0.0), 'wind_angle_2min': 67.3, 'wind_direction_2min': '东北东风', 'wind_speed_10min': np.float64(0.0), 'wind_angle_10min': 67.23750001130416, 'wind_direction_10min': '东北东风'}
2026-03-21 18:07:32,095 - INFO - 小时统计结果 [2026-03-21 02:00]: {'time': datetime.datetime(2026, 3, 20, 18, 0, tzinfo=datetime.timezone.utc), 'temperature': np.float64(21.2), 'humidity': np.float64(47.1), 'pressure': np.float64(1016.6), 'temperature_max': 21.2, 'temperature_min': 21.2, 'hourly_rainfall': np.float64(0.6), 'max_instantaneous_rainfall': 0.3, 'max_wind_level': 0.0, 'max_wind_speed': 0.0, 'wind_speed_2min': np.float64(0.0), 'wind_angle_2min': 67.3, 'wind_direction_2min': '东北东风', 'wind_speed_10min': np.float64(0.0), 'wind_angle_10min': 67.23750001130416, 'wind_direction_10min': '东北东风'}
2026-03-21 18:08:07,704 - INFO - 小时统计结果 [2026-03-21 03:00]: {'time': datetime.datetime(2026, 3, 20, 19, 0, tzinfo=datetime.timezone.utc), 'temperature': np.float64(21.4), 'humidity': np.float64(44.8), 'pressure': np.float64(1016.4), 'temperature_max': 21.4, 'temperature_min': 21.2, 'hourly_rainfall': np.float64(0.2), 'max_instantaneous_rainfall': 0.3, 'max_wind_level': 0.0, 'max_wind_speed': 0.0, 'wind_angle_2min': -100.0, 'wind_direction_2min': -100.0, 'wind_angle_10min': -100.0, 'wind_direction_10min': -100.0}
2026-03-25 21:58:45,752 - INFO - 小时统计结果 [2026-03-21 03:00]: {'time': datetime.datetime(2026, 3, 20, 19, 0, tzinfo=datetime.timezone.utc), 'temperature': np.float64(21.4), 'humidity': np.float64(44.8), 'temperature_max': 21.4, 'temperature_min': 21.2, 'wind_angle_2min': -100.0, 'wind_direction_2min': -100.0, 'wind_angle_10min': -100.0, 'wind_direction_10min': -100.0}
2026-03-25 21:58:50,686 - INFO - 温度传感器初始化成功
2026-03-25 21:58:50,687 - INFO - 雨量传感器初始化成功
2026-03-25 21:58:50,687 - INFO - 风向传感器初始化成功
2026-03-25 21:58:50,687 - INFO - 风速传感器初始化成功
2026-03-25 21:58:50,687 - INFO - 气象数据采集程序启动
2026-03-25 21:58:50,689 - INFO - InfluxDB连接成功
2026-03-25 21:58:50,689 - INFO - 等待 60 秒到下一个采集时间点（每分钟第50秒）...
2026-03-25 21:59:50,833 - INFO - 温度传感器数据: {'temperature': 21.8, 'humidity': 40.9, 'pressure': 1010.1}
2026-03-25 21:59:52,021 - INFO - 雨量传感器数据: {'instantaneous_rainfall': 0.8, 'current_hour_rainfall': 0.4, 'previous_hour_rainfall': 0.4}
2026-03-25 21:59:53,202 - INFO - 风向传感器数据: {'wind_direction': '东北', 'wind_angle': 77.7}
2026-03-25 21:59:54,313 - ERROR - 读取风速传感器失败: local variable 'speed' referenced before assignment
2026-03-25 21:59:54,328 - INFO - 数据写入InfluxDB成功
2026-03-25 21:59:54,329 - INFO - 等待 56 秒到下一个采集时间点（每分钟第50秒）...
2026-03-25 22:00:50,473 - INFO - 温度传感器数据: {'temperature': 21.9, 'humidity': 41.2, 'pressure': 1010.2}
2026-03-25 22:00:51,659 - INFO - 雨量传感器数据: {'instantaneous_rainfall': 0.5, 'current_hour_rainfall': 0.9, 'previous_hour_rainfall': 0.4}
2026-03-25 22:00:52,839 - INFO - 风向传感器数据: {'wind_direction': '东北', 'wind_angle': 77.7}
2026-03-25 22:00:53,965 - ERROR - 读取风速传感器失败: local variable 'speed' referenced before assignment
2026-03-25 22:00:53,970 - INFO - 数据写入InfluxDB成功
2026-03-25 22:00:53,970 - INFO - 等待 57 秒到下一个采集时间点（每分钟第50秒）...
2026-03-25 22:01:42,800 - INFO - 接收到中断信号，程序退出
2026-03-25 22:01:42,800 - INFO - InfluxDB连接已关闭
2026-03-25 22:05:14,369 - INFO - 温度传感器初始化成功
2026-03-25 22:05:14,369 - INFO - 雨量传感器初始化成功
2026-03-25 22:05:14,369 - INFO - 风向传感器初始化成功
2026-03-25 22:05:14,369 - INFO - 风速传感器初始化成功
2026-03-25 22:05:14,369 - INFO - 气象数据采集程序启动
2026-03-25 22:05:14,383 - INFO - InfluxDB连接成功
2026-03-25 22:05:14,383 - INFO - 等待 36 秒到下一个采集时间点（每分钟第50秒）...
2026-03-25 22:05:50,531 - INFO - 温度传感器数据: {'temperature': 22.2, 'humidity': 42.5, 'pressure': 1010.4}
2026-03-25 22:05:51,737 - INFO - 雨量传感器数据: {'instantaneous_rainfall': 0.2, 'current_hour_rainfall': 1.1, 'previous_hour_rainfall': 0.4}
2026-03-25 22:05:52,923 - INFO - 风向传感器数据: {'wind_direction': '东北', 'wind_angle': 78.8}
2026-03-25 22:05:54,081 - INFO - 风速传感器数据: {'wind_speed': 0.0, 'wind_level': 0}
2026-03-25 22:05:54,094 - INFO - 数据写入InfluxDB成功
2026-03-25 22:05:54,094 - INFO - 等待 56 秒到下一个采集时间点（每分钟第50秒）...
2026-03-25 22:06:50,252 - INFO - 温度传感器数据: {'temperature': 22.2, 'humidity': 42.7, 'pressure': 1010.4}
2026-03-25 22:06:51,455 - INFO - 雨量传感器数据: {'instantaneous_rainfall': 0.0, 'current_hour_rainfall': 1.1, 'previous_hour_rainfall': 0.4}
2026-03-25 22:06:52,651 - INFO - 风向传感器数据: {'wind_direction': '东北', 'wind_angle': 78.7}
2026-03-25 22:06:53,795 - INFO - 风速传感器数据: {'wind_speed': 0.0, 'wind_level': 0}
2026-03-25 22:06:53,800 - INFO - 数据写入InfluxDB成功
2026-03-25 22:06:53,800 - INFO - 等待 57 秒到下一个采集时间点（每分钟第50秒）...
2026-03-25 22:07:50,949 - INFO - 温度传感器数据: {'temperature': 22.2, 'humidity': 43.0, 'pressure': 1010.4}
2026-03-25 22:07:52,152 - INFO - 雨量传感器数据: {'instantaneous_rainfall': 0.0, 'current_hour_rainfall': 1.1, 'previous_hour_rainfall': 0.4}
2026-03-25 22:07:53,331 - INFO - 风向传感器数据: {'wind_direction': '东北', 'wind_angle': 78.9}
2026-03-25 22:07:54,486 - INFO - 风速传感器数据: {'wind_speed': 0.0, 'wind_level': 0}
2026-03-25 22:07:54,490 - INFO - 数据写入InfluxDB成功
2026-03-25 22:07:54,490 - INFO - 等待 56 秒到下一个采集时间点（每分钟第50秒）...
2026-03-25 22:08:50,638 - INFO - 温度传感器数据: {'temperature': 22.3, 'humidity': 43.1, 'pressure': 1010.3}
2026-03-25 22:08:51,829 - INFO - 雨量传感器数据: {'instantaneous_rainfall': 0.0, 'current_hour_rainfall': 1.1, 'previous_hour_rainfall': 0.4}
2026-03-25 22:08:53,014 - INFO - 风向传感器数据: {'wind_direction': '东北', 'wind_angle': 78.9}
2026-03-25 22:08:54,168 - INFO - 风速传感器数据: {'wind_speed': 0.0, 'wind_level': 0}
2026-03-25 22:08:54,173 - INFO - 数据写入InfluxDB成功
2026-03-25 22:08:54,173 - INFO - 等待 56 秒到下一个采集时间点（每分钟第50秒）...
2026-03-25 22:09:50,313 - INFO - 温度传感器数据: {'temperature': 22.3, 'humidity': 43.1, 'pressure': 1010.3}
2026-03-25 22:09:51,507 - INFO - 雨量传感器数据: {'instantaneous_rainfall': 0.0, 'current_hour_rainfall': 1.1, 'previous_hour_rainfall': 0.4}
2026-03-25 22:09:52,695 - INFO - 风向传感器数据: {'wind_direction': '东北', 'wind_angle': 79.0}
2026-03-25 22:09:53,848 - INFO - 风速传感器数据: {'wind_speed': 0.0, 'wind_level': 0}
2026-03-25 22:09:53,852 - INFO - 数据写入InfluxDB成功
2026-03-25 22:09:53,852 - INFO - 等待 57 秒到下一个采集时间点（每分钟第50秒）...
2026-03-25 22:10:50,994 - INFO - 温度传感器数据: {'temperature': 22.3, 'humidity': 43.1, 'pressure': 1010.3}
2026-03-25 22:10:52,188 - INFO - 雨量传感器数据: {'instantaneous_rainfall': 0.0, 'current_hour_rainfall': 1.1, 'previous_hour_rainfall': 0.4}
2026-03-25 22:10:53,369 - INFO - 风向传感器数据: {'wind_direction': '东', 'wind_angle': 79.4}
2026-03-25 22:10:54,521 - INFO - 风速传感器数据: {'wind_speed': 0.0, 'wind_level': 0}
2026-03-25 22:10:54,526 - INFO - 数据写入InfluxDB成功
2026-03-25 22:10:54,526 - INFO - 等待 56 秒到下一个采集时间点（每分钟第50秒）...
2026-03-25 22:11:50,667 - INFO - 温度传感器数据: {'temperature': 22.4, 'humidity': 43.0, 'pressure': 1010.3}
2026-03-25 22:11:51,856 - INFO - 雨量传感器数据: {'instantaneous_rainfall': 0.0, 'current_hour_rainfall': 1.1, 'previous_hour_rainfall': 0.4}
2026-03-25 22:11:53,036 - INFO - 风向传感器数据: {'wind_direction': '东', 'wind_angle': 79.6}
2026-03-25 22:11:54,188 - INFO - 风速传感器数据: {'wind_speed': 0.0, 'wind_level': 0}
2026-03-25 22:11:54,192 - INFO - 数据写入InfluxDB成功
2026-03-25 22:11:54,192 - INFO - 等待 56 秒到下一个采集时间点（每分钟第50秒）...
2026-03-25 22:12:50,346 - INFO - 温度传感器数据: {'temperature': 22.4, 'humidity': 42.9, 'pressure': 1010.2}
2026-03-25 22:12:51,536 - INFO - 雨量传感器数据: {'instantaneous_rainfall': 0.0, 'current_hour_rainfall': 1.1, 'previous_hour_rainfall': 0.4}
2026-03-25 22:12:52,716 - INFO - 风向传感器数据: {'wind_direction': '南', 'wind_angle': 200.2}
2026-03-25 22:12:53,883 - INFO - 风速传感器数据: {'wind_speed': 0.6, 'wind_level': 1}
2026-03-25 22:12:53,886 - INFO - 数据写入InfluxDB成功
2026-03-25 22:12:53,886 - INFO - 等待 57 秒到下一个采集时间点（每分钟第50秒）...
2026-03-25 22:13:51,029 - INFO - 温度传感器数据: {'temperature': 22.4, 'humidity': 42.9, 'pressure': 1010.3}
2026-03-25 22:13:52,230 - INFO - 雨量传感器数据: {'instantaneous_rainfall': 0.0, 'current_hour_rainfall': 1.1, 'previous_hour_rainfall': 0.4}
2026-03-25 22:13:53,417 - INFO - 风向传感器数据: {'wind_direction': '南', 'wind_angle': 199.9}
2026-03-25 22:13:54,584 - INFO - 风速传感器数据: {'wind_speed': 0.0, 'wind_level': 0}
2026-03-25 22:13:54,589 - INFO - 数据写入InfluxDB成功
2026-03-25 22:13:54,589 - INFO - 等待 56 秒到下一个采集时间点（每分钟第50秒）...
2026-03-25 22:14:50,736 - INFO - 温度传感器数据: {'temperature': 22.4, 'humidity': 42.9, 'pressure': 1010.2}
2026-03-25 22:14:51,931 - INFO - 雨量传感器数据: {'instantaneous_rainfall': 0.0, 'current_hour_rainfall': 1.1, 'previous_hour_rainfall': 0.4}
2026-03-25 22:14:53,105 - INFO - 风向传感器数据: {'wind_direction': '南', 'wind_angle': 200.1}
2026-03-25 22:14:54,258 - INFO - 风速传感器数据: {'wind_speed': 0.0, 'wind_level': 0}
2026-03-25 22:14:54,261 - INFO - 数据写入InfluxDB成功
2026-03-25 22:14:54,261 - INFO - 等待 56 秒到下一个采集时间点（每分钟第50秒）...
2026-03-25 22:15:50,403 - INFO - 温度传感器数据: {'temperature': 22.5, 'humidity': 42.9, 'pressure': 1010.3}
2026-03-25 22:15:51,591 - INFO - 雨量传感器数据: {'instantaneous_rainfall': 0.0, 'current_hour_rainfall': 1.1, 'previous_hour_rainfall': 0.4}
2026-03-25 22:15:52,772 - INFO - 风向传感器数据: {'wind_direction': '南', 'wind_angle': 200.2}
2026-03-25 22:15:53,924 - INFO - 风速传感器数据: {'wind_speed': 0.0, 'wind_level': 0}
2026-03-25 22:15:53,928 - INFO - 数据写入InfluxDB成功
2026-03-25 22:15:53,928 - INFO - 等待 57 秒到下一个采集时间点（每分钟第50秒）...
2026-03-25 22:16:51,080 - INFO - 温度传感器数据: {'temperature': 22.5, 'humidity': 42.1, 'pressure': 1010.3}
2026-03-25 22:16:52,286 - INFO - 雨量传感器数据: {'instantaneous_rainfall': 0.0, 'current_hour_rainfall': 1.1, 'previous_hour_rainfall': 0.4}
2026-03-25 22:16:53,473 - INFO - 风向传感器数据: {'wind_direction': '南', 'wind_angle': 199.9}
2026-03-25 22:16:54,628 - INFO - 风速传感器数据: {'wind_speed': 0.0, 'wind_level': 0}
2026-03-25 22:16:54,634 - INFO - 数据写入InfluxDB成功
2026-03-25 22:16:54,634 - INFO - 等待 56 秒到下一个采集时间点（每分钟第50秒）...
2026-03-25 22:17:50,793 - INFO - 温度传感器数据: {'temperature': 22.5, 'humidity': 41.3, 'pressure': 1010.3}
2026-03-25 22:17:51,981 - INFO - 雨量传感器数据: {'instantaneous_rainfall': 0.0, 'current_hour_rainfall': 1.1, 'previous_hour_rainfall': 0.4}
2026-03-25 22:17:53,168 - INFO - 风向传感器数据: {'wind_direction': '南', 'wind_angle': 200.1}
2026-03-25 22:17:54,325 - INFO - 风速传感器数据: {'wind_speed': 0.0, 'wind_level': 0}
2026-03-25 22:17:54,333 - INFO - 数据写入InfluxDB成功
2026-03-25 22:17:54,333 - INFO - 等待 56 秒到下一个采集时间点（每分钟第50秒）...
2026-03-25 22:18:50,488 - INFO - 温度传感器数据: {'temperature': 22.5, 'humidity': 40.1, 'pressure': 1010.3}
2026-03-25 22:18:51,661 - INFO - 雨量传感器数据: {'instantaneous_rainfall': 0.0, 'current_hour_rainfall': 1.1, 'previous_hour_rainfall': 0.4}
2026-03-25 22:18:52,851 - INFO - 风向传感器数据: {'wind_direction': '南', 'wind_angle': 199.9}
2026-03-25 22:18:54,006 - INFO - 风速传感器数据: {'wind_speed': 0.0, 'wind_level': 0}
2026-03-25 22:18:54,010 - INFO - 数据写入InfluxDB成功
2026-03-25 22:18:54,010 - INFO - 等待 56 秒到下一个采集时间点（每分钟第50秒）...
2026-03-25 22:19:50,171 - INFO - 温度传感器数据: {'temperature': 22.5, 'humidity': 39.4, 'pressure': 1010.3}
2026-03-25 22:19:51,367 - INFO - 雨量传感器数据: {'instantaneous_rainfall': 0.0, 'current_hour_rainfall': 1.1, 'previous_hour_rainfall': 0.4}
2026-03-25 22:19:52,550 - INFO - 风向传感器数据: {'wind_direction': '南', 'wind_angle': 200.1}
2026-03-25 22:19:53,702 - INFO - 风速传感器数据: {'wind_speed': 0.0, 'wind_level': 0}
2026-03-25 22:19:53,707 - INFO - 数据写入InfluxDB成功
2026-03-25 22:19:53,707 - INFO - 等待 57 秒到下一个采集时间点（每分钟第50秒）...
2026-03-25 22:20:50,857 - INFO - 温度传感器数据: {'temperature': 22.5, 'humidity': 38.6, 'pressure': 1010.3}
2026-03-25 22:20:52,062 - INFO - 雨量传感器数据: {'instantaneous_rainfall': 0.0, 'current_hour_rainfall': 1.1, 'previous_hour_rainfall': 0.4}
2026-03-25 22:20:53,250 - INFO - 风向传感器数据: {'wind_direction': '南', 'wind_angle': 199.4}
2026-03-25 22:20:54,403 - INFO - 风速传感器数据: {'wind_speed': 0.0, 'wind_level': 0}
2026-03-25 22:20:54,409 - INFO - 数据写入InfluxDB成功
2026-03-25 22:20:54,409 - INFO - 等待 56 秒到下一个采集时间点（每分钟第50秒）...
2026-03-25 22:21:50,555 - INFO - 温度传感器数据: {'temperature': 22.5, 'humidity': 37.8, 'pressure': 1010.3}
2026-03-25 22:21:51,760 - INFO - 雨量传感器数据: {'instantaneous_rainfall': 0.0, 'current_hour_rainfall': 1.1, 'previous_hour_rainfall': 0.4}
2026-03-25 22:21:52,944 - INFO - 风向传感器数据: {'wind_direction': '南', 'wind_angle': 200.0}
2026-03-25 22:21:54,098 - INFO - 风速传感器数据: {'wind_speed': 0.0, 'wind_level': 0}
2026-03-25 22:21:54,102 - INFO - 数据写入InfluxDB成功
2026-03-25 22:21:54,102 - INFO - 等待 56 秒到下一个采集时间点（每分钟第50秒）...
2026-03-25 22:22:50,257 - INFO - 温度传感器数据: {'temperature': 22.5, 'humidity': 37.3, 'pressure': 1010.3}
2026-03-25 22:22:51,454 - INFO - 雨量传感器数据: {'instantaneous_rainfall': 0.0, 'current_hour_rainfall': 1.1, 'previous_hour_rainfall': 0.4}
2026-03-25 22:22:52,643 - INFO - 风向传感器数据: {'wind_direction': '南', 'wind_angle': 200.0}
2026-03-25 22:22:53,790 - INFO - 风速传感器数据: {'wind_speed': 0.0, 'wind_level': 0}
2026-03-25 22:22:53,794 - INFO - 数据写入InfluxDB成功
2026-03-25 22:22:53,795 - INFO - 等待 57 秒到下一个采集时间点（每分钟第50秒）...
2026-03-25 22:23:50,946 - INFO - 温度传感器数据: {'temperature': 22.5, 'humidity': 37.0, 'pressure': 1010.4}
2026-03-25 22:23:52,135 - INFO - 雨量传感器数据: {'instantaneous_rainfall': 0.0, 'current_hour_rainfall': 1.1, 'previous_hour_rainfall': 0.4}
2026-03-25 22:23:53,318 - INFO - 风向传感器数据: {'wind_direction': '南', 'wind_angle': 199.9}
2026-03-25 22:23:54,482 - INFO - 风速传感器数据: {'wind_speed': 0.0, 'wind_level': 0}
2026-03-25 22:23:54,485 - INFO - 数据写入InfluxDB成功
2026-03-25 22:23:54,485 - INFO - 等待 56 秒到下一个采集时间点（每分钟第50秒）...
2026-03-25 22:24:50,636 - INFO - 温度传感器数据: {'temperature': 22.6, 'humidity': 36.7, 'pressure': 1010.4}
2026-03-25 22:24:51,829 - INFO - 雨量传感器数据: {'instantaneous_rainfall': 0.0, 'current_hour_rainfall': 1.1, 'previous_hour_rainfall': 0.4}
2026-03-25 22:24:53,021 - INFO - 风向传感器数据: {'wind_direction': '南', 'wind_angle': 199.5}
2026-03-25 22:24:54,175 - INFO - 风速传感器数据: {'wind_speed': 0.0, 'wind_level': 0}
2026-03-25 22:24:54,179 - INFO - 数据写入InfluxDB成功
2026-03-25 22:24:54,179 - INFO - 等待 56 秒到下一个采集时间点（每分钟第50秒）...
2026-03-25 22:25:50,337 - INFO - 温度传感器数据: {'temperature': 22.5, 'humidity': 36.6, 'pressure': 1010.4}
2026-03-25 22:25:51,539 - INFO - 雨量传感器数据: {'instantaneous_rainfall': 0.0, 'current_hour_rainfall': 1.1, 'previous_hour_rainfall': 0.4}
2026-03-25 22:25:52,732 - INFO - 风向传感器数据: {'wind_direction': '南', 'wind_angle': 199.3}
2026-03-25 22:25:53,891 - INFO - 风速传感器数据: {'wind_speed': 0.0, 'wind_level': 0}
2026-03-25 22:25:53,896 - INFO - 数据写入InfluxDB成功
2026-03-25 22:25:53,896 - INFO - 等待 57 秒到下一个采集时间点（每分钟第50秒）...
2026-03-25 22:26:51,059 - INFO - 温度传感器数据: {'temperature': 22.5, 'humidity': 36.2, 'pressure': 1010.4}
2026-03-25 22:26:52,256 - INFO - 雨量传感器数据: {'instantaneous_rainfall': 0.0, 'current_hour_rainfall': 1.1, 'previous_hour_rainfall': 0.4}
2026-03-25 22:26:53,453 - INFO - 风向传感器数据: {'wind_direction': '南', 'wind_angle': 199.0}
2026-03-25 22:26:54,609 - INFO - 风速传感器数据: {'wind_speed': 0.0, 'wind_level': 0}
2026-03-25 22:26:54,613 - INFO - 数据写入InfluxDB成功
2026-03-25 22:26:54,613 - INFO - 等待 56 秒到下一个采集时间点（每分钟第50秒）...
2026-03-25 22:27:50,774 - INFO - 温度传感器数据: {'temperature': 22.5, 'humidity': 36.4, 'pressure': 1010.4}
2026-03-25 22:27:51,961 - INFO - 雨量传感器数据: {'instantaneous_rainfall': 0.0, 'current_hour_rainfall': 1.1, 'previous_hour_rainfall': 0.4}
2026-03-25 22:27:53,149 - INFO - 风向传感器数据: {'wind_direction': '东南', 'wind_angle': 165.2}
2026-03-25 22:27:54,294 - INFO - 风速传感器数据: {'wind_speed': 0.0, 'wind_level': 0}
2026-03-25 22:27:54,299 - INFO - 数据写入InfluxDB成功
2026-03-25 22:27:54,299 - INFO - 等待 56 秒到下一个采集时间点（每分钟第50秒）...
2026-03-25 22:28:50,458 - INFO - 温度传感器数据: {'temperature': 22.5, 'humidity': 36.4, 'pressure': 1010.4}
2026-03-25 22:28:51,644 - INFO - 雨量传感器数据: {'instantaneous_rainfall': 0.0, 'current_hour_rainfall': 1.1, 'previous_hour_rainfall': 0.4}
2026-03-25 22:28:52,839 - INFO - 风向传感器数据: {'wind_direction': '东南', 'wind_angle': 162.8}
2026-03-25 22:28:53,999 - INFO - 风速传感器数据: {'wind_speed': 0.0, 'wind_level': 0}
2026-03-25 22:28:54,002 - INFO - 数据写入InfluxDB成功
2026-03-25 22:28:54,002 - INFO - 等待 56 秒到下一个采集时间点（每分钟第50秒）...
2026-03-25 22:29:50,168 - INFO - 温度传感器数据: {'temperature': 22.5, 'humidity': 36.2, 'pressure': 1010.3}
2026-03-25 22:29:51,352 - INFO - 雨量传感器数据: {'instantaneous_rainfall': 0.0, 'current_hour_rainfall': 1.1, 'previous_hour_rainfall': 0.4}
2026-03-25 22:29:52,539 - INFO - 风向传感器数据: {'wind_direction': '东南', 'wind_angle': 162.5}
2026-03-25 22:29:53,690 - INFO - 风速传感器数据: {'wind_speed': 0.0, 'wind_level': 0}
2026-03-25 22:29:53,695 - INFO - 数据写入InfluxDB成功
2026-03-25 22:29:53,695 - INFO - 等待 57 秒到下一个采集时间点（每分钟第50秒）...
2026-03-25 22:30:50,844 - INFO - 温度传感器数据: {'temperature': 22.5, 'humidity': 36.2, 'pressure': 1010.3}
2026-03-25 22:30:52,041 - INFO - 雨量传感器数据: {'instantaneous_rainfall': 0.0, 'current_hour_rainfall': 1.1, 'previous_hour_rainfall': 0.4}
2026-03-25 22:30:53,223 - INFO - 风向传感器数据: {'wind_direction': '东南', 'wind_angle': 161.0}
2026-03-25 22:30:54,380 - INFO - 风速传感器数据: {'wind_speed': 0.0, 'wind_level': 0}
2026-03-25 22:30:54,385 - INFO - 数据写入InfluxDB成功
2026-03-25 22:30:54,385 - INFO - 等待 56 秒到下一个采集时间点（每分钟第50秒）...
2026-03-25 22:31:50,536 - INFO - 温度传感器数据: {'temperature': 22.5, 'humidity': 36.1, 'pressure': 1010.3}
2026-03-25 22:31:51,732 - INFO - 雨量传感器数据: {'instantaneous_rainfall': 0.0, 'current_hour_rainfall': 1.1, 'previous_hour_rainfall': 0.4}
2026-03-25 22:31:52,922 - INFO - 风向传感器数据: {'wind_direction': '东南', 'wind_angle': 160.8}
2026-03-25 22:31:54,072 - INFO - 风速传感器数据: {'wind_speed': 0.0, 'wind_level': 0}
2026-03-25 22:31:54,076 - INFO - 数据写入InfluxDB成功
2026-03-25 22:31:54,076 - INFO - 等待 56 秒到下一个采集时间点（每分钟第50秒）...
2026-03-25 22:32:50,233 - INFO - 温度传感器数据: {'temperature': 22.5, 'humidity': 36.1, 'pressure': 1010.3}
2026-03-25 22:32:51,435 - INFO - 雨量传感器数据: {'instantaneous_rainfall': 0.0, 'current_hour_rainfall': 1.1, 'previous_hour_rainfall': 0.4}
2026-03-25 22:32:52,608 - INFO - 风向传感器数据: {'wind_direction': '东南', 'wind_angle': 160.6}
2026-03-25 22:32:53,763 - INFO - 风速传感器数据: {'wind_speed': 0.0, 'wind_level': 0}
2026-03-25 22:32:53,768 - INFO - 数据写入InfluxDB成功
2026-03-25 22:32:53,769 - INFO - 等待 57 秒到下一个采集时间点（每分钟第50秒）...
2026-03-25 22:33:50,923 - INFO - 温度传感器数据: {'temperature': 22.5, 'humidity': 36.1, 'pressure': 1010.3}
2026-03-25 22:33:52,103 - INFO - 雨量传感器数据: {'instantaneous_rainfall': 0.0, 'current_hour_rainfall': 1.1, 'previous_hour_rainfall': 0.4}
2026-03-25 22:33:53,283 - INFO - 风向传感器数据: {'wind_direction': '东南', 'wind_angle': 160.9}
2026-03-25 22:33:54,449 - INFO - 风速传感器数据: {'wind_speed': 0.0, 'wind_level': 0}
2026-03-25 22:33:54,455 - INFO - 数据写入InfluxDB成功
2026-03-25 22:33:54,455 - INFO - 等待 56 秒到下一个采集时间点（每分钟第50秒）...
2026-03-25 22:34:50,610 - INFO - 温度传感器数据: {'temperature': 22.5, 'humidity': 36.0, 'pressure': 1010.2}
2026-03-25 22:34:51,800 - INFO - 雨量传感器数据: {'instantaneous_rainfall': 0.0, 'current_hour_rainfall': 1.1, 'previous_hour_rainfall': 0.4}
2026-03-25 22:34:52,993 - INFO - 风向传感器数据: {'wind_direction': '东南', 'wind_angle': 161.0}
2026-03-25 22:34:54,138 - INFO - 风速传感器数据: {'wind_speed': 0.0, 'wind_level': 0}
2026-03-25 22:34:54,141 - INFO - 数据写入InfluxDB成功
2026-03-25 22:34:54,142 - INFO - 等待 56 秒到下一个采集时间点（每分钟第50秒）...
2026-03-25 22:35:50,298 - INFO - 温度传感器数据: {'temperature': 22.5, 'humidity': 36.1, 'pressure': 1010.2}
2026-03-25 22:35:51,474 - INFO - 雨量传感器数据: {'instantaneous_rainfall': 0.0, 'current_hour_rainfall': 1.1, 'previous_hour_rainfall': 0.4}
2026-03-25 22:35:52,658 - INFO - 风向传感器数据: {'wind_direction': '东南', 'wind_angle': 160.5}
2026-03-25 22:35:53,824 - INFO - 风速传感器数据: {'wind_speed': 0.0, 'wind_level': 0}
2026-03-25 22:35:53,828 - INFO - 数据写入InfluxDB成功
2026-03-25 22:35:53,828 - INFO - 等待 57 秒到下一个采集时间点（每分钟第50秒）...
2026-03-25 22:36:50,988 - INFO - 温度传感器数据: {'temperature': 22.5, 'humidity': 36.1, 'pressure': 1010.2}
2026-03-25 22:36:52,186 - INFO - 雨量传感器数据: {'instantaneous_rainfall': 0.0, 'current_hour_rainfall': 1.1, 'previous_hour_rainfall': 0.4}
2026-03-25 22:36:53,373 - INFO - 风向传感器数据: {'wind_direction': '东南', 'wind_angle': 160.7}
2026-03-25 22:36:54,522 - INFO - 风速传感器数据: {'wind_speed': 0.0, 'wind_level': 0}
2026-03-25 22:36:54,528 - INFO - 数据写入InfluxDB成功
2026-03-25 22:36:54,528 - INFO - 等待 56 秒到下一个采集时间点（每分钟第50秒）...
2026-03-25 22:37:50,673 - INFO - 温度传感器数据: {'temperature': 22.5, 'humidity': 36.1, 'pressure': 1010.2}
2026-03-25 22:37:51,853 - INFO - 雨量传感器数据: {'instantaneous_rainfall': 0.0, 'current_hour_rainfall': 1.1, 'previous_hour_rainfall': 0.4}
2026-03-25 22:37:53,042 - INFO - 风向传感器数据: {'wind_direction': '东南', 'wind_angle': 160.7}
2026-03-25 22:37:54,187 - INFO - 风速传感器数据: {'wind_speed': 0.0, 'wind_level': 0}
2026-03-25 22:37:54,193 - INFO - 数据写入InfluxDB成功
2026-03-25 22:37:54,193 - INFO - 等待 56 秒到下一个采集时间点（每分钟第50秒）...
2026-03-25 22:38:50,346 - INFO - 温度传感器数据: {'temperature': 22.5, 'humidity': 35.9, 'pressure': 1010.1}
2026-03-25 22:38:51,548 - INFO - 雨量传感器数据: {'instantaneous_rainfall': 0.0, 'current_hour_rainfall': 1.1, 'previous_hour_rainfall': 0.4}
2026-03-25 22:38:52,726 - INFO - 风向传感器数据: {'wind_direction': '东南', 'wind_angle': 160.4}
2026-03-25 22:38:53,885 - INFO - 风速传感器数据: {'wind_speed': 0.0, 'wind_level': 0}
2026-03-25 22:38:53,888 - INFO - 数据写入InfluxDB成功
2026-03-25 22:38:53,888 - INFO - 等待 57 秒到下一个采集时间点（每分钟第50秒）...
2026-03-25 22:39:51,048 - INFO - 温度传感器数据: {'temperature': 22.5, 'humidity': 35.9, 'pressure': 1010.1}
2026-03-25 22:39:52,223 - INFO - 雨量传感器数据: {'instantaneous_rainfall': 0.0, 'current_hour_rainfall': 1.1, 'previous_hour_rainfall': 0.4}
2026-03-25 22:39:53,406 - INFO - 风向传感器数据: {'wind_direction': '东南', 'wind_angle': 160.5}
2026-03-25 22:39:54,556 - INFO - 风速传感器数据: {'wind_speed': 0.0, 'wind_level': 0}
2026-03-25 22:39:54,562 - INFO - 数据写入InfluxDB成功
2026-03-25 22:39:54,562 - INFO - 等待 56 秒到下一个采集时间点（每分钟第50秒）...
2026-03-25 22:40:50,714 - INFO - 温度传感器数据: {'temperature': 22.4, 'humidity': 36.1, 'pressure': 1010.0}
2026-03-25 22:40:51,904 - INFO - 雨量传感器数据: {'instantaneous_rainfall': 0.2, 'current_hour_rainfall': 1.3, 'previous_hour_rainfall': 0.4}
2026-03-25 22:40:53,086 - INFO - 风向传感器数据: {'wind_direction': '东南', 'wind_angle': 160.4}
2026-03-25 22:40:54,235 - INFO - 风速传感器数据: {'wind_speed': 0.0, 'wind_level': 0}
2026-03-25 22:40:54,238 - INFO - 数据写入InfluxDB成功
2026-03-25 22:40:54,238 - INFO - 等待 56 秒到下一个采集时间点（每分钟第50秒）...
2026-03-25 22:41:50,393 - INFO - 温度传感器数据: {'temperature': 22.4, 'humidity': 36.2, 'pressure': 1010.0}
2026-03-25 22:41:51,589 - INFO - 雨量传感器数据: {'instantaneous_rainfall': 0.0, 'current_hour_rainfall': 1.3, 'previous_hour_rainfall': 0.4}
2026-03-25 22:41:52,761 - INFO - 风向传感器数据: {'wind_direction': '东南', 'wind_angle': 160.5}
2026-03-25 22:41:53,916 - INFO - 风速传感器数据: {'wind_speed': 0.0, 'wind_level': 0}
2026-03-25 22:41:53,921 - INFO - 数据写入InfluxDB成功
2026-03-25 22:41:53,921 - INFO - 等待 57 秒到下一个采集时间点（每分钟第50秒）...
2026-03-25 22:42:51,062 - INFO - 温度传感器数据: {'temperature': 22.4, 'humidity': 36.0, 'pressure': 1010.0}
2026-03-25 22:42:52,260 - INFO - 雨量传感器数据: {'instantaneous_rainfall': 0.0, 'current_hour_rainfall': 1.3, 'previous_hour_rainfall': 0.4}
2026-03-25 22:42:53,443 - INFO - 风向传感器数据: {'wind_direction': '东南', 'wind_angle': 160.6}
2026-03-25 22:42:54,604 - INFO - 风速传感器数据: {'wind_speed': 0.0, 'wind_level': 0}
2026-03-25 22:42:54,609 - INFO - 数据写入InfluxDB成功
2026-03-25 22:42:54,609 - INFO - 等待 56 秒到下一个采集时间点（每分钟第50秒）...
2026-03-25 22:43:50,759 - INFO - 温度传感器数据: {'temperature': 22.4, 'humidity': 36.1, 'pressure': 1010.0}
2026-03-25 22:43:51,947 - INFO - 雨量传感器数据: {'instantaneous_rainfall': 0.0, 'current_hour_rainfall': 1.3, 'previous_hour_rainfall': 0.4}
2026-03-25 22:43:53,129 - INFO - 风向传感器数据: {'wind_direction': '东南', 'wind_angle': 160.5}
2026-03-25 22:43:54,289 - INFO - 风速传感器数据: {'wind_speed': 0.0, 'wind_level': 0}
2026-03-25 22:43:54,295 - INFO - 数据写入InfluxDB成功
2026-03-25 22:43:54,295 - INFO - 等待 56 秒到下一个采集时间点（每分钟第50秒）...
2026-03-25 22:44:50,445 - INFO - 温度传感器数据: {'temperature': 22.4, 'humidity': 36.2, 'pressure': 1009.9}
2026-03-25 22:44:51,636 - INFO - 雨量传感器数据: {'instantaneous_rainfall': 0.0, 'current_hour_rainfall': 1.3, 'previous_hour_rainfall': 0.4}
2026-03-25 22:44:52,823 - INFO - 风向传感器数据: {'wind_direction': '东南', 'wind_angle': 160.3}
2026-03-25 22:44:53,983 - INFO - 风速传感器数据: {'wind_speed': 0.0, 'wind_level': 0}
2026-03-25 22:44:53,986 - INFO - 数据写入InfluxDB成功
2026-03-25 22:44:53,986 - INFO - 等待 57 秒到下一个采集时间点（每分钟第50秒）...
2026-03-25 22:45:51,132 - INFO - 温度传感器数据: {'temperature': 22.4, 'humidity': 36.4, 'pressure': 1009.9}
2026-03-25 22:45:52,312 - INFO - 雨量传感器数据: {'instantaneous_rainfall': 0.0, 'current_hour_rainfall': 1.3, 'previous_hour_rainfall': 0.4}
2026-03-25 22:45:53,501 - INFO - 风向传感器数据: {'wind_direction': '东南', 'wind_angle': 160.3}
2026-03-25 22:45:54,652 - INFO - 风速传感器数据: {'wind_speed': 0.0, 'wind_level': 0}
2026-03-25 22:45:54,657 - INFO - 数据写入InfluxDB成功
2026-03-25 22:45:54,657 - INFO - 等待 56 秒到下一个采集时间点（每分钟第50秒）...
2026-03-25 22:46:50,814 - INFO - 温度传感器数据: {'temperature': 22.3, 'humidity': 36.3, 'pressure': 1009.9}
2026-03-25 22:46:51,999 - INFO - 雨量传感器数据: {'instantaneous_rainfall': 0.0, 'current_hour_rainfall': 1.3, 'previous_hour_rainfall': 0.4}
2026-03-25 22:46:53,179 - INFO - 风向传感器数据: {'wind_direction': '东南', 'wind_angle': 160.4}
2026-03-25 22:46:54,330 - INFO - 风速传感器数据: {'wind_speed': 0.0, 'wind_level': 0}
2026-03-25 22:46:54,334 - INFO - 数据写入InfluxDB成功
2026-03-25 22:46:54,334 - INFO - 等待 56 秒到下一个采集时间点（每分钟第50秒）...
2026-03-25 22:47:50,503 - INFO - 温度传感器数据: {'temperature': 22.3, 'humidity': 36.3, 'pressure': 1010.0}
2026-03-25 22:47:51,710 - INFO - 雨量传感器数据: {'instantaneous_rainfall': 0.0, 'current_hour_rainfall': 1.3, 'previous_hour_rainfall': 0.4}
2026-03-25 22:47:52,905 - INFO - 风向传感器数据: {'wind_direction': '东南', 'wind_angle': 160.1}
2026-03-25 22:47:54,072 - INFO - 风速传感器数据: {'wind_speed': 0.0, 'wind_level': 0}
2026-03-25 22:47:54,078 - INFO - 数据写入InfluxDB成功
2026-03-25 22:47:54,078 - INFO - 等待 56 秒到下一个采集时间点（每分钟第50秒）...
2026-03-25 22:48:50,232 - INFO - 温度传感器数据: {'temperature': 22.3, 'humidity': 36.3, 'pressure': 1010.0}
2026-03-25 22:48:51,421 - INFO - 雨量传感器数据: {'instantaneous_rainfall': 0.0, 'current_hour_rainfall': 1.3, 'previous_hour_rainfall': 0.4}
2026-03-25 22:48:52,609 - INFO - 风向传感器数据: {'wind_direction': '东南', 'wind_angle': 159.9}
2026-03-25 22:48:53,775 - INFO - 风速传感器数据: {'wind_speed': 0.0, 'wind_level': 0}
2026-03-25 22:48:53,778 - INFO - 数据写入InfluxDB成功
2026-03-25 22:48:53,779 - INFO - 等待 57 秒到下一个采集时间点（每分钟第50秒）...
2026-03-25 22:49:50,934 - INFO - 温度传感器数据: {'temperature': 22.3, 'humidity': 36.2, 'pressure': 1010.1}
2026-03-25 22:49:52,126 - INFO - 雨量传感器数据: {'instantaneous_rainfall': 0.0, 'current_hour_rainfall': 1.3, 'previous_hour_rainfall': 0.4}
2026-03-25 22:49:53,309 - INFO - 风向传感器数据: {'wind_direction': '东南', 'wind_angle': 160.1}
2026-03-25 22:49:54,466 - INFO - 风速传感器数据: {'wind_speed': 0.0, 'wind_level': 0}
2026-03-25 22:49:54,471 - INFO - 数据写入InfluxDB成功
2026-03-25 22:49:54,471 - INFO - 等待 56 秒到下一个采集时间点（每分钟第50秒）...
2026-03-25 22:50:50,619 - INFO - 温度传感器数据: {'temperature': 22.3, 'humidity': 36.1, 'pressure': 1010.0}
2026-03-25 22:50:51,824 - INFO - 雨量传感器数据: {'instantaneous_rainfall': 0.0, 'current_hour_rainfall': 1.3, 'previous_hour_rainfall': 0.4}
2026-03-25 22:50:53,026 - INFO - 风向传感器数据: {'wind_direction': '东南', 'wind_angle': 160.0}
2026-03-25 22:50:54,184 - INFO - 风速传感器数据: {'wind_speed': 0.0, 'wind_level': 0}
2026-03-25 22:50:54,188 - INFO - 数据写入InfluxDB成功
2026-03-25 22:50:54,188 - INFO - 等待 56 秒到下一个采集时间点（每分钟第50秒）...
2026-03-25 22:51:50,346 - INFO - 温度传感器数据: {'temperature': 22.3, 'humidity': 36.2, 'pressure': 1010.0}
2026-03-25 22:51:51,542 - INFO - 雨量传感器数据: {'instantaneous_rainfall': 0.0, 'current_hour_rainfall': 1.3, 'previous_hour_rainfall': 0.4}
2026-03-25 22:51:52,733 - INFO - 风向传感器数据: {'wind_direction': '东南', 'wind_angle': 163.6}
2026-03-25 22:51:53,882 - INFO - 风速传感器数据: {'wind_speed': 0.0, 'wind_level': 0}
2026-03-25 22:51:53,889 - INFO - 数据写入InfluxDB成功
2026-03-25 22:51:53,889 - INFO - 等待 57 秒到下一个采集时间点（每分钟第50秒）...
2026-03-25 22:52:51,053 - INFO - 温度传感器数据: {'temperature': 22.3, 'humidity': 36.1, 'pressure': 1010.0}
2026-03-25 22:52:52,249 - INFO - 雨量传感器数据: {'instantaneous_rainfall': 0.0, 'current_hour_rainfall': 1.3, 'previous_hour_rainfall': 0.4}
2026-03-25 22:52:53,432 - INFO - 风向传感器数据: {'wind_direction': '东南', 'wind_angle': 160.3}
2026-03-25 22:52:54,589 - INFO - 风速传感器数据: {'wind_speed': 0.0, 'wind_level': 0}
2026-03-25 22:52:54,592 - INFO - 数据写入InfluxDB成功
2026-03-25 22:52:54,592 - INFO - 等待 56 秒到下一个采集时间点（每分钟第50秒）...
2026-03-25 22:53:50,744 - INFO - 温度传感器数据: {'temperature': 22.3, 'humidity': 36.1, 'pressure': 1010.1}
2026-03-25 22:53:51,954 - INFO - 雨量传感器数据: {'instantaneous_rainfall': 0.0, 'current_hour_rainfall': 1.3, 'previous_hour_rainfall': 0.4}
2026-03-25 22:53:53,156 - INFO - 风向传感器数据: {'wind_direction': '东南', 'wind_angle': 160.3}
2026-03-25 22:53:54,306 - INFO - 风速传感器数据: {'wind_speed': 0.0, 'wind_level': 0}
2026-03-25 22:53:54,310 - INFO - 数据写入InfluxDB成功
2026-03-25 22:53:54,310 - INFO - 等待 56 秒到下一个采集时间点（每分钟第50秒）...
2026-03-25 22:54:50,466 - INFO - 温度传感器数据: {'temperature': 22.3, 'humidity': 36.1, 'pressure': 1010.1}
2026-03-25 22:54:51,652 - INFO - 雨量传感器数据: {'instantaneous_rainfall': 0.0, 'current_hour_rainfall': 1.3, 'previous_hour_rainfall': 0.4}
2026-03-25 22:54:52,847 - INFO - 风向传感器数据: {'wind_direction': '东南', 'wind_angle': 159.7}
2026-03-25 22:54:54,007 - INFO - 风速传感器数据: {'wind_speed': 0.0, 'wind_level': 0}
2026-03-25 22:54:54,011 - INFO - 数据写入InfluxDB成功
2026-03-25 22:54:54,012 - INFO - 等待 56 秒到下一个采集时间点（每分钟第50秒）...
2026-03-25 22:55:50,164 - INFO - 温度传感器数据: {'temperature': 22.3, 'humidity': 36.1, 'pressure': 1010.1}
2026-03-25 22:55:51,358 - INFO - 雨量传感器数据: {'instantaneous_rainfall': 0.0, 'current_hour_rainfall': 1.3, 'previous_hour_rainfall': 0.4}
2026-03-25 22:55:52,547 - INFO - 风向传感器数据: {'wind_direction': '东南', 'wind_angle': 160.1}
2026-03-25 22:55:53,704 - INFO - 风速传感器数据: {'wind_speed': 0.0, 'wind_level': 0}
2026-03-25 22:55:53,710 - INFO - 数据写入InfluxDB成功
2026-03-25 22:55:53,710 - INFO - 等待 57 秒到下一个采集时间点（每分钟第50秒）...
2026-03-25 22:56:50,868 - INFO - 温度传感器数据: {'temperature': 22.2, 'humidity': 36.1, 'pressure': 1010.1}
2026-03-25 22:56:52,061 - INFO - 雨量传感器数据: {'instantaneous_rainfall': 0.0, 'current_hour_rainfall': 1.3, 'previous_hour_rainfall': 0.4}
2026-03-25 22:56:53,248 - INFO - 风向传感器数据: {'wind_direction': '东南', 'wind_angle': 160.5}
2026-03-25 22:56:54,404 - INFO - 风速传感器数据: {'wind_speed': 0.0, 'wind_level': 0}
2026-03-25 22:56:54,409 - INFO - 数据写入InfluxDB成功
2026-03-25 22:56:54,409 - INFO - 等待 56 秒到下一个采集时间点（每分钟第50秒）...
2026-03-25 22:57:50,551 - INFO - 温度传感器数据: {'temperature': 22.2, 'humidity': 36.0, 'pressure': 1010.1}
2026-03-25 22:57:51,755 - INFO - 雨量传感器数据: {'instantaneous_rainfall': 0.0, 'current_hour_rainfall': 1.3, 'previous_hour_rainfall': 0.4}
2026-03-25 22:57:52,954 - INFO - 风向传感器数据: {'wind_direction': '东南', 'wind_angle': 160.1}
2026-03-25 22:57:54,104 - INFO - 风速传感器数据: {'wind_speed': 0.0, 'wind_level': 0}
2026-03-25 22:57:54,108 - INFO - 数据写入InfluxDB成功
2026-03-25 22:57:54,108 - INFO - 等待 56 秒到下一个采集时间点（每分钟第50秒）...
2026-03-25 22:58:50,257 - INFO - 温度传感器数据: {'temperature': 22.2, 'humidity': 36.0, 'pressure': 1010.0}
2026-03-25 22:58:51,454 - INFO - 雨量传感器数据: {'instantaneous_rainfall': 0.0, 'current_hour_rainfall': 1.3, 'previous_hour_rainfall': 0.4}
2026-03-25 22:58:52,642 - INFO - 风向传感器数据: {'wind_direction': '东南', 'wind_angle': 160.0}
2026-03-25 22:58:53,806 - INFO - 风速传感器数据: {'wind_speed': 1.4, 'wind_level': 1}
2026-03-25 22:58:53,812 - INFO - 数据写入InfluxDB成功
2026-03-25 22:58:53,812 - INFO - 等待 57 秒到下一个采集时间点（每分钟第50秒）...
2026-03-25 22:59:50,980 - INFO - 温度传感器数据: {'temperature': 22.2, 'humidity': 36.0, 'pressure': 1010.0}
2026-03-25 22:59:52,173 - INFO - 雨量传感器数据: {'instantaneous_rainfall': 2.2, 'current_hour_rainfall': 1.1, 'previous_hour_rainfall': 2.4}
2026-03-25 22:59:53,349 - INFO - 风向传感器数据: {'wind_direction': '东南', 'wind_angle': 160.4}
2026-03-25 22:59:54,497 - INFO - 风速传感器数据: {'wind_speed': 0.0, 'wind_level': 0}
2026-03-25 22:59:54,501 - INFO - 数据写入InfluxDB成功
2026-03-25 22:59:54,501 - INFO - 等待 56 秒到下一个采集时间点（每分钟第50秒）...
2026-03-25 23:00:50,655 - INFO - 温度传感器数据: {'temperature': 22.2, 'humidity': 36.0, 'pressure': 1010.0}
2026-03-25 23:00:51,838 - INFO - 雨量传感器数据: {'instantaneous_rainfall': 0.4, 'current_hour_rainfall': 1.5, 'previous_hour_rainfall': 2.4}
2026-03-25 23:00:53,019 - INFO - 风向传感器数据: {'wind_direction': '东南', 'wind_angle': 160.1}
2026-03-25 23:00:54,172 - INFO - 风速传感器数据: {'wind_speed': 0.0, 'wind_level': 0}
2026-03-25 23:00:54,176 - INFO - 数据写入InfluxDB成功
2026-03-25 23:00:54,176 - INFO - 等待 56 秒到下一个采集时间点（每分钟第50秒）...
2026-03-25 23:01:50,339 - INFO - 温度传感器数据: {'temperature': 22.2, 'humidity': 36.0, 'pressure': 1010.0}
2026-03-25 23:01:51,520 - INFO - 雨量传感器数据: {'instantaneous_rainfall': 0.0, 'current_hour_rainfall': 1.5, 'previous_hour_rainfall': 2.4}
2026-03-25 23:01:52,702 - INFO - 风向传感器数据: {'wind_direction': '东南', 'wind_angle': 160.2}
2026-03-25 23:01:53,861 - INFO - 风速传感器数据: {'wind_speed': 0.0, 'wind_level': 0}
2026-03-25 23:01:53,865 - INFO - 数据写入InfluxDB成功
2026-03-25 23:01:53,865 - INFO - 等待 57 秒到下一个采集时间点（每分钟第50秒）...
2026-03-25 23:02:51,013 - INFO - 温度传感器数据: {'temperature': 22.2, 'humidity': 36.0, 'pressure': 1010.0}
2026-03-25 23:02:52,190 - INFO - 雨量传感器数据: {'instantaneous_rainfall': 0.0, 'current_hour_rainfall': 1.5, 'previous_hour_rainfall': 2.4}
2026-03-25 23:02:53,374 - INFO - 风向传感器数据: {'wind_direction': '东南', 'wind_angle': 160.2}
2026-03-25 23:02:54,523 - INFO - 风速传感器数据: {'wind_speed': 0.0, 'wind_level': 0}
2026-03-25 23:02:54,529 - INFO - 数据写入InfluxDB成功
2026-03-25 23:02:54,529 - INFO - 等待 56 秒到下一个采集时间点（每分钟第50秒）...
2026-03-25 23:03:50,685 - INFO - 温度传感器数据: {'temperature': 22.2, 'humidity': 36.0, 'pressure': 1010.1}
2026-03-25 23:03:51,865 - INFO - 雨量传感器数据: {'instantaneous_rainfall': 0.0, 'current_hour_rainfall': 1.5, 'previous_hour_rainfall': 2.4}
2026-03-25 23:03:53,061 - INFO - 风向传感器数据: {'wind_direction': '东南', 'wind_angle': 160.0}
2026-03-25 23:03:54,225 - INFO - 风速传感器数据: {'wind_speed': 0.0, 'wind_level': 0}
2026-03-25 23:03:54,236 - INFO - 数据写入InfluxDB成功
2026-03-25 23:03:54,236 - INFO - 等待 56 秒到下一个采集时间点（每分钟第50秒）...
2026-03-25 23:04:50,383 - INFO - 温度传感器数据: {'temperature': 22.1, 'humidity': 36.0, 'pressure': 1010.1}
2026-03-25 23:04:51,565 - INFO - 雨量传感器数据: {'instantaneous_rainfall': 0.0, 'current_hour_rainfall': 1.5, 'previous_hour_rainfall': 2.4}
2026-03-25 23:04:52,745 - INFO - 风向传感器数据: {'wind_direction': '东南', 'wind_angle': 159.7}
2026-03-25 23:04:53,902 - INFO - 风速传感器数据: {'wind_speed': 0.0, 'wind_level': 0}
2026-03-25 23:04:53,906 - INFO - 数据写入InfluxDB成功
2026-03-25 23:04:53,906 - INFO - 等待 57 秒到下一个采集时间点（每分钟第50秒）...
2026-03-25 23:05:51,057 - INFO - 温度传感器数据: {'temperature': 22.1, 'humidity': 35.7, 'pressure': 1010.1}
2026-03-25 23:05:52,263 - INFO - 雨量传感器数据: {'instantaneous_rainfall': 0.0, 'current_hour_rainfall': 1.5, 'previous_hour_rainfall': 2.4}
2026-03-25 23:05:53,451 - INFO - 风向传感器数据: {'wind_direction': '东南', 'wind_angle': 159.9}
2026-03-25 23:05:54,594 - INFO - 风速传感器数据: {'wind_speed': 0.0, 'wind_level': 0}
2026-03-25 23:05:54,597 - INFO - 数据写入InfluxDB成功
2026-03-25 23:05:54,597 - INFO - 等待 56 秒到下一个采集时间点（每分钟第50秒）...
2026-03-25 23:06:50,754 - INFO - 温度传感器数据: {'temperature': 22.1, 'humidity': 35.8, 'pressure': 1010.1}
2026-03-25 23:06:51,945 - INFO - 雨量传感器数据: {'instantaneous_rainfall': 0.0, 'current_hour_rainfall': 1.5, 'previous_hour_rainfall': 2.4}
2026-03-25 23:06:53,133 - INFO - 风向传感器数据: {'wind_direction': '东南', 'wind_angle': 160.1}
2026-03-25 23:06:54,279 - INFO - 风速传感器数据: {'wind_speed': 0.0, 'wind_level': 0}
2026-03-25 23:06:54,282 - INFO - 数据写入InfluxDB成功
2026-03-25 23:06:54,282 - INFO - 等待 56 秒到下一个采集时间点（每分钟第50秒）...
2026-03-25 23:07:50,436 - INFO - 温度传感器数据: {'temperature': 22.1, 'humidity': 36.0, 'pressure': 1010.1}
2026-03-25 23:07:51,635 - INFO - 雨量传感器数据: {'instantaneous_rainfall': 0.0, 'current_hour_rainfall': 1.5, 'previous_hour_rainfall': 2.4}
2026-03-25 23:07:52,826 - INFO - 风向传感器数据: {'wind_direction': '东南', 'wind_angle': 160.0}
2026-03-25 23:07:53,992 - INFO - 风速传感器数据: {'wind_speed': 0.0, 'wind_level': 0}
2026-03-25 23:07:53,995 - INFO - 数据写入InfluxDB成功
2026-03-25 23:07:53,995 - INFO - 等待 57 秒到下一个采集时间点（每分钟第50秒）...
2026-03-25 23:08:51,141 - INFO - 温度传感器数据: {'temperature': 22.0, 'humidity': 36.2, 'pressure': 1010.1}
2026-03-25 23:08:52,348 - INFO - 雨量传感器数据: {'instantaneous_rainfall': 0.0, 'current_hour_rainfall': 1.5, 'previous_hour_rainfall': 2.4}
2026-03-25 23:08:53,525 - INFO - 风向传感器数据: {'wind_direction': '东南', 'wind_angle': 159.8}
2026-03-25 23:08:54,675 - INFO - 风速传感器数据: {'wind_speed': 0.0, 'wind_level': 0}
2026-03-25 23:08:54,679 - INFO - 数据写入InfluxDB成功
2026-03-25 23:08:54,680 - INFO - 等待 56 秒到下一个采集时间点（每分钟第50秒）...
2026-03-25 23:09:50,825 - INFO - 温度传感器数据: {'temperature': 22.0, 'humidity': 36.2, 'pressure': 1010.0}
2026-03-25 23:09:52,025 - INFO - 雨量传感器数据: {'instantaneous_rainfall': 0.0, 'current_hour_rainfall': 1.5, 'previous_hour_rainfall': 2.4}
2026-03-25 23:09:53,206 - INFO - 风向传感器数据: {'wind_direction': '东南', 'wind_angle': 159.8}
2026-03-25 23:09:54,345 - INFO - 风速传感器数据: {'wind_speed': 0.0, 'wind_level': 0}
2026-03-25 23:09:54,348 - INFO - 数据写入InfluxDB成功
2026-03-25 23:09:54,348 - INFO - 等待 56 秒到下一个采集时间点（每分钟第50秒）...
2026-03-25 23:10:50,492 - INFO - 温度传感器数据: {'temperature': 22.0, 'humidity': 36.2, 'pressure': 1010.1}
2026-03-25 23:10:51,668 - INFO - 雨量传感器数据: {'instantaneous_rainfall': 0.1, 'current_hour_rainfall': 1.6, 'previous_hour_rainfall': 2.4}
2026-03-25 23:10:52,854 - INFO - 风向传感器数据: {'wind_direction': '东南', 'wind_angle': 160.2}
2026-03-25 23:10:54,004 - INFO - 风速传感器数据: {'wind_speed': 0.0, 'wind_level': 0}
2026-03-25 23:10:54,008 - INFO - 数据写入InfluxDB成功
2026-03-25 23:10:54,008 - INFO - 等待 56 秒到下一个采集时间点（每分钟第50秒）...
2026-03-25 23:11:50,168 - INFO - 温度传感器数据: {'temperature': 22.0, 'humidity': 36.2, 'pressure': 1010.1}
2026-03-25 23:11:51,349 - INFO - 雨量传感器数据: {'instantaneous_rainfall': 0.0, 'current_hour_rainfall': 1.6, 'previous_hour_rainfall': 2.4}
2026-03-25 23:11:52,530 - INFO - 风向传感器数据: {'wind_direction': '东南', 'wind_angle': 160.1}
2026-03-25 23:11:53,679 - INFO - 风速传感器数据: {'wind_speed': 0.0, 'wind_level': 0}
2026-03-25 23:11:53,684 - INFO - 数据写入InfluxDB成功
2026-03-25 23:11:53,684 - INFO - 等待 57 秒到下一个采集时间点（每分钟第50秒）...
2026-03-25 23:12:50,828 - INFO - 温度传感器数据: {'temperature': 22.0, 'humidity': 36.4, 'pressure': 1010.0}
2026-03-25 23:12:52,028 - INFO - 雨量传感器数据: {'instantaneous_rainfall': 0.0, 'current_hour_rainfall': 1.6, 'previous_hour_rainfall': 2.4}
2026-03-25 23:12:53,212 - INFO - 风向传感器数据: {'wind_direction': '东南', 'wind_angle': 160.2}
2026-03-25 23:12:54,386 - INFO - 风速传感器数据: {'wind_speed': 0.0, 'wind_level': 0}
2026-03-25 23:12:54,392 - INFO - 数据写入InfluxDB成功
2026-03-25 23:12:54,392 - INFO - 等待 56 秒到下一个采集时间点（每分钟第50秒）...
2026-03-25 23:13:50,557 - INFO - 温度传感器数据: {'temperature': 21.9, 'humidity': 36.3, 'pressure': 1010.1}
2026-03-25 23:13:51,764 - INFO - 雨量传感器数据: {'instantaneous_rainfall': 0.0, 'current_hour_rainfall': 1.6, 'previous_hour_rainfall': 2.4}
2026-03-25 23:13:52,954 - INFO - 风向传感器数据: {'wind_direction': '东南', 'wind_angle': 159.8}
2026-03-25 23:13:54,108 - INFO - 风速传感器数据: {'wind_speed': 0.0, 'wind_level': 0}
2026-03-25 23:13:54,112 - INFO - 数据写入InfluxDB成功
2026-03-25 23:13:54,113 - INFO - 等待 56 秒到下一个采集时间点（每分钟第50秒）...
2026-03-25 23:14:50,274 - INFO - 温度传感器数据: {'temperature': 21.9, 'humidity': 36.4, 'pressure': 1010.1}
2026-03-25 23:14:51,470 - INFO - 雨量传感器数据: {'instantaneous_rainfall': 0.0, 'current_hour_rainfall': 1.6, 'previous_hour_rainfall': 2.4}
2026-03-25 23:14:52,649 - INFO - 风向传感器数据: {'wind_direction': '东南', 'wind_angle': 159.9}
2026-03-25 23:14:53,809 - INFO - 风速传感器数据: {'wind_speed': 0.0, 'wind_level': 0}
2026-03-25 23:14:53,813 - INFO - 数据写入InfluxDB成功
2026-03-25 23:14:53,813 - INFO - 等待 57 秒到下一个采集时间点（每分钟第50秒）...
2026-03-25 23:15:50,959 - INFO - 温度传感器数据: {'temperature': 21.9, 'humidity': 36.4, 'pressure': 1010.1}
2026-03-25 23:15:52,142 - INFO - 雨量传感器数据: {'instantaneous_rainfall': 0.0, 'current_hour_rainfall': 1.6, 'previous_hour_rainfall': 2.4}
2026-03-25 23:15:53,323 - INFO - 风向传感器数据: {'wind_direction': '东南', 'wind_angle': 160.2}
2026-03-25 23:15:54,474 - INFO - 风速传感器数据: {'wind_speed': 0.0, 'wind_level': 0}
2026-03-25 23:15:54,480 - INFO - 数据写入InfluxDB成功
2026-03-25 23:15:54,480 - INFO - 等待 56 秒到下一个采集时间点（每分钟第50秒）...
2026-03-25 23:16:50,627 - INFO - 温度传感器数据: {'temperature': 21.9, 'humidity': 36.4, 'pressure': 1010.1}
2026-03-25 23:16:51,826 - INFO - 雨量传感器数据: {'instantaneous_rainfall': 0.0, 'current_hour_rainfall': 1.6, 'previous_hour_rainfall': 2.4}
2026-03-25 23:16:53,005 - INFO - 风向传感器数据: {'wind_direction': '东南', 'wind_angle': 160.1}
2026-03-25 23:16:54,152 - INFO - 风速传感器数据: {'wind_speed': 0.0, 'wind_level': 0}
2026-03-25 23:16:54,154 - INFO - 数据写入InfluxDB成功
2026-03-25 23:16:54,155 - INFO - 等待 56 秒到下一个采集时间点（每分钟第50秒）...
2026-03-25 23:17:50,304 - INFO - 温度传感器数据: {'temperature': 21.9, 'humidity': 36.6, 'pressure': 1010.1}
2026-03-25 23:17:51,508 - INFO - 雨量传感器数据: {'instantaneous_rainfall': 0.0, 'current_hour_rainfall': 1.6, 'previous_hour_rainfall': 2.4}
2026-03-25 23:17:52,696 - INFO - 风向传感器数据: {'wind_direction': '东南', 'wind_angle': 159.8}
2026-03-25 23:17:53,848 - INFO - 风速传感器数据: {'wind_speed': 0.0, 'wind_level': 0}
2026-03-25 23:17:53,853 - INFO - 数据写入InfluxDB成功
2026-03-25 23:17:53,853 - INFO - 等待 57 秒到下一个采集时间点（每分钟第50秒）...
2026-03-25 23:18:51,007 - INFO - 温度传感器数据: {'temperature': 21.9, 'humidity': 36.7, 'pressure': 1010.1}
2026-03-25 23:18:52,193 - INFO - 雨量传感器数据: {'instantaneous_rainfall': 0.0, 'current_hour_rainfall': 1.6, 'previous_hour_rainfall': 2.4}
2026-03-25 23:18:53,369 - INFO - 风向传感器数据: {'wind_direction': '东南', 'wind_angle': 160.0}
2026-03-25 23:18:54,525 - INFO - 风速传感器数据: {'wind_speed': 0.0, 'wind_level': 0}
2026-03-25 23:18:54,527 - INFO - 数据写入InfluxDB成功
2026-03-25 23:18:54,527 - INFO - 等待 56 秒到下一个采集时间点（每分钟第50秒）...
2026-03-25 23:19:50,663 - INFO - 温度传感器数据: {'temperature': 21.9, 'humidity': 36.7, 'pressure': 1010.1}
2026-03-25 23:19:51,844 - INFO - 雨量传感器数据: {'instantaneous_rainfall': 0.0, 'current_hour_rainfall': 1.6, 'previous_hour_rainfall': 2.4}
2026-03-25 23:19:53,027 - INFO - 风向传感器数据: {'wind_direction': '东南', 'wind_angle': 160.1}
2026-03-25 23:19:54,181 - INFO - 风速传感器数据: {'wind_speed': 0.0, 'wind_level': 0}
2026-03-25 23:19:54,184 - INFO - 数据写入InfluxDB成功
2026-03-25 23:19:54,185 - INFO - 等待 56 秒到下一个采集时间点（每分钟第50秒）...
2026-03-25 23:20:50,343 - INFO - 温度传感器数据: {'temperature': 21.9, 'humidity': 36.8, 'pressure': 1010.1}
2026-03-25 23:20:51,516 - INFO - 雨量传感器数据: {'instantaneous_rainfall': 0.0, 'current_hour_rainfall': 1.6, 'previous_hour_rainfall': 2.4}
2026-03-25 23:20:52,700 - INFO - 风向传感器数据: {'wind_direction': '东南', 'wind_angle': 160.4}
2026-03-25 23:20:53,859 - INFO - 风速传感器数据: {'wind_speed': 0.0, 'wind_level': 0}
2026-03-25 23:20:53,864 - INFO - 数据写入InfluxDB成功
2026-03-25 23:20:53,864 - INFO - 等待 57 秒到下一个采集时间点（每分钟第50秒）...
2026-03-25 23:21:51,019 - INFO - 温度传感器数据: {'temperature': 21.9, 'humidity': 36.9, 'pressure': 1010.1}
2026-03-25 23:21:52,215 - INFO - 雨量传感器数据: {'instantaneous_rainfall': 0.0, 'current_hour_rainfall': 1.6, 'previous_hour_rainfall': 2.4}
2026-03-25 23:21:53,386 - INFO - 风向传感器数据: {'wind_direction': '东南', 'wind_angle': 160.3}
2026-03-25 23:21:54,548 - INFO - 风速传感器数据: {'wind_speed': 0.0, 'wind_level': 0}
2026-03-25 23:21:54,553 - INFO - 数据写入InfluxDB成功
2026-03-25 23:21:54,553 - INFO - 等待 56 秒到下一个采集时间点（每分钟第50秒）...
2026-03-25 23:22:50,707 - INFO - 温度传感器数据: {'temperature': 21.9, 'humidity': 36.9, 'pressure': 1010.0}
2026-03-25 23:22:51,890 - INFO - 雨量传感器数据: {'instantaneous_rainfall': 0.0, 'current_hour_rainfall': 1.6, 'previous_hour_rainfall': 2.4}
2026-03-25 23:22:53,072 - INFO - 风向传感器数据: {'wind_direction': '东南', 'wind_angle': 159.6}
2026-03-25 23:22:54,221 - INFO - 风速传感器数据: {'wind_speed': 0.0, 'wind_level': 0}
2026-03-25 23:22:54,224 - INFO - 数据写入InfluxDB成功
2026-03-25 23:22:54,224 - INFO - 等待 56 秒到下一个采集时间点（每分钟第50秒）...
2026-03-25 23:23:50,382 - INFO - 温度传感器数据: {'temperature': 21.8, 'humidity': 36.9, 'pressure': 1010.0}
2026-03-25 23:23:51,567 - INFO - 雨量传感器数据: {'instantaneous_rainfall': 0.0, 'current_hour_rainfall': 1.6, 'previous_hour_rainfall': 2.4}
2026-03-25 23:23:52,754 - INFO - 风向传感器数据: {'wind_direction': '东南', 'wind_angle': 159.8}
2026-03-25 23:23:53,910 - INFO - 风速传感器数据: {'wind_speed': 0.0, 'wind_level': 0}
2026-03-25 23:23:53,914 - INFO - 数据写入InfluxDB成功
2026-03-25 23:23:53,914 - INFO - 等待 57 秒到下一个采集时间点（每分钟第50秒）...
2026-03-25 23:24:51,066 - INFO - 温度传感器数据: {'temperature': 21.8, 'humidity': 36.9, 'pressure': 1010.0}
2026-03-25 23:24:52,253 - INFO - 雨量传感器数据: {'instantaneous_rainfall': 0.0, 'current_hour_rainfall': 1.6, 'previous_hour_rainfall': 2.4}
2026-03-25 23:24:53,426 - INFO - 风向传感器数据: {'wind_direction': '东南', 'wind_angle': 159.9}
2026-03-25 23:24:54,586 - INFO - 风速传感器数据: {'wind_speed': 0.0, 'wind_level': 0}
2026-03-25 23:24:54,590 - INFO - 数据写入InfluxDB成功
2026-03-25 23:24:54,590 - INFO - 等待 56 秒到下一个采集时间点（每分钟第50秒）...
2026-03-25 23:25:50,741 - INFO - 温度传感器数据: {'temperature': 21.8, 'humidity': 37.0, 'pressure': 1010.0}
2026-03-25 23:25:51,920 - INFO - 雨量传感器数据: {'instantaneous_rainfall': 0.0, 'current_hour_rainfall': 1.6, 'previous_hour_rainfall': 2.4}
2026-03-25 23:25:53,110 - INFO - 风向传感器数据: {'wind_direction': '东南', 'wind_angle': 159.6}
2026-03-25 23:25:54,271 - INFO - 风速传感器数据: {'wind_speed': 0.0, 'wind_level': 0}
2026-03-25 23:25:54,275 - INFO - 数据写入InfluxDB成功
2026-03-25 23:25:54,276 - INFO - 等待 56 秒到下一个采集时间点（每分钟第50秒）...
2026-03-25 23:26:50,432 - INFO - 温度传感器数据: {'temperature': 21.8, 'humidity': 37.1, 'pressure': 1009.9}
2026-03-25 23:26:51,624 - INFO - 雨量传感器数据: {'instantaneous_rainfall': 0.0, 'current_hour_rainfall': 1.6, 'previous_hour_rainfall': 2.4}
2026-03-25 23:26:52,805 - INFO - 风向传感器数据: {'wind_direction': '东南', 'wind_angle': 159.5}
2026-03-25 23:26:53,961 - INFO - 风速传感器数据: {'wind_speed': 0.0, 'wind_level': 0}
2026-03-25 23:26:53,965 - INFO - 数据写入InfluxDB成功
2026-03-25 23:26:53,965 - INFO - 等待 57 秒到下一个采集时间点（每分钟第50秒）...
2026-03-25 23:27:51,110 - INFO - 温度传感器数据: {'temperature': 21.8, 'humidity': 36.8, 'pressure': 1009.9}
2026-03-25 23:27:52,298 - INFO - 雨量传感器数据: {'instantaneous_rainfall': 0.0, 'current_hour_rainfall': 1.6, 'previous_hour_rainfall': 2.4}
2026-03-25 23:27:53,486 - INFO - 风向传感器数据: {'wind_direction': '东南', 'wind_angle': 159.8}
2026-03-25 23:27:54,641 - INFO - 风速传感器数据: {'wind_speed': 0.0, 'wind_level': 0}
2026-03-25 23:27:54,647 - INFO - 数据写入InfluxDB成功
2026-03-25 23:27:54,647 - INFO - 等待 56 秒到下一个采集时间点（每分钟第50秒）...
2026-03-25 23:28:50,783 - INFO - 温度传感器数据: {'temperature': 21.8, 'humidity': 36.8, 'pressure': 1009.9}
2026-03-25 23:28:51,975 - INFO - 雨量传感器数据: {'instantaneous_rainfall': 0.0, 'current_hour_rainfall': 1.6, 'previous_hour_rainfall': 2.4}
2026-03-25 23:28:53,154 - INFO - 风向传感器数据: {'wind_direction': '东南', 'wind_angle': 159.7}
2026-03-25 23:28:54,310 - INFO - 风速传感器数据: {'wind_speed': 0.0, 'wind_level': 0}
2026-03-25 23:28:54,312 - INFO - 数据写入InfluxDB成功
2026-03-25 23:28:54,313 - INFO - 等待 56 秒到下一个采集时间点（每分钟第50秒）...
2026-03-25 23:29:50,462 - INFO - 温度传感器数据: {'temperature': 21.8, 'humidity': 36.9, 'pressure': 1009.9}
2026-03-25 23:29:51,644 - INFO - 雨量传感器数据: {'instantaneous_rainfall': 0.0, 'current_hour_rainfall': 1.6, 'previous_hour_rainfall': 2.4}
2026-03-25 23:29:52,810 - INFO - 风向传感器数据: {'wind_direction': '东南', 'wind_angle': 160.9}
2026-03-25 23:29:53,970 - INFO - 风速传感器数据: {'wind_speed': 0.0, 'wind_level': 0}
2026-03-25 23:29:53,974 - INFO - 数据写入InfluxDB成功
2026-03-25 23:29:53,974 - INFO - 等待 57 秒到下一个采集时间点（每分钟第50秒）...
2026-03-25 23:30:51,134 - INFO - 温度传感器数据: {'temperature': 21.8, 'humidity': 37.0, 'pressure': 1009.9}
2026-03-25 23:30:52,321 - INFO - 雨量传感器数据: {'instantaneous_rainfall': 0.0, 'current_hour_rainfall': 1.6, 'previous_hour_rainfall': 2.4}
2026-03-25 23:30:53,510 - INFO - 风向传感器数据: {'wind_direction': '东南', 'wind_angle': 160.5}
2026-03-25 23:30:54,666 - INFO - 风速传感器数据: {'wind_speed': 0.0, 'wind_level': 0}
2026-03-25 23:30:54,672 - INFO - 数据写入InfluxDB成功
2026-03-25 23:30:54,672 - INFO - 等待 56 秒到下一个采集时间点（每分钟第50秒）...
2026-03-25 23:31:50,812 - INFO - 温度传感器数据: {'temperature': 21.8, 'humidity': 37.0, 'pressure': 1009.9}
2026-03-25 23:31:51,994 - INFO - 雨量传感器数据: {'instantaneous_rainfall': 0.0, 'current_hour_rainfall': 1.6, 'previous_hour_rainfall': 2.4}
2026-03-25 23:31:53,173 - INFO - 风向传感器数据: {'wind_direction': '东南', 'wind_angle': 160.6}
2026-03-25 23:31:54,331 - INFO - 风速传感器数据: {'wind_speed': 0.0, 'wind_level': 0}
2026-03-25 23:31:54,334 - INFO - 数据写入InfluxDB成功
2026-03-25 23:31:54,335 - INFO - 等待 56 秒到下一个采集时间点（每分钟第50秒）...
2026-03-25 23:32:50,494 - INFO - 温度传感器数据: {'temperature': 21.8, 'humidity': 37.0, 'pressure': 1009.9}
2026-03-25 23:32:51,705 - INFO - 雨量传感器数据: {'instantaneous_rainfall': 0.0, 'current_hour_rainfall': 1.6, 'previous_hour_rainfall': 2.4}
2026-03-25 23:32:52,892 - INFO - 风向传感器数据: {'wind_direction': '东南', 'wind_angle': 159.8}
2026-03-25 23:32:54,055 - INFO - 风速传感器数据: {'wind_speed': 0.0, 'wind_level': 0}
2026-03-25 23:32:54,058 - INFO - 数据写入InfluxDB成功
2026-03-25 23:32:54,058 - INFO - 等待 56 秒到下一个采集时间点（每分钟第50秒）...
2026-03-25 23:33:50,202 - INFO - 温度传感器数据: {'temperature': 21.7, 'humidity': 36.9, 'pressure': 1009.9}
2026-03-25 23:33:51,397 - INFO - 雨量传感器数据: {'instantaneous_rainfall': 0.0, 'current_hour_rainfall': 1.6, 'previous_hour_rainfall': 2.4}
2026-03-25 23:33:52,578 - INFO - 风向传感器数据: {'wind_direction': '东南', 'wind_angle': 159.7}
2026-03-25 23:33:53,735 - INFO - 风速传感器数据: {'wind_speed': 0.0, 'wind_level': 0}
2026-03-25 23:33:53,740 - INFO - 数据写入InfluxDB成功
2026-03-25 23:33:53,740 - INFO - 等待 57 秒到下一个采集时间点（每分钟第50秒）...
2026-03-25 23:34:50,909 - INFO - 温度传感器数据: {'temperature': 21.7, 'humidity': 36.9, 'pressure': 1010.0}
2026-03-25 23:34:52,108 - INFO - 雨量传感器数据: {'instantaneous_rainfall': 0.0, 'current_hour_rainfall': 1.6, 'previous_hour_rainfall': 2.4}
2026-03-25 23:34:53,283 - INFO - 风向传感器数据: {'wind_direction': '东南', 'wind_angle': 160.0}
2026-03-25 23:34:54,446 - INFO - 风速传感器数据: {'wind_speed': 0.0, 'wind_level': 0}
2026-03-25 23:34:54,451 - INFO - 数据写入InfluxDB成功
2026-03-25 23:34:54,452 - INFO - 等待 56 秒到下一个采集时间点（每分钟第50秒）...
2026-03-25 23:35:50,621 - INFO - 温度传感器数据: {'temperature': 21.7, 'humidity': 36.8, 'pressure': 1009.9}
2026-03-25 23:35:51,795 - INFO - 雨量传感器数据: {'instantaneous_rainfall': 0.0, 'current_hour_rainfall': 1.6, 'previous_hour_rainfall': 2.4}
2026-03-25 23:35:52,985 - INFO - 风向传感器数据: {'wind_direction': '东南', 'wind_angle': 159.6}
2026-03-25 23:35:54,151 - INFO - 风速传感器数据: {'wind_speed': 0.0, 'wind_level': 0}
2026-03-25 23:35:54,155 - INFO - 数据写入InfluxDB成功
2026-03-25 23:35:54,156 - INFO - 等待 56 秒到下一个采集时间点（每分钟第50秒）...
2026-03-25 23:36:50,308 - INFO - 温度传感器数据: {'temperature': 21.7, 'humidity': 36.8, 'pressure': 1009.9}
2026-03-25 23:36:51,513 - INFO - 雨量传感器数据: {'instantaneous_rainfall': 0.0, 'current_hour_rainfall': 1.6, 'previous_hour_rainfall': 2.4}
2026-03-25 23:36:52,704 - INFO - 风向传感器数据: {'wind_direction': '东南', 'wind_angle': 160.0}
2026-03-25 23:36:53,855 - INFO - 风速传感器数据: {'wind_speed': 0.0, 'wind_level': 0}
2026-03-25 23:36:53,860 - INFO - 数据写入InfluxDB成功
2026-03-25 23:36:53,860 - INFO - 等待 57 秒到下一个采集时间点（每分钟第50秒）...
2026-03-25 23:37:51,011 - INFO - 温度传感器数据: {'temperature': 21.7, 'humidity': 36.8, 'pressure': 1009.9}
2026-03-25 23:37:52,215 - INFO - 雨量传感器数据: {'instantaneous_rainfall': 0.0, 'current_hour_rainfall': 1.6, 'previous_hour_rainfall': 2.4}
2026-03-25 23:37:53,397 - INFO - 风向传感器数据: {'wind_direction': '东南', 'wind_angle': 159.5}
2026-03-25 23:37:54,553 - INFO - 风速传感器数据: {'wind_speed': 0.0, 'wind_level': 0}
2026-03-25 23:37:54,558 - INFO - 数据写入InfluxDB成功
2026-03-25 23:37:54,558 - INFO - 等待 56 秒到下一个采集时间点（每分钟第50秒）...
2026-03-25 23:38:50,714 - INFO - 温度传感器数据: {'temperature': 21.7, 'humidity': 36.7, 'pressure': 1009.9}
2026-03-25 23:38:51,900 - INFO - 雨量传感器数据: {'instantaneous_rainfall': 0.0, 'current_hour_rainfall': 1.6, 'previous_hour_rainfall': 2.4}
2026-03-25 23:38:53,083 - INFO - 风向传感器数据: {'wind_direction': '东南', 'wind_angle': 159.4}
2026-03-25 23:38:54,241 - INFO - 风速传感器数据: {'wind_speed': 0.0, 'wind_level': 0}
2026-03-25 23:38:54,245 - INFO - 数据写入InfluxDB成功
2026-03-25 23:38:54,245 - INFO - 等待 56 秒到下一个采集时间点（每分钟第50秒）...
2026-03-25 23:39:50,395 - INFO - 温度传感器数据: {'temperature': 21.7, 'humidity': 36.7, 'pressure': 1009.9}
2026-03-25 23:39:51,576 - INFO - 雨量传感器数据: {'instantaneous_rainfall': 0.0, 'current_hour_rainfall': 1.6, 'previous_hour_rainfall': 2.4}
2026-03-25 23:39:52,764 - INFO - 风向传感器数据: {'wind_direction': '东南', 'wind_angle': 159.6}
2026-03-25 23:39:53,909 - INFO - 风速传感器数据: {'wind_speed': 0.0, 'wind_level': 0}
2026-03-25 23:39:53,912 - INFO - 数据写入InfluxDB成功
2026-03-25 23:39:53,912 - INFO - 等待 57 秒到下一个采集时间点（每分钟第50秒）...
2026-03-25 23:40:51,064 - INFO - 温度传感器数据: {'temperature': 21.7, 'humidity': 36.7, 'pressure': 1009.9}
2026-03-25 23:40:52,260 - INFO - 雨量传感器数据: {'instantaneous_rainfall': 0.0, 'current_hour_rainfall': 1.6, 'previous_hour_rainfall': 2.4}
2026-03-25 23:40:53,448 - INFO - 风向传感器数据: {'wind_direction': '东南', 'wind_angle': 159.5}
2026-03-25 23:40:54,613 - INFO - 风速传感器数据: {'wind_speed': 0.0, 'wind_level': 0}
2026-03-25 23:40:54,619 - INFO - 数据写入InfluxDB成功
2026-03-25 23:40:54,619 - INFO - 等待 56 秒到下一个采集时间点（每分钟第50秒）...
2026-03-25 23:41:50,778 - INFO - 温度传感器数据: {'temperature': 21.7, 'humidity': 36.8, 'pressure': 1009.9}
2026-03-25 23:41:51,967 - INFO - 雨量传感器数据: {'instantaneous_rainfall': 0.0, 'current_hour_rainfall': 1.6, 'previous_hour_rainfall': 2.4}
2026-03-25 23:41:53,157 - INFO - 风向传感器数据: {'wind_direction': '东南', 'wind_angle': 159.6}
2026-03-25 23:41:54,320 - INFO - 风速传感器数据: {'wind_speed': 0.0, 'wind_level': 0}
2026-03-25 23:41:54,325 - INFO - 数据写入InfluxDB成功
2026-03-25 23:41:54,326 - INFO - 等待 56 秒到下一个采集时间点（每分钟第50秒）...
2026-03-25 23:42:50,489 - INFO - 温度传感器数据: {'temperature': 21.6, 'humidity': 36.9, 'pressure': 1009.8}
2026-03-25 23:42:51,667 - INFO - 雨量传感器数据: {'instantaneous_rainfall': 0.0, 'current_hour_rainfall': 1.6, 'previous_hour_rainfall': 2.4}
2026-03-25 23:42:52,848 - INFO - 风向传感器数据: {'wind_direction': '东南', 'wind_angle': 159.7}
2026-03-25 23:42:54,000 - INFO - 风速传感器数据: {'wind_speed': 0.0, 'wind_level': 0}
2026-03-25 23:42:54,005 - INFO - 数据写入InfluxDB成功
2026-03-25 23:42:54,005 - INFO - 等待 56 秒到下一个采集时间点（每分钟第50秒）...
2026-03-25 23:43:50,151 - INFO - 温度传感器数据: {'temperature': 21.6, 'humidity': 37.1, 'pressure': 1009.8}
2026-03-25 23:43:51,349 - INFO - 雨量传感器数据: {'instantaneous_rainfall': 0.0, 'current_hour_rainfall': 1.6, 'previous_hour_rainfall': 2.4}
2026-03-25 23:43:52,532 - INFO - 风向传感器数据: {'wind_direction': '东南', 'wind_angle': 159.8}
2026-03-25 23:43:53,689 - INFO - 风速传感器数据: {'wind_speed': 0.0, 'wind_level': 0}
2026-03-25 23:43:53,695 - INFO - 数据写入InfluxDB成功
2026-03-25 23:43:53,695 - INFO - 等待 57 秒到下一个采集时间点（每分钟第50秒）...
2026-03-25 23:44:50,841 - INFO - 温度传感器数据: {'temperature': 21.6, 'humidity': 37.7, 'pressure': 1009.8}
2026-03-25 23:44:52,021 - INFO - 雨量传感器数据: {'instantaneous_rainfall': 0.0, 'current_hour_rainfall': 1.6, 'previous_hour_rainfall': 2.4}
2026-03-25 23:44:53,202 - INFO - 风向传感器数据: {'wind_direction': '东南', 'wind_angle': 159.6}
2026-03-25 23:44:54,351 - INFO - 风速传感器数据: {'wind_speed': 0.0, 'wind_level': 0}
2026-03-25 23:44:54,354 - INFO - 数据写入InfluxDB成功
2026-03-25 23:44:54,354 - INFO - 等待 56 秒到下一个采集时间点（每分钟第50秒）...
2026-03-25 23:45:50,507 - INFO - 温度传感器数据: {'temperature': 21.6, 'humidity': 38.2, 'pressure': 1009.8}
2026-03-25 23:45:51,699 - INFO - 雨量传感器数据: {'instantaneous_rainfall': 0.0, 'current_hour_rainfall': 1.6, 'previous_hour_rainfall': 2.4}
2026-03-25 23:45:52,881 - INFO - 风向传感器数据: {'wind_direction': '东南', 'wind_angle': 159.7}
2026-03-25 23:45:54,029 - INFO - 风速传感器数据: {'wind_speed': 0.0, 'wind_level': 0}
2026-03-25 23:45:54,031 - INFO - 数据写入InfluxDB成功
2026-03-25 23:45:54,032 - INFO - 等待 56 秒到下一个采集时间点（每分钟第50秒）...
2026-03-25 23:46:50,177 - INFO - 温度传感器数据: {'temperature': 21.6, 'humidity': 38.4, 'pressure': 1009.8}
2026-03-25 23:46:51,365 - INFO - 雨量传感器数据: {'instantaneous_rainfall': 0.0, 'current_hour_rainfall': 1.6, 'previous_hour_rainfall': 2.4}
2026-03-25 23:46:52,550 - INFO - 风向传感器数据: {'wind_direction': '东南', 'wind_angle': 160.2}
2026-03-25 23:46:53,709 - INFO - 风速传感器数据: {'wind_speed': 0.0, 'wind_level': 0}
2026-03-25 23:46:53,714 - INFO - 数据写入InfluxDB成功
2026-03-25 23:46:53,714 - INFO - 等待 57 秒到下一个采集时间点（每分钟第50秒）...
2026-03-25 23:47:50,862 - INFO - 温度传感器数据: {'temperature': 21.6, 'humidity': 38.9, 'pressure': 1009.8}
2026-03-25 23:47:52,044 - INFO - 雨量传感器数据: {'instantaneous_rainfall': 0.0, 'current_hour_rainfall': 1.6, 'previous_hour_rainfall': 2.4}
2026-03-25 23:47:53,236 - INFO - 风向传感器数据: {'wind_direction': '东南', 'wind_angle': 159.8}
2026-03-25 23:47:54,387 - INFO - 风速传感器数据: {'wind_speed': 0.0, 'wind_level': 0}
2026-03-25 23:47:54,392 - INFO - 数据写入InfluxDB成功
2026-03-25 23:47:54,392 - INFO - 等待 56 秒到下一个采集时间点（每分钟第50秒）...
2026-03-25 23:48:50,558 - INFO - 温度传感器数据: {'temperature': 21.7, 'humidity': 39.3, 'pressure': 1009.8}
2026-03-25 23:48:51,743 - INFO - 雨量传感器数据: {'instantaneous_rainfall': 0.0, 'current_hour_rainfall': 1.6, 'previous_hour_rainfall': 2.4}
2026-03-25 23:48:52,932 - INFO - 风向传感器数据: {'wind_direction': '东南', 'wind_angle': 159.5}
2026-03-25 23:48:54,086 - INFO - 风速传感器数据: {'wind_speed': 0.0, 'wind_level': 0}
2026-03-25 23:48:54,089 - INFO - 数据写入InfluxDB成功
2026-03-25 23:48:54,090 - INFO - 等待 56 秒到下一个采集时间点（每分钟第50秒）...
2026-03-25 23:49:50,243 - INFO - 温度传感器数据: {'temperature': 21.7, 'humidity': 39.6, 'pressure': 1009.8}
2026-03-25 23:49:51,433 - INFO - 雨量传感器数据: {'instantaneous_rainfall': 0.0, 'current_hour_rainfall': 1.6, 'previous_hour_rainfall': 2.4}
2026-03-25 23:49:52,614 - INFO - 风向传感器数据: {'wind_direction': '东南', 'wind_angle': 160.9}
2026-03-25 23:49:53,783 - INFO - 风速传感器数据: {'wind_speed': 0.0, 'wind_level': 0}
2026-03-25 23:49:53,789 - INFO - 数据写入InfluxDB成功
2026-03-25 23:49:53,789 - INFO - 等待 57 秒到下一个采集时间点（每分钟第50秒）...
2026-03-25 23:50:50,930 - INFO - 温度传感器数据: {'temperature': 21.7, 'humidity': 39.8, 'pressure': 1009.8}
2026-03-25 23:50:52,120 - INFO - 雨量传感器数据: {'instantaneous_rainfall': 0.0, 'current_hour_rainfall': 1.6, 'previous_hour_rainfall': 2.4}
2026-03-25 23:50:53,312 - INFO - 风向传感器数据: {'wind_direction': '东南', 'wind_angle': 159.7}
2026-03-25 23:50:54,467 - INFO - 风速传感器数据: {'wind_speed': 0.0, 'wind_level': 0}
2026-03-25 23:50:54,471 - INFO - 数据写入InfluxDB成功
2026-03-25 23:50:54,471 - INFO - 等待 56 秒到下一个采集时间点（每分钟第50秒）...
2026-03-25 23:51:50,613 - INFO - 温度传感器数据: {'temperature': 21.6, 'humidity': 40.1, 'pressure': 1009.8}
2026-03-25 23:51:51,819 - INFO - 雨量传感器数据: {'instantaneous_rainfall': 0.0, 'current_hour_rainfall': 1.6, 'previous_hour_rainfall': 2.4}
2026-03-25 23:51:52,992 - INFO - 风向传感器数据: {'wind_direction': '东南', 'wind_angle': 159.7}
2026-03-25 23:51:54,163 - INFO - 风速传感器数据: {'wind_speed': 0.0, 'wind_level': 0}
2026-03-25 23:51:54,166 - INFO - 数据写入InfluxDB成功
2026-03-25 23:51:54,166 - INFO - 等待 56 秒到下一个采集时间点（每分钟第50秒）...
2026-03-25 23:52:50,326 - INFO - 温度传感器数据: {'temperature': 21.7, 'humidity': 40.1, 'pressure': 1009.7}
2026-03-25 23:52:51,506 - INFO - 雨量传感器数据: {'instantaneous_rainfall': 0.0, 'current_hour_rainfall': 1.6, 'previous_hour_rainfall': 2.4}
2026-03-25 23:52:52,676 - INFO - 风向传感器数据: {'wind_direction': '东南', 'wind_angle': 159.5}
2026-03-25 23:52:53,820 - INFO - 风速传感器数据: {'wind_speed': 0.0, 'wind_level': 0}
2026-03-25 23:52:53,824 - INFO - 数据写入InfluxDB成功
2026-03-25 23:52:53,825 - INFO - 等待 57 秒到下一个采集时间点（每分钟第50秒）...
2026-03-25 23:53:50,974 - INFO - 温度传感器数据: {'temperature': 21.7, 'humidity': 40.3, 'pressure': 1009.8}
2026-03-25 23:53:52,165 - INFO - 雨量传感器数据: {'instantaneous_rainfall': 0.0, 'current_hour_rainfall': 1.6, 'previous_hour_rainfall': 2.4}
2026-03-25 23:53:53,356 - INFO - 风向传感器数据: {'wind_direction': '东南', 'wind_angle': 159.7}
2026-03-25 23:53:54,500 - INFO - 风速传感器数据: {'wind_speed': 0.0, 'wind_level': 0}
2026-03-25 23:53:54,505 - INFO - 数据写入InfluxDB成功
2026-03-25 23:53:54,505 - INFO - 等待 56 秒到下一个采集时间点（每分钟第50秒）...
2026-03-25 23:54:50,653 - INFO - 温度传感器数据: {'temperature': 21.7, 'humidity': 40.5, 'pressure': 1009.7}
2026-03-25 23:54:51,839 - INFO - 雨量传感器数据: {'instantaneous_rainfall': 0.0, 'current_hour_rainfall': 1.6, 'previous_hour_rainfall': 2.4}
2026-03-25 23:54:53,023 - INFO - 风向传感器数据: {'wind_direction': '东南', 'wind_angle': 159.3}
2026-03-25 23:54:54,187 - INFO - 风速传感器数据: {'wind_speed': 0.0, 'wind_level': 0}
2026-03-25 23:54:54,191 - INFO - 数据写入InfluxDB成功
2026-03-25 23:54:54,191 - INFO - 等待 56 秒到下一个采集时间点（每分钟第50秒）...
2026-03-25 23:55:50,347 - INFO - 温度传感器数据: {'temperature': 21.7, 'humidity': 40.7, 'pressure': 1009.7}
2026-03-25 23:55:51,541 - INFO - 雨量传感器数据: {'instantaneous_rainfall': 0.0, 'current_hour_rainfall': 1.6, 'previous_hour_rainfall': 2.4}
2026-03-25 23:55:52,719 - INFO - 风向传感器数据: {'wind_direction': '东南', 'wind_angle': 159.7}
2026-03-25 23:55:53,880 - INFO - 风速传感器数据: {'wind_speed': 0.0, 'wind_level': 0}
2026-03-25 23:55:53,885 - INFO - 数据写入InfluxDB成功
2026-03-25 23:55:53,885 - INFO - 等待 57 秒到下一个采集时间点（每分钟第50秒）...
2026-03-25 23:56:51,026 - INFO - 温度传感器数据: {'temperature': 21.7, 'humidity': 40.8, 'pressure': 1009.7}
2026-03-25 23:56:52,216 - INFO - 雨量传感器数据: {'instantaneous_rainfall': 0.0, 'current_hour_rainfall': 1.6, 'previous_hour_rainfall': 2.4}
2026-03-25 23:56:53,399 - INFO - 风向传感器数据: {'wind_direction': '东南', 'wind_angle': 159.6}
2026-03-25 23:56:54,555 - INFO - 风速传感器数据: {'wind_speed': 0.0, 'wind_level': 0}
2026-03-25 23:56:54,560 - INFO - 数据写入InfluxDB成功
2026-03-25 23:56:54,560 - INFO - 等待 56 秒到下一个采集时间点（每分钟第50秒）...
2026-03-25 23:57:50,714 - INFO - 温度传感器数据: {'temperature': 21.7, 'humidity': 41.0, 'pressure': 1009.7}
2026-03-25 23:57:51,907 - INFO - 雨量传感器数据: {'instantaneous_rainfall': 0.0, 'current_hour_rainfall': 1.6, 'previous_hour_rainfall': 2.4}
2026-03-25 23:57:53,093 - INFO - 风向传感器数据: {'wind_direction': '东南', 'wind_angle': 159.5}
2026-03-25 23:57:54,248 - INFO - 风速传感器数据: {'wind_speed': 0.0, 'wind_level': 0}
2026-03-25 23:57:54,251 - INFO - 数据写入InfluxDB成功
2026-03-25 23:57:54,251 - INFO - 等待 56 秒到下一个采集时间点（每分钟第50秒）...
2026-03-25 23:58:50,414 - INFO - 温度传感器数据: {'temperature': 21.7, 'humidity': 41.1, 'pressure': 1009.7}
2026-03-25 23:58:51,610 - INFO - 雨量传感器数据: {'instantaneous_rainfall': 0.0, 'current_hour_rainfall': 1.6, 'previous_hour_rainfall': 2.4}
2026-03-25 23:58:52,802 - INFO - 风向传感器数据: {'wind_direction': '东南', 'wind_angle': 159.6}
2026-03-25 23:58:53,949 - INFO - 风速传感器数据: {'wind_speed': 0.0, 'wind_level': 0}
2026-03-25 23:58:53,953 - INFO - 数据写入InfluxDB成功
2026-03-25 23:58:53,953 - INFO - 等待 57 秒到下一个采集时间点（每分钟第50秒）...
2026-03-25 23:59:51,098 - INFO - 温度传感器数据: {'temperature': 21.7, 'humidity': 41.2, 'pressure': 1009.7}
2026-03-25 23:59:52,302 - INFO - 雨量传感器数据: {'instantaneous_rainfall': 0.0, 'current_hour_rainfall': 0.0, 'previous_hour_rainfall': 1.6}
2026-03-25 23:59:53,485 - INFO - 风向传感器数据: {'wind_direction': '东南', 'wind_angle': 159.6}
2026-03-25 23:59:54,642 - INFO - 风速传感器数据: {'wind_speed': 0.0, 'wind_level': 0}
2026-03-25 23:59:54,648 - INFO - 数据写入InfluxDB成功
2026-03-25 23:59:54,648 - INFO - 等待 56 秒到下一个采集时间点（每分钟第50秒）...
2026-03-26 00:00:50,801 - INFO - 温度传感器数据: {'temperature': 21.7, 'humidity': 41.2, 'pressure': 1009.7}
2026-03-26 00:00:51,994 - INFO - 雨量传感器数据: {'instantaneous_rainfall': 0.0, 'current_hour_rainfall': 0.0, 'previous_hour_rainfall': 1.6}
2026-03-26 00:00:53,186 - INFO - 风向传感器数据: {'wind_direction': '东南', 'wind_angle': 159.5}
2026-03-26 00:00:54,343 - INFO - 风速传感器数据: {'wind_speed': 0.0, 'wind_level': 0}
2026-03-26 00:00:54,348 - INFO - 数据写入InfluxDB成功
2026-03-26 00:00:54,348 - INFO - 等待 56 秒到下一个采集时间点（每分钟第50秒）...
2026-03-26 00:01:50,504 - INFO - 温度传感器数据: {'temperature': 21.8, 'humidity': 41.2, 'pressure': 1009.7}
2026-03-26 00:01:51,687 - INFO - 雨量传感器数据: {'instantaneous_rainfall': 0.0, 'current_hour_rainfall': 0.0, 'previous_hour_rainfall': 1.6}
2026-03-26 00:01:52,869 - INFO - 风向传感器数据: {'wind_direction': '东南', 'wind_angle': 159.5}
2026-03-26 00:01:54,019 - INFO - 风速传感器数据: {'wind_speed': 0.0, 'wind_level': 0}
2026-03-26 00:01:54,024 - INFO - 数据写入InfluxDB成功
2026-03-26 00:01:54,024 - INFO - 等待 56 秒到下一个采集时间点（每分钟第50秒）...
2026-03-26 00:02:29,915 - INFO - 接收到中断信号，程序退出
2026-03-26 00:02:29,916 - INFO - InfluxDB连接已关闭
2026-03-26 00:27:40,842 - INFO - 小时统计结果 [2026-03-26 00:00]: {'time': datetime.datetime(2026, 3, 25, 16, 0, tzinfo=datetime.timezone.utc), 'temperature': np.float64(21.7), 'humidity': np.float64(41.2), 'pressure': np.float64(1009.7), 'temperature_max': 22.2, 'temperature_min': 21.6, 'hourly_rainfall': np.float64(1.6), 'max_instantaneous_rainfall': 0.4, 'max_wind_level': 0.0, 'max_wind_speed': 0.0, 'wind_speed_2min': np.float64(0.0), 'wind_angle_2min': 159.6, 'wind_direction_2min': '南南东风', 'wind_speed_10min': np.float64(0.0), 'wind_angle_10min': 159.59000010417924, 'wind_direction_10min': '南南东风'}
2026-03-26 00:28:05,939 - INFO - 小时统计结果 [2026-03-26 00:00]: {'time': datetime.datetime(2026, 3, 25, 16, 0, tzinfo=datetime.timezone.utc), 'temperature': np.float64(21.7), 'humidity': np.float64(41.2), 'pressure': np.float64(1009.7), 'temperature_max': 22.2, 'temperature_min': 21.6, 'hourly_rainfall': np.float64(1.6), 'max_instantaneous_rainfall': 2.2, 'max_wind_level': 1.0, 'max_wind_speed': 1.4, 'wind_speed_2min': np.float64(0.0), 'wind_angle_2min': 159.6, 'wind_direction_2min': '南南东风', 'wind_speed_10min': np.float64(0.0), 'wind_angle_10min': 159.59000010417924, 'wind_direction_10min': '南南东风'}
2026-03-26 00:28:27,593 - INFO - 小时统计结果 [2026-03-26 00:00]: {'time': datetime.datetime(2026, 3, 25, 16, 0, tzinfo=datetime.timezone.utc), 'temperature': np.float64(21.7), 'humidity': np.float64(41.2), 'pressure': np.float64(1009.7), 'temperature_max': 22.6, 'temperature_min': 21.6, 'hourly_rainfall': np.float64(1.6), 'max_instantaneous_rainfall': 2.2, 'max_wind_level': 1.0, 'max_wind_speed': 1.4, 'wind_speed_2min': np.float64(0.0), 'wind_angle_2min': 159.6, 'wind_direction_2min': '南南东风', 'wind_speed_10min': np.float64(0.0), 'wind_angle_10min': 159.59000010417924, 'wind_direction_10min': '南南东风'}
2026-03-26 00:46:43,231 - INFO - 温度传感器初始化成功
2026-03-26 00:46:43,231 - INFO - 雨量传感器初始化成功
2026-03-26 00:46:43,231 - INFO - 风向传感器初始化成功
2026-03-26 00:46:43,231 - INFO - 风速传感器初始化成功
2026-03-26 00:46:43,231 - INFO - 气象数据采集程序启动
2026-03-26 00:46:43,231 - INFO - InfluxDB连接成功
2026-03-26 00:46:43,231 - INFO - 等待 7 秒到下一个采集时间点（每分钟第50秒）...
2026-03-26 00:46:50,388 - INFO - 温度传感器数据: {'temperature': 22.2, 'humidity': 40.6, 'pressure': 1009.4}
2026-03-26 00:46:51,567 - INFO - 雨量传感器数据: {'instantaneous_rainfall': 0.0, 'current_hour_rainfall': 0.0, 'previous_hour_rainfall': 1.6}
2026-03-26 00:46:52,755 - INFO - 风向传感器数据: {'wind_direction': '东南', 'wind_angle': 159.7}
2026-03-26 00:46:53,900 - INFO - 风速传感器数据: {'wind_speed': 0.3, 'wind_level': 1}
2026-03-26 00:46:53,911 - INFO - 数据写入InfluxDB成功
2026-03-26 00:46:53,911 - INFO - 等待 57 秒到下一个采集时间点（每分钟第50秒）...
2026-03-26 00:47:51,062 - INFO - 温度传感器数据: {'temperature': 22.2, 'humidity': 40.5, 'pressure': 1009.5}
2026-03-26 00:47:52,234 - INFO - 雨量传感器数据: {'instantaneous_rainfall': 0.3, 'current_hour_rainfall': 0.3, 'previous_hour_rainfall': 1.6}
2026-03-26 00:47:53,421 - INFO - 风向传感器数据: {'wind_direction': '东南', 'wind_angle': 159.6}
2026-03-26 00:47:54,560 - INFO - 风速传感器数据: {'wind_speed': 0.0, 'wind_level': 0}
2026-03-26 00:47:54,564 - INFO - 数据写入InfluxDB成功
2026-03-26 00:47:54,565 - INFO - 等待 56 秒到下一个采集时间点（每分钟第50秒）...
2026-03-26 00:48:50,727 - INFO - 温度传感器数据: {'temperature': 22.2, 'humidity': 40.4, 'pressure': 1009.5}
2026-03-26 00:48:51,919 - INFO - 雨量传感器数据: {'instantaneous_rainfall': 0.0, 'current_hour_rainfall': 0.3, 'previous_hour_rainfall': 1.6}
2026-03-26 00:48:53,102 - INFO - 风向传感器数据: {'wind_direction': '东南', 'wind_angle': 159.8}
2026-03-26 00:48:54,255 - INFO - 风速传感器数据: {'wind_speed': 0.0, 'wind_level': 0}
2026-03-26 00:48:54,258 - INFO - 数据写入InfluxDB成功
2026-03-26 00:48:54,258 - INFO - 等待 56 秒到下一个采集时间点（每分钟第50秒）...
2026-03-26 00:49:50,412 - INFO - 温度传感器数据: {'temperature': 22.2, 'humidity': 40.3, 'pressure': 1009.5}
2026-03-26 00:49:51,617 - INFO - 雨量传感器数据: {'instantaneous_rainfall': 0.0, 'current_hour_rainfall': 0.3, 'previous_hour_rainfall': 1.6}
2026-03-26 00:49:52,794 - INFO - 风向传感器数据: {'wind_direction': '东南', 'wind_angle': 159.8}
2026-03-26 00:49:53,958 - INFO - 风速传感器数据: {'wind_speed': 0.0, 'wind_level': 0}
2026-03-26 00:49:53,963 - INFO - 数据写入InfluxDB成功
2026-03-26 00:49:53,963 - INFO - 等待 57 秒到下一个采集时间点（每分钟第50秒）...
2026-03-26 00:50:51,120 - INFO - 温度传感器数据: {'temperature': 22.2, 'humidity': 40.2, 'pressure': 1009.5}
2026-03-26 00:50:52,310 - INFO - 雨量传感器数据: {'instantaneous_rainfall': 0.0, 'current_hour_rainfall': 0.3, 'previous_hour_rainfall': 1.6}
2026-03-26 00:50:53,494 - INFO - 风向传感器数据: {'wind_direction': '东南', 'wind_angle': 159.7}
2026-03-26 00:50:54,641 - INFO - 风速传感器数据: {'wind_speed': 0.0, 'wind_level': 0}
2026-03-26 00:50:54,647 - INFO - 数据写入InfluxDB成功
2026-03-26 00:50:54,647 - INFO - 等待 56 秒到下一个采集时间点（每分钟第50秒）...
2026-03-26 00:51:50,805 - INFO - 温度传感器数据: {'temperature': 22.1, 'humidity': 40.2, 'pressure': 1009.5}
2026-03-26 00:51:51,993 - INFO - 雨量传感器数据: {'instantaneous_rainfall': 0.0, 'current_hour_rainfall': 0.3, 'previous_hour_rainfall': 1.6}
2026-03-26 00:51:53,170 - INFO - 风向传感器数据: {'wind_direction': '东南', 'wind_angle': 159.8}
2026-03-26 00:51:54,330 - INFO - 风速传感器数据: {'wind_speed': 0.0, 'wind_level': 0}
2026-03-26 00:51:54,333 - INFO - 数据写入InfluxDB成功
2026-03-26 00:51:54,334 - INFO - 等待 56 秒到下一个采集时间点（每分钟第50秒）...
2026-03-26 00:52:50,480 - INFO - 温度传感器数据: {'temperature': 22.1, 'humidity': 40.2, 'pressure': 1009.5}
2026-03-26 00:52:51,676 - INFO - 雨量传感器数据: {'instantaneous_rainfall': 0.0, 'current_hour_rainfall': 0.3, 'previous_hour_rainfall': 1.6}
2026-03-26 00:52:52,859 - INFO - 风向传感器数据: {'wind_direction': '东南', 'wind_angle': 159.2}
2026-03-26 00:52:54,009 - INFO - 风速传感器数据: {'wind_speed': 0.0, 'wind_level': 0}
2026-03-26 00:52:54,013 - INFO - 数据写入InfluxDB成功
2026-03-26 00:52:54,013 - INFO - 等待 56 秒到下一个采集时间点（每分钟第50秒）...
2026-03-26 00:53:50,161 - INFO - 温度传感器数据: {'temperature': 22.2, 'humidity': 40.2, 'pressure': 1009.5}
2026-03-26 00:53:51,365 - INFO - 雨量传感器数据: {'instantaneous_rainfall': 0.0, 'current_hour_rainfall': 0.3, 'previous_hour_rainfall': 1.6}
2026-03-26 00:53:52,550 - INFO - 风向传感器数据: {'wind_direction': '东南', 'wind_angle': 159.6}
2026-03-26 00:53:53,723 - INFO - 风速传感器数据: {'wind_speed': 0.0, 'wind_level': 0}
2026-03-26 00:53:53,727 - INFO - 数据写入InfluxDB成功
2026-03-26 00:53:53,727 - INFO - 等待 57 秒到下一个采集时间点（每分钟第50秒）...
2026-03-26 00:54:50,872 - INFO - 温度传感器数据: {'temperature': 22.1, 'humidity': 40.0, 'pressure': 1009.5}
2026-03-26 00:54:52,047 - INFO - 雨量传感器数据: {'instantaneous_rainfall': 0.0, 'current_hour_rainfall': 0.3, 'previous_hour_rainfall': 1.6}
2026-03-26 00:54:53,227 - INFO - 风向传感器数据: {'wind_direction': '东南', 'wind_angle': 159.6}
2026-03-26 00:54:54,374 - INFO - 风速传感器数据: {'wind_speed': 0.0, 'wind_level': 0}
2026-03-26 00:54:54,380 - INFO - 数据写入InfluxDB成功
2026-03-26 00:54:54,380 - INFO - 等待 56 秒到下一个采集时间点（每分钟第50秒）...
2026-03-26 00:55:50,538 - INFO - 温度传感器数据: {'temperature': 22.2, 'humidity': 39.9, 'pressure': 1009.5}
2026-03-26 00:55:51,743 - INFO - 雨量传感器数据: {'instantaneous_rainfall': 0.0, 'current_hour_rainfall': 0.3, 'previous_hour_rainfall': 1.6}
2026-03-26 00:55:52,930 - INFO - 风向传感器数据: {'wind_direction': '东南', 'wind_angle': 159.6}
2026-03-26 00:55:54,086 - INFO - 风速传感器数据: {'wind_speed': 0.0, 'wind_level': 0}
2026-03-26 00:55:54,090 - INFO - 数据写入InfluxDB成功
2026-03-26 00:55:54,090 - INFO - 等待 56 秒到下一个采集时间点（每分钟第50秒）...
2026-03-26 00:56:50,245 - INFO - 温度传感器数据: {'temperature': 22.1, 'humidity': 39.7, 'pressure': 1009.6}
2026-03-26 00:56:51,440 - INFO - 雨量传感器数据: {'instantaneous_rainfall': 0.0, 'current_hour_rainfall': 0.3, 'previous_hour_rainfall': 1.6}
2026-03-26 00:56:52,622 - INFO - 风向传感器数据: {'wind_direction': '东南', 'wind_angle': 159.2}
2026-03-26 00:56:53,780 - INFO - 风速传感器数据: {'wind_speed': 0.0, 'wind_level': 0}
2026-03-26 00:56:53,788 - INFO - 数据写入InfluxDB成功
2026-03-26 00:56:53,788 - INFO - 等待 57 秒到下一个采集时间点（每分钟第50秒）...
2026-03-26 00:57:50,943 - INFO - 温度传感器数据: {'temperature': 22.1, 'humidity': 39.6, 'pressure': 1009.6}
2026-03-26 00:57:52,118 - INFO - 雨量传感器数据: {'instantaneous_rainfall': 0.0, 'current_hour_rainfall': 0.3, 'previous_hour_rainfall': 1.6}
2026-03-26 00:57:53,313 - INFO - 风向传感器数据: {'wind_direction': '东南', 'wind_angle': 159.3}
2026-03-26 00:57:54,470 - INFO - 风速传感器数据: {'wind_speed': 0.0, 'wind_level': 0}
2026-03-26 00:57:54,474 - INFO - 数据写入InfluxDB成功
2026-03-26 00:57:54,474 - INFO - 等待 56 秒到下一个采集时间点（每分钟第50秒）...
2026-03-26 00:58:50,479 - ERROR - 读取温度传感器失败: could not open port 'COM3': FileNotFoundError(2, '系统找不到指定的文件。', None, 2)
2026-03-26 00:58:50,479 - ERROR - 读取雨量传感器失败: could not open port 'COM3': FileNotFoundError(2, '系统找不到指定的文件。', None, 2)
2026-03-26 00:58:51,663 - INFO - 风向传感器数据: {'wind_direction': '东南', 'wind_angle': 159.6}
2026-03-26 00:58:52,824 - INFO - 风速传感器数据: {'wind_speed': 0.0, 'wind_level': 0}
2026-03-26 00:58:52,828 - INFO - 数据写入InfluxDB成功
2026-03-26 00:58:52,828 - INFO - 等待 58 秒到下一个采集时间点（每分钟第50秒）...
2026-03-26 00:59:50,976 - INFO - 温度传感器数据: {'temperature': 21.9, 'humidity': 39.9, 'pressure': 1009.5}
2026-03-26 00:59:52,178 - INFO - 雨量传感器数据: {'instantaneous_rainfall': 0.0, 'current_hour_rainfall': 0.0, 'previous_hour_rainfall': 0.0}
2026-03-26 00:59:53,365 - INFO - 风向传感器数据: {'wind_direction': '东南', 'wind_angle': 160.1}
2026-03-26 00:59:54,521 - INFO - 风速传感器数据: {'wind_speed': 0.0, 'wind_level': 0}
2026-03-26 00:59:54,524 - INFO - 数据写入InfluxDB成功
2026-03-26 00:59:54,524 - INFO - 等待 56 秒到下一个采集时间点（每分钟第50秒）...
2026-03-26 01:00:50,671 - INFO - 温度传感器数据: {'temperature': 21.9, 'humidity': 39.8, 'pressure': 1009.5}
2026-03-26 01:00:51,852 - INFO - 雨量传感器数据: {'instantaneous_rainfall': 0.0, 'current_hour_rainfall': 0.0, 'previous_hour_rainfall': 0.0}
2026-03-26 01:00:53,026 - INFO - 风向传感器数据: {'wind_direction': '东南', 'wind_angle': 159.6}
2026-03-26 01:00:54,165 - INFO - 风速传感器数据: {'wind_speed': 0.0, 'wind_level': 0}
2026-03-26 01:00:54,170 - INFO - 数据写入InfluxDB成功
2026-03-26 01:00:54,171 - INFO - 等待 56 秒到下一个采集时间点（每分钟第50秒）...
2026-03-26 01:01:13,309 - INFO - 接收到中断信号，程序退出
2026-03-26 01:01:13,310 - INFO - InfluxDB连接已关闭
2026-03-26 20:06:41,134 - INFO - 小时统计结果 [2026-03-26 00:00]: {'time': datetime.datetime(2026, 3, 25, 16, 0, tzinfo=datetime.timezone.utc), 'temperature': np.float64(21.7), 'humidity': np.float64(41.2), 'pressure': np.float64(1009.7), 'temperature_max': 22.2, 'temperature_min': 21.6, 'hourly_rainfall': np.float64(1.6), 'max_instantaneous_rainfall': 0.4, 'max_wind_level': 0.0, 'max_wind_speed': 0.0, 'wind_speed_2min': np.float64(0.0), 'wind_angle_2min': 159.6, 'wind_direction_2min': '南南东风', 'wind_speed_10min': np.float64(0.0), 'wind_angle_10min': 159.59000010417924, 'wind_direction_10min': '南南东风'}
2026-03-26 20:07:31,893 - INFO - 59min 数据缺失，使用最近数据点 2026-03-26 01:00:00 的雨量 0.0
2026-03-26 20:07:31,895 - INFO - 小时统计结果 [2026-03-26 02:00]: {'time': datetime.datetime(2026, 3, 25, 18, 0, tzinfo=datetime.timezone.utc), 'temperature': -100.0, 'humidity': -100.0, 'pressure': -100.0, 'temperature_max': 21.9, 'temperature_min': 21.9, 'hourly_rainfall': np.float64(0.0), 'max_instantaneous_rainfall': 0.0, 'max_wind_level': 0.0, 'max_wind_speed': 0.0, 'wind_angle_2min': -100.0, 'wind_direction_2min': -100.0, 'wind_angle_10min': -100.0, 'wind_direction_10min': -100.0}
2026-03-26 20:07:50,988 - INFO - 小时统计结果 [2026-03-26 01:00]: {'time': datetime.datetime(2026, 3, 25, 17, 0, tzinfo=datetime.timezone.utc), 'temperature': np.float64(21.9), 'humidity': np.float64(39.9), 'pressure': np.float64(1009.5), 'temperature_max': 22.2, 'temperature_min': 21.7, 'hourly_rainfall': np.float64(0.3), 'max_instantaneous_rainfall': 0.3, 'max_wind_level': 1.0, 'max_wind_speed': 0.3, 'wind_speed_2min': np.float64(0.0), 'wind_angle_2min': 159.85, 'wind_direction_2min': '南南东风', 'wind_speed_10min': np.float64(0.0), 'wind_angle_10min': 159.5699997849399, 'wind_direction_10min': '南南东风'}
2026-04-02 00:02:19,203 - INFO - 风向传感器 InfluxDB 连接成功
2026-04-02 00:02:19,220 - INFO - 风向秒级采集线程启动
2026-04-02 00:02:19,257 - INFO - 风向秒级采集线程退出
2026-04-02 00:02:19,258 - INFO - 风向采集已停止
2026-04-02 00:03:09,810 - INFO - 风向传感器 InfluxDB 连接成功
2026-04-02 00:03:09,810 - INFO - 风向秒级采集线程启动
2026-04-02 00:04:01,113 - INFO - 风向秒级采集线程退出
2026-04-02 00:04:01,115 - INFO - 风向采集已停止
2026-04-02 00:07:48,874 - INFO - 风向传感器 InfluxDB 连接成功
2026-04-02 00:07:48,874 - INFO - 风向秒级采集线程启动
2026-04-02 00:07:48,874 - WARNING - 风向串口不可用（已失败 1 次）: could not open port 'COM4': FileNotFoundError(2, '系统找不到指定的文件。', None, 2)
2026-04-02 00:07:57,210 - INFO - 风向串口恢复正常
2026-04-02 00:08:09,750 - WARNING - 风向串口不可用（已失败 1 次）: GetOverlappedResult failed (PermissionError(13, '拒绝访问。', None, 5))
2026-04-02 00:08:23,404 - INFO - 风向串口恢复正常
2026-04-02 00:08:43,594 - INFO - 风向秒级采集线程退出
2026-04-02 00:08:43,595 - INFO - 风向采集已停止
2026-04-02 00:26:22,982 - INFO - 风向传感器 InfluxDB 连接成功
2026-04-02 00:26:22,983 - INFO - 风向秒级采集线程启动
2026-04-02 00:26:29,283 - WARNING - 风向串口不可用（已失败 1 次）: GetOverlappedResult failed (PermissionError(13, '拒绝访问。', None, 5))
2026-04-02 00:26:39,195 - INFO - 风向串口恢复正常
2026-04-02 00:27:08,817 - INFO - 风向秒级采集线程退出
2026-04-02 00:27:08,818 - INFO - 风向采集已停止
2026-04-02 00:39:26,920 - INFO - WindSockSensor InfluxDB 连接成功
2026-04-02 00:39:26,920 - INFO - WindSockSensor 秒级采集线程启动
2026-04-02 00:39:41,396 - WARNING - WindSockSensor 串口不可用（已失败 1 次）: GetOverlappedResult failed (PermissionError(13, '拒绝访问。', None, 5))
2026-04-02 00:39:47,402 - INFO - WindSockSensor 串口恢复正常
2026-04-02 00:39:52,143 - INFO - WindSockSensor 采集线程退出
2026-04-02 00:44:18,171 - INFO - WindSpeedSensor InfluxDB 连接成功
2026-04-02 00:44:18,171 - INFO - WindSpeedSensor 秒级采集线程启动
2026-04-02 00:45:24,431 - INFO - WindSpeedSensor 采集线程退出
2026-04-02 00:45:24,432 - INFO - WindSpeedSensor 采集已停止
2026-04-02 00:45:36,742 - INFO - WindSockSensor InfluxDB 连接成功
2026-04-02 00:45:36,742 - INFO - WindSockSensor 秒级采集线程启动
2026-04-02 00:45:47,428 - INFO - WindSockSensor 采集线程退出
2026-04-02 00:48:35,938 - INFO - RainSensor InfluxDB 连接成功
2026-04-02 00:48:35,938 - INFO - RainSensor 分钟级采集线程启动
2026-04-02 00:48:44,042 - INFO - RainSensor 采集线程退出
2026-04-02 00:48:44,043 - INFO - RainSensor 采集已停止
2026-04-02 00:48:48,050 - INFO - TemperatureSensor InfluxDB 连接成功
2026-04-02 00:48:48,050 - INFO - TemperatureSensor 分钟级采集线程启动
2026-04-02 00:48:50,050 - WARNING - TemperatureSensor 串口不可用（已失败 1 次）: could not open port 'COM3': FileNotFoundError(2, '系统找不到指定的文件。', None, 2)
2026-04-02 00:48:54,945 - INFO - TemperatureSensor 采集线程退出
2026-04-02 00:48:54,945 - INFO - TemperatureSensor 采集已停止
2026-04-02 00:54:45,557 - INFO - RainSensor InfluxDB 连接成功
2026-04-02 00:54:45,558 - INFO - RainSensor 分钟级采集线程启动
2026-04-02 00:55:00,564 - INFO - RainSensor 采集线程退出
2026-04-02 00:55:00,566 - INFO - RainSensor 采集已停止
2026-04-02 00:57:20,199 - INFO - RainSensor InfluxDB 连接成功
2026-04-02 00:57:20,199 - INFO - RainSensor 分钟级采集线程启动
2026-04-02 00:58:28,015 - INFO - RainSensor 采集线程退出
2026-04-02 00:58:28,016 - INFO - RainSensor 采集已停止
2026-04-02 00:59:33,724 - INFO - RainSensor InfluxDB 连接成功
2026-04-02 00:59:33,724 - INFO - RainSensor 分钟级采集线程启动
2026-04-02 01:00:33,432 - INFO - RainSensor InfluxDB 连接成功
2026-04-02 01:00:33,432 - INFO - RainSensor 分钟级采集线程启动
2026-04-02 01:00:58,665 - INFO - RainSensor 采集线程退出
2026-04-02 01:00:58,666 - INFO - RainSensor 采集已停止
2026-04-02 01:01:45,845 - INFO - TemperatureSensor InfluxDB 连接成功
2026-04-02 01:01:45,845 - INFO - TemperatureSensor 分钟级采集线程启动
2026-04-02 01:02:03,319 - INFO - TemperatureSensor 采集线程退出
2026-04-02 01:02:03,320 - INFO - TemperatureSensor 采集已停止
2026-04-02 01:02:37,017 - INFO - TemperatureSensor InfluxDB 连接成功
2026-04-02 01:02:37,017 - INFO - TemperatureSensor 分钟级采集线程启动
2026-04-02 01:02:42,059 - INFO - TemperatureSensor 采集线程退出
2026-04-02 01:02:42,059 - INFO - TemperatureSensor 采集已停止
2026-04-02 01:02:48,784 - INFO - TemperatureSensor InfluxDB 连接成功
2026-04-02 01:02:48,784 - INFO - TemperatureSensor 分钟级采集线程启动
2026-04-02 01:04:20,951 - INFO - TemperatureSensor 采集线程退出
2026-04-02 01:04:20,952 - INFO - TemperatureSensor 采集已停止
2026-04-02 01:09:02,626 - INFO - 气象数据采集程序启动
2026-04-02 01:09:02,631 - INFO - 综合 InfluxDB 连接成功
2026-04-02 01:09:02,631 - INFO - WindSockSensor InfluxDB 连接成功
2026-04-02 01:09:02,631 - INFO - WindSockSensor 秒级采集线程启动
2026-04-02 01:09:02,631 - INFO - WindSpeedSensor InfluxDB 连接成功
2026-04-02 01:09:02,633 - INFO - WindSpeedSensor 秒级采集线程启动
2026-04-02 01:09:02,633 - INFO - TemperatureSensor InfluxDB 连接成功
2026-04-02 01:09:02,633 - WARNING - WindSpeedSensor 串口不可用（已失败 1 次）: could not open port 'COM4': PermissionError(13, '拒绝访问。', None, 5)
2026-04-02 01:09:02,634 - INFO - TemperatureSensor 分钟级采集线程启动
2026-04-02 01:09:02,634 - INFO - RainSensor InfluxDB 连接成功
2026-04-02 01:09:02,634 - INFO - RainSensor 分钟级采集线程启动
2026-04-02 01:09:02,634 - INFO - 等待 48s 到每分钟第50秒...
2026-04-02 01:09:50,648 - WARNING - TemperatureSensor 串口不可用（已失败 1 次）: could not open port 'COM3': PermissionError(13, '拒绝访问。', None, 5)
2026-04-02 01:09:50,666 - ERROR - 综合数据写入失败: (404)
Reason: Not Found
HTTP response headers: HTTPHeaderDict({'Content-Type': 'application/json; charset=utf-8', 'X-Influxdb-Build': 'OSS', 'X-Influxdb-Version': 'v2.8.0', 'X-Platform-Error-Code': 'not found', 'Date': 'Wed, 01 Apr 2026 17:09:50 GMT', 'Content-Length': '66'})
HTTP response body: {"code":"not found","message":"bucket \"weather_1min\" not found"}

2026-04-02 01:09:50,666 - INFO - 等待 60s 到每分钟第50秒...
2026-04-02 01:10:01,934 - WARNING - WindSpeedSensor 串口不可用（已失败 60 次）: could not open port 'COM4': PermissionError(13, '拒绝访问。', None, 5)
2026-04-02 01:14:12,997 - INFO - 气象数据采集程序启动
2026-04-02 01:14:12,997 - INFO - 综合 InfluxDB 连接成功
2026-04-02 01:14:12,997 - INFO - WindSockSensor InfluxDB 连接成功
2026-04-02 01:14:13,005 - INFO - WindSockSensor 秒级采集线程启动
2026-04-02 01:14:13,005 - INFO - WindSpeedSensor InfluxDB 连接成功
2026-04-02 01:14:13,005 - INFO - WindSpeedSensor 秒级采集线程启动
2026-04-02 01:14:13,005 - INFO - TemperatureSensor InfluxDB 连接成功
2026-04-02 01:14:13,006 - INFO - TemperatureSensor 分钟级采集线程启动
2026-04-02 01:14:13,006 - INFO - RainSensor InfluxDB 连接成功
2026-04-02 01:14:13,007 - INFO - RainSensor 分钟级采集线程启动
2026-04-02 01:14:13,007 - INFO - 等待 37s 到每分钟第50秒...
2026-04-02 01:14:50,011 - INFO - 接收到中断信号，程序退出
2026-04-02 01:14:51,632 - INFO - WindSockSensor 采集线程退出
2026-04-02 01:14:51,632 - INFO - WindSockSensor 采集已停止
2026-04-02 01:14:52,789 - INFO - WindSpeedSensor 采集线程退出
2026-04-02 01:14:52,790 - INFO - WindSpeedSensor 采集已停止
2026-04-02 01:14:52,790 - INFO - TemperatureSensor 采集线程退出
2026-04-02 01:14:52,790 - INFO - TemperatureSensor 采集已停止
2026-04-02 01:14:52,791 - INFO - RainSensor 采集线程退出
2026-04-02 01:14:52,791 - INFO - RainSensor 采集已停止
2026-04-02 01:14:52,792 - INFO - 资源已释放，程序退出
2026-04-02 01:15:51,174 - INFO - 气象数据采集程序启动
2026-04-02 01:15:51,185 - INFO - 综合 InfluxDB 连接成功
2026-04-02 01:15:51,185 - INFO - WindSockSensor InfluxDB 连接成功
2026-04-02 01:15:51,185 - INFO - WindSockSensor 秒级采集线程启动
2026-04-02 01:15:51,185 - INFO - WindSpeedSensor InfluxDB 连接成功
2026-04-02 01:15:51,187 - INFO - WindSpeedSensor 秒级采集线程启动
2026-04-02 01:15:51,187 - INFO - TemperatureSensor InfluxDB 连接成功
2026-04-02 01:15:51,187 - INFO - TemperatureSensor 分钟级采集线程启动
2026-04-02 01:15:51,188 - INFO - RainSensor InfluxDB 连接成功
2026-04-02 01:15:51,189 - INFO - RainSensor 分钟级采集线程启动
2026-04-02 01:15:51,189 - INFO - 等待 59s 到每分钟第50秒...
2026-04-02 01:16:50,190 - INFO - 接收到中断信号，程序退出
2026-04-02 01:16:50,815 - INFO - WindSockSensor 采集线程退出
2026-04-02 01:16:50,816 - INFO - WindSockSensor 采集已停止
2026-04-02 01:16:51,978 - INFO - WindSpeedSensor 采集线程退出
2026-04-02 01:16:51,978 - INFO - WindSpeedSensor 采集已停止
2026-04-02 01:16:51,979 - INFO - TemperatureSensor 采集线程退出
2026-04-02 01:16:51,979 - INFO - TemperatureSensor 采集已停止
2026-04-02 01:16:51,979 - INFO - RainSensor 采集线程退出
2026-04-02 01:16:51,980 - INFO - RainSensor 采集已停止
2026-04-02 01:16:51,980 - INFO - 资源已释放，程序退出
2026-04-02 01:18:56,554 - INFO - 气象数据采集程序启动
2026-04-02 01:18:56,561 - INFO - 综合 InfluxDB 连接成功
2026-04-02 01:18:56,561 - INFO - WindSockSensor InfluxDB 连接成功
2026-04-02 01:18:56,562 - INFO - WindSockSensor 秒级采集线程启动
2026-04-02 01:18:56,562 - INFO - WindSpeedSensor InfluxDB 连接成功
2026-04-02 01:18:56,563 - INFO - WindSpeedSensor 秒级采集线程启动
2026-04-02 01:18:56,563 - INFO - TemperatureSensor InfluxDB 连接成功
2026-04-02 01:18:56,563 - INFO - TemperatureSensor 分钟级采集线程启动
2026-04-02 01:18:56,563 - INFO - RainSensor InfluxDB 连接成功
2026-04-02 01:18:56,564 - INFO - RainSensor 分钟级采集线程启动
2026-04-02 01:18:56,564 - INFO - 等待 54s 到每分钟第50秒...
2026-04-02 01:19:01,597 - INFO - 接收到中断信号，程序退出
2026-04-02 01:19:02,416 - INFO - WindSockSensor 采集线程退出
2026-04-02 01:19:08,127 - INFO - 气象数据采集程序启动
2026-04-02 01:19:08,134 - INFO - 综合 InfluxDB 连接成功
2026-04-02 01:19:08,134 - INFO - WindSockSensor InfluxDB 连接成功
2026-04-02 01:19:08,134 - INFO - WindSockSensor 秒级采集线程启动
2026-04-02 01:19:08,134 - INFO - WindSpeedSensor InfluxDB 连接成功
2026-04-02 01:19:08,135 - INFO - WindSpeedSensor 秒级采集线程启动
2026-04-02 01:19:08,136 - INFO - TemperatureSensor InfluxDB 连接成功
2026-04-02 01:19:08,136 - INFO - TemperatureSensor 分钟级采集线程启动
2026-04-02 01:19:08,136 - INFO - RainSensor InfluxDB 连接成功
2026-04-02 01:19:08,136 - INFO - RainSensor 分钟级采集线程启动
2026-04-02 01:19:08,137 - INFO - 等待 42s 到每分钟第50秒...
2026-04-02 01:19:50,363 - ERROR - 综合数据写入失败: (404)
Reason: Not Found
HTTP response headers: HTTPHeaderDict({'Content-Type': 'application/json; charset=utf-8', 'X-Influxdb-Build': 'OSS', 'X-Influxdb-Version': 'v2.8.0', 'X-Platform-Error-Code': 'not found', 'Date': 'Wed, 01 Apr 2026 17:19:50 GMT', 'Content-Length': '66'})
HTTP response body: {"code":"not found","message":"bucket \"weather_1min\" not found"}

2026-04-02 01:19:50,363 - INFO - 等待 60s 到每分钟第50秒...
2026-04-02 01:20:07,483 - INFO - 接收到中断信号，程序退出
2026-04-02 01:20:07,744 - INFO - WindSockSensor 采集线程退出
2026-04-02 01:20:07,744 - INFO - WindSockSensor 采集已停止
2026-04-02 01:20:08,895 - INFO - WindSpeedSensor 采集线程退出
2026-04-02 01:20:08,896 - INFO - WindSpeedSensor 采集已停止
2026-04-02 01:20:08,896 - INFO - TemperatureSensor 采集线程退出
2026-04-02 01:20:08,896 - INFO - TemperatureSensor 采集已停止
2026-04-02 01:20:08,896 - INFO - RainSensor 采集线程退出
2026-04-02 01:20:08,897 - INFO - RainSensor 采集已停止
2026-04-02 01:20:08,897 - INFO - 资源已释放，程序退出
2026-04-02 01:21:10,100 - INFO - 气象数据采集程序启动
2026-04-02 01:21:10,107 - INFO - 综合 InfluxDB 连接成功
2026-04-02 01:21:10,107 - INFO - WindSockSensor InfluxDB 连接成功
2026-04-02 01:21:10,107 - INFO - WindSockSensor 秒级采集线程启动
2026-04-02 01:21:10,110 - INFO - WindSpeedSensor InfluxDB 连接成功
2026-04-02 01:21:10,110 - INFO - WindSpeedSensor 秒级采集线程启动
2026-04-02 01:21:10,110 - INFO - TemperatureSensor InfluxDB 连接成功
2026-04-02 01:21:10,111 - INFO - TemperatureSensor 分钟级采集线程启动
2026-04-02 01:21:10,111 - INFO - RainSensor InfluxDB 连接成功
2026-04-02 01:21:10,111 - INFO - RainSensor 分钟级采集线程启动
2026-04-02 01:22:18,682 - INFO - 接收到中断信号，程序退出
2026-04-02 01:22:20,389 - INFO - WindSockSensor 采集线程退出
2026-04-02 01:22:20,389 - INFO - WindSockSensor 采集已停止
2026-04-02 01:22:21,547 - INFO - WindSpeedSensor 采集线程退出
2026-04-02 01:22:21,548 - INFO - WindSpeedSensor 采集已停止
2026-04-02 01:22:21,548 - INFO - TemperatureSensor 采集线程退出
2026-04-02 01:22:21,548 - INFO - TemperatureSensor 采集已停止
2026-04-02 01:22:21,548 - INFO - RainSensor 采集线程退出
2026-04-02 01:22:21,549 - INFO - RainSensor 采集已停止
2026-04-02 01:22:21,549 - INFO - 资源已释放，程序退出
2026-04-02 01:22:40,774 - INFO - 气象数据采集程序启动
2026-04-02 01:22:40,781 - INFO - 综合 InfluxDB 连接成功
2026-04-02 01:22:40,781 - INFO - WindSockSensor InfluxDB 连接成功
2026-04-02 01:22:40,781 - INFO - WindSockSensor 秒级采集线程启动
2026-04-02 01:22:40,783 - INFO - WindSpeedSensor InfluxDB 连接成功
2026-04-02 01:22:40,783 - INFO - WindSpeedSensor 秒级采集线程启动
2026-04-02 01:22:40,785 - INFO - TemperatureSensor InfluxDB 连接成功
2026-04-02 01:22:40,785 - INFO - TemperatureSensor 分钟级采集线程启动
2026-04-02 01:22:40,785 - INFO - RainSensor InfluxDB 连接成功
2026-04-02 01:22:40,786 - INFO - RainSensor 分钟级采集线程启动
2026-04-02 01:22:45,335 - WARNING - WindSpeedSensor 串口不可用（已失败 1 次）: GetOverlappedResult failed (PermissionError(13, '拒绝访问。', None, 5))
2026-04-02 01:22:45,342 - WARNING - WindSockSensor 串口不可用（已失败 1 次）: could not open port 'COM4': FileNotFoundError(2, '系统找不到指定的文件。', None, 2)
2026-04-02 01:22:51,127 - INFO - WindSockSensor 串口恢复正常
2026-04-02 01:22:52,627 - INFO - WindSpeedSensor 串口恢复正常
2026-04-02 01:23:00,629 - INFO - 接收到中断信号，程序退出
2026-04-02 01:23:01,809 - INFO - WindSockSensor 采集线程退出
2026-04-02 01:23:01,810 - INFO - WindSockSensor 采集已停止
2026-04-02 01:23:02,970 - INFO - WindSpeedSensor 采集线程退出
2026-04-02 01:23:02,970 - INFO - WindSpeedSensor 采集已停止
2026-04-02 01:23:02,970 - INFO - TemperatureSensor 采集线程退出
2026-04-02 01:23:02,971 - INFO - TemperatureSensor 采集已停止
2026-04-02 01:23:02,971 - INFO - RainSensor 采集线程退出
2026-04-02 01:23:02,971 - INFO - RainSensor 采集已停止
2026-04-02 01:23:02,971 - INFO - 资源已释放，程序退出
2026-04-03 00:19:04,951 - INFO - 气象数据采集程序启动
2026-04-03 00:19:04,962 - INFO - 综合 InfluxDB 连接成功
2026-04-03 00:19:04,962 - INFO - WindSockSensor InfluxDB 连接成功
2026-04-03 00:19:04,967 - INFO - WindSockSensor 秒级采集线程启动
2026-04-03 00:19:04,967 - INFO - WindSpeedSensor InfluxDB 连接成功
2026-04-03 00:19:04,967 - INFO - WindSpeedSensor 秒级采集线程启动
2026-04-03 00:19:04,967 - INFO - TemperatureSensor InfluxDB 连接成功
2026-04-03 00:19:04,967 - INFO - TemperatureSensor 分钟级采集线程启动
2026-04-03 00:19:04,967 - INFO - RainSensor InfluxDB 连接成功
2026-04-03 00:19:04,967 - INFO - RainSensor 分钟级采集线程启动
2026-04-03 00:24:57,612 - WARNING - WindSpeedSensor 串口不可用（已失败 1 次）: GetOverlappedResult failed (PermissionError(13, '拒绝访问。', None, 5))
2026-04-03 00:24:57,668 - WARNING - WindSockSensor 串口不可用（已失败 1 次）: could not open port 'COM4': FileNotFoundError(2, '系统找不到指定的文件。', None, 2)
2026-04-03 00:25:50,385 - WARNING - RainSensor 串口不可用（已失败 1 次）: could not open port 'COM3': FileNotFoundError(2, '系统找不到指定的文件。', None, 2)
2026-04-03 00:25:50,668 - WARNING - TemperatureSensor 串口不可用（已失败 1 次）: could not open port 'COM3': FileNotFoundError(2, '系统找不到指定的文件。', None, 2)
2026-04-03 00:25:57,290 - WARNING - WindSpeedSensor 串口不可用（已失败 60 次）: could not open port 'COM4': FileNotFoundError(2, '系统找不到指定的文件。', None, 2)
2026-04-03 00:25:57,306 - WARNING - WindSockSensor 串口不可用（已失败 60 次）: could not open port 'COM4': FileNotFoundError(2, '系统找不到指定的文件。', None, 2)
2026-04-03 00:26:20,219 - INFO - WindSockSensor 串口恢复正常
2026-04-03 00:26:22,675 - INFO - WindSpeedSensor 串口恢复正常
2026-04-03 00:26:51,682 - INFO - RainSensor 串口恢复正常
2026-04-03 00:26:51,944 - INFO - TemperatureSensor 串口恢复正常
2026-04-03 01:13:01,795 - INFO - 接收到中断信号，程序退出
2026-04-03 01:13:04,112 - INFO - WindSockSensor 采集线程退出
2026-04-03 01:13:04,113 - INFO - WindSockSensor 采集已停止
2026-04-03 01:13:05,282 - INFO - WindSpeedSensor 采集线程退出
2026-04-03 01:13:05,282 - INFO - WindSpeedSensor 采集已停止
2026-04-03 01:13:05,282 - INFO - TemperatureSensor 采集线程退出
2026-04-03 01:13:05,282 - INFO - TemperatureSensor 采集已停止
2026-04-03 01:13:05,284 - INFO - RainSensor 采集线程退出
2026-04-03 01:13:05,285 - INFO - RainSensor 采集已停止
2026-04-03 01:13:05,285 - INFO - 资源已释放，程序退出
2026-04-10 00:36:56,555 - INFO - TemperatureSensor InfluxDB 连接成功
2026-04-10 00:36:56,555 - INFO - TemperatureSensor 分钟级采集线程启动
2026-04-10 00:36:58,173 - INFO - TemperatureSensor 采集线程退出
2026-04-10 00:36:58,174 - INFO - TemperatureSensor 采集已停止
2026-04-10 00:37:14,446 - INFO - TemperatureSensor InfluxDB 连接成功
2026-04-10 00:37:14,446 - INFO - TemperatureSensor 分钟级采集线程启动
2026-04-10 00:37:21,644 - INFO - TemperatureSensor 采集线程退出
2026-04-10 00:37:21,645 - INFO - TemperatureSensor 采集已停止
2026-04-10 00:38:29,358 - INFO - WindSockSensor InfluxDB 连接成功
2026-04-10 00:38:29,359 - INFO - WindSockSensor 秒级采集线程启动
2026-04-10 00:38:29,391 - WARNING - WindSockSensor 串口不可用（已失败 1 次）: could not open port 'COM4': FileNotFoundError(2, '系统找不到指定的文件。', None, 2)
2026-04-10 00:38:33,500 - INFO - WindSockSensor 采集线程退出
2026-04-10 00:38:33,502 - INFO - WindSockSensor 采集已停止
